2026-04-25 12:36:34 DEBUG o.a.tomcat.util.compat.Jre22Compat - Class not found so assuming code is running on a pre-Java 22 JVM
java.lang.ClassNotFoundException: java.text.ListFormat
	at java.base/jdk.internal.loader.BuiltinClassLoader.loadClass(BuiltinClassLoader.java:641)
	at java.base/jdk.internal.loader.ClassLoaders$AppClassLoader.loadClass(ClassLoaders.java:188)
	at java.base/java.lang.ClassLoader.loadClass(ClassLoader.java:526)
	at java.base/java.lang.Class.forName0(Native Method)
	at java.base/java.lang.Class.forName(Class.java:423)
	at java.base/java.lang.Class.forName(Class.java:414)
	at org.apache.tomcat.util.compat.Jre22Compat.<clinit>(Jre22Compat.java:37)
	at org.apache.tomcat.util.compat.JreCompat.<clinit>(JreCompat.java:75)
	at org.apache.catalina.startup.Tomcat.<clinit>(Tomcat.java:1196)
	at org.springframework.boot.web.embedded.tomcat.TomcatServletWebServerFactory.getWebServer(TomcatServletWebServerFactory.java:200)
	at org.springframework.boot.web.servlet.context.ServletWebServerApplicationContext.createWebServer(ServletWebServerApplicationContext.java:193)
	at org.springframework.boot.web.servlet.context.ServletWebServerApplicationContext.onRefresh(ServletWebServerApplicationContext.java:167)
	at org.springframework.context.support.AbstractApplicationContext.refresh(AbstractApplicationContext.java:622)
	at org.springframework.boot.web.servlet.context.ServletWebServerApplicationContext.refresh(ServletWebServerApplicationContext.java:146)
	at org.springframework.boot.SpringApplication.refresh(SpringApplication.java:752)
	at org.springframework.boot.SpringApplication.refreshContext(SpringApplication.java:439)
	at org.springframework.boot.SpringApplication.run(SpringApplication.java:318)
	at org.springframework.boot.SpringApplication.run(SpringApplication.java:1361)
	at org.springframework.boot.SpringApplication.run(SpringApplication.java:1350)
	at gr.aueb.cf.eduapp.EduAppApplication.main(EduAppApplication.java:12)
2026-04-25 12:36:34 DEBUG o.apache.catalina.core.ContainerBase - Add container child [StandardHost[localhost]] to container [StandardEngine[Tomcat]]
2026-04-25 12:36:34 DEBUG o.apache.catalina.core.ContainerBase - Add container child [TomcatEmbeddedContext[]] to container [StandardEngine[Tomcat].StandardHost[localhost]]
2026-04-25 12:36:34 DEBUG o.apache.catalina.util.LifecycleBase - Setting state for [StandardServer[-1]] to [INITIALIZING]
2026-04-25 12:36:34 DEBUG o.apache.catalina.util.LifecycleBase - Setting state for [org.apache.catalina.deploy.NamingResourcesImpl@c3719e5] to [INITIALIZING]
2026-04-25 12:36:34 DEBUG o.apache.catalina.util.LifecycleBase - Setting state for [org.apache.catalina.deploy.NamingResourcesImpl@c3719e5] to [INITIALIZED]
2026-04-25 12:36:34 DEBUG o.apache.catalina.util.LifecycleBase - Setting state for [StandardService[Tomcat]] to [INITIALIZING]
2026-04-25 12:36:34 DEBUG o.apache.catalina.util.LifecycleBase - Setting state for [StandardEngine[Tomcat]] to [INITIALIZING]
2026-04-25 12:36:34 DEBUG o.apache.catalina.util.LifecycleBase - Setting state for [StandardEngine[Tomcat]] to [INITIALIZED]
2026-04-25 12:36:34 DEBUG o.apache.catalina.util.LifecycleBase - Setting state for [org.apache.catalina.mapper.MapperListener@7015ebef] to [INITIALIZING]
2026-04-25 12:36:34 DEBUG o.apache.catalina.util.LifecycleBase - Setting state for [org.apache.catalina.mapper.MapperListener@7015ebef] to [INITIALIZED]
2026-04-25 12:36:34 DEBUG o.apache.catalina.util.LifecycleBase - Setting state for [Connector["http-nio-8080"]] to [INITIALIZING]
2026-04-25 12:36:34 INFO  o.a.coyote.http11.Http11NioProtocol - Initializing ProtocolHandler ["http-nio-8080"]
2026-04-25 12:36:34 DEBUG o.apache.catalina.util.LifecycleBase - Setting state for [Connector["http-nio-8080"]] to [INITIALIZED]
2026-04-25 12:36:34 DEBUG o.apache.catalina.util.LifecycleBase - Setting state for [StandardService[Tomcat]] to [INITIALIZED]
2026-04-25 12:36:34 DEBUG o.apache.catalina.util.LifecycleBase - Setting state for [StandardServer[-1]] to [INITIALIZED]
2026-04-25 12:36:34 DEBUG o.apache.catalina.util.LifecycleBase - Setting state for [StandardServer[-1]] to [STARTING_PREP]
2026-04-25 12:36:34 DEBUG o.apache.catalina.util.LifecycleBase - Setting state for [StandardServer[-1]] to [STARTING]
2026-04-25 12:36:34 DEBUG o.apache.catalina.util.LifecycleBase - Setting state for [org.apache.catalina.deploy.NamingResourcesImpl@c3719e5] to [STARTING_PREP]
2026-04-25 12:36:34 DEBUG o.apache.catalina.util.LifecycleBase - Setting state for [org.apache.catalina.deploy.NamingResourcesImpl@c3719e5] to [STARTING]
2026-04-25 12:36:34 DEBUG o.apache.catalina.util.LifecycleBase - Setting state for [org.apache.catalina.deploy.NamingResourcesImpl@c3719e5] to [STARTED]
2026-04-25 12:36:34 DEBUG o.apache.catalina.util.LifecycleBase - Setting state for [StandardService[Tomcat]] to [STARTING_PREP]
2026-04-25 12:36:34 INFO  o.a.catalina.core.StandardService - Starting service [Tomcat]
2026-04-25 12:36:34 DEBUG o.apache.catalina.util.LifecycleBase - Setting state for [StandardService[Tomcat]] to [STARTING]
2026-04-25 12:36:34 DEBUG o.apache.catalina.util.LifecycleBase - Setting state for [StandardEngine[Tomcat]] to [STARTING_PREP]
2026-04-25 12:36:34 INFO  o.a.catalina.core.StandardEngine - Starting Servlet engine: [Apache Tomcat/10.1.52]
2026-04-25 12:36:34 DEBUG o.apache.catalina.util.LifecycleBase - Setting state for [SimpleRealm[StandardEngine[Tomcat]]] to [INITIALIZING]
2026-04-25 12:36:34 DEBUG o.apache.catalina.util.LifecycleBase - Setting state for [SimpleRealm[StandardEngine[Tomcat]]] to [INITIALIZED]
2026-04-25 12:36:34 DEBUG o.apache.catalina.util.LifecycleBase - Setting state for [SimpleRealm[StandardEngine[Tomcat]]] to [STARTING_PREP]
2026-04-25 12:36:34 DEBUG o.apache.catalina.util.LifecycleBase - Setting state for [SimpleRealm[StandardEngine[Tomcat]]] to [STARTING]
2026-04-25 12:36:34 DEBUG o.apache.catalina.util.LifecycleBase - Setting state for [SimpleRealm[StandardEngine[Tomcat]]] to [STARTED]
2026-04-25 12:36:34 DEBUG o.apache.catalina.util.LifecycleBase - Setting state for [StandardEngine[Tomcat].StandardHost[localhost]] to [INITIALIZING]
2026-04-25 12:36:34 DEBUG o.apache.catalina.util.LifecycleBase - Setting state for [StandardEngine[Tomcat].StandardHost[localhost]] to [INITIALIZED]
2026-04-25 12:36:34 DEBUG o.apache.catalina.util.LifecycleBase - Setting state for [StandardEngine[Tomcat].StandardHost[localhost]] to [STARTING_PREP]
2026-04-25 12:36:34 DEBUG o.apache.catalina.util.LifecycleBase - Setting state for [StandardEngine[Tomcat].StandardHost[localhost].TomcatEmbeddedContext[]] to [INITIALIZING]
2026-04-25 12:36:34 DEBUG o.apache.catalina.util.LifecycleBase - Setting state for [StandardEngine[Tomcat].StandardHost[localhost].TomcatEmbeddedContext[]] to [INITIALIZED]
2026-04-25 12:36:34 DEBUG o.apache.catalina.util.LifecycleBase - Setting state for [StandardEngine[Tomcat].StandardHost[localhost].TomcatEmbeddedContext[]] to [STARTING_PREP]
2026-04-25 12:36:34 DEBUG o.apache.catalina.util.LifecycleBase - Setting state for [org.apache.catalina.webresources.StandardRoot@73608eb0] to [INITIALIZING]
2026-04-25 12:36:34 DEBUG o.apache.catalina.util.LifecycleBase - Setting state for [org.apache.catalina.webresources.StandardRoot@73608eb0] to [INITIALIZED]
2026-04-25 12:36:34 DEBUG o.apache.catalina.util.LifecycleBase - Setting state for [org.apache.catalina.webresources.StandardRoot@73608eb0] to [STARTING_PREP]
2026-04-25 12:36:34 DEBUG o.apache.catalina.util.LifecycleBase - Setting state for [org.apache.catalina.webresources.DirResourceSet@6e1ae763] to [INITIALIZING]
2026-04-25 12:36:34 DEBUG o.apache.catalina.util.LifecycleBase - Setting state for [org.apache.catalina.webresources.DirResourceSet@6e1ae763] to [INITIALIZED]
2026-04-25 12:36:34 DEBUG o.apache.catalina.util.LifecycleBase - Setting state for [org.apache.catalina.webresources.DirResourceSet@6e1ae763] to [STARTING_PREP]
2026-04-25 12:36:34 DEBUG o.apache.catalina.util.LifecycleBase - Setting state for [org.apache.catalina.webresources.DirResourceSet@6e1ae763] to [STARTING]
2026-04-25 12:36:34 DEBUG o.apache.catalina.util.LifecycleBase - Setting state for [org.apache.catalina.webresources.DirResourceSet@6e1ae763] to [STARTED]
2026-04-25 12:36:34 DEBUG o.apache.catalina.util.LifecycleBase - Setting state for [org.apache.catalina.webresources.StandardRoot@73608eb0] to [STARTING]
2026-04-25 12:36:34 DEBUG o.apache.catalina.util.LifecycleBase - Setting state for [org.apache.catalina.webresources.StandardRoot@73608eb0] to [STARTED]
2026-04-25 12:36:34 DEBUG o.apache.catalina.util.LifecycleBase - Setting state for [WebappLoader[StandardEngine[Tomcat].StandardHost[localhost].TomcatEmbeddedContext[]]] to [INITIALIZING]
2026-04-25 12:36:34 DEBUG o.apache.catalina.util.LifecycleBase - Setting state for [WebappLoader[StandardEngine[Tomcat].StandardHost[localhost].TomcatEmbeddedContext[]]] to [INITIALIZED]
2026-04-25 12:36:34 DEBUG o.apache.catalina.util.LifecycleBase - Setting state for [WebappLoader[StandardEngine[Tomcat].StandardHost[localhost].TomcatEmbeddedContext[]]] to [STARTING_PREP]
2026-04-25 12:36:34 DEBUG o.a.catalina.loader.WebappLoader - Starting this Loader
2026-04-25 12:36:34 DEBUG o.apache.catalina.webresources.Cache - Increased cache size by [531] for item [org.apache.catalina.webresources.CachedResource@4962b41e] at [/WEB-INF/classes] making total cache size [531]
2026-04-25 12:36:34 DEBUG o.apache.catalina.util.LifecycleBase - Setting state for [WebappLoader[StandardEngine[Tomcat].StandardHost[localhost].TomcatEmbeddedContext[]]] to [STARTING]
2026-04-25 12:36:34 DEBUG o.apache.catalina.util.LifecycleBase - Setting state for [WebappLoader[StandardEngine[Tomcat].StandardHost[localhost].TomcatEmbeddedContext[]]] to [STARTED]
2026-04-25 12:36:34 DEBUG o.apache.catalina.util.LifecycleBase - Setting state for [StandardPipeline[StandardEngine[Tomcat].StandardHost[localhost].TomcatEmbeddedContext[]]] to [INITIALIZING]
2026-04-25 12:36:34 DEBUG o.apache.catalina.util.LifecycleBase - Setting state for [StandardPipeline[StandardEngine[Tomcat].StandardHost[localhost].TomcatEmbeddedContext[]]] to [INITIALIZED]
2026-04-25 12:36:34 DEBUG o.apache.catalina.util.LifecycleBase - Setting state for [StandardPipeline[StandardEngine[Tomcat].StandardHost[localhost].TomcatEmbeddedContext[]]] to [STARTING_PREP]
2026-04-25 12:36:34 DEBUG o.apache.catalina.util.LifecycleBase - Setting state for [NonLoginAuthenticator[StandardEngine[Tomcat].StandardHost[localhost].TomcatEmbeddedContext[]]] to [INITIALIZING]
2026-04-25 12:36:34 DEBUG o.apache.catalina.util.LifecycleBase - Setting state for [NonLoginAuthenticator[StandardEngine[Tomcat].StandardHost[localhost].TomcatEmbeddedContext[]]] to [INITIALIZED]
2026-04-25 12:36:34 DEBUG o.apache.catalina.util.LifecycleBase - Setting state for [NonLoginAuthenticator[StandardEngine[Tomcat].StandardHost[localhost].TomcatEmbeddedContext[]]] to [STARTING_PREP]
2026-04-25 12:36:34 DEBUG o.apache.catalina.util.LifecycleBase - Setting state for [NonLoginAuthenticator[StandardEngine[Tomcat].StandardHost[localhost].TomcatEmbeddedContext[]]] to [STARTING]
2026-04-25 12:36:34 DEBUG o.apache.catalina.util.LifecycleBase - Setting state for [NonLoginAuthenticator[StandardEngine[Tomcat].StandardHost[localhost].TomcatEmbeddedContext[]]] to [STARTED]
2026-04-25 12:36:34 DEBUG o.apache.catalina.util.LifecycleBase - Setting state for [StandardContextValve[StandardEngine[Tomcat].StandardHost[localhost].TomcatEmbeddedContext[]]] to [INITIALIZING]
2026-04-25 12:36:34 DEBUG o.apache.catalina.util.LifecycleBase - Setting state for [StandardContextValve[StandardEngine[Tomcat].StandardHost[localhost].TomcatEmbeddedContext[]]] to [INITIALIZED]
2026-04-25 12:36:34 DEBUG o.apache.catalina.util.LifecycleBase - Setting state for [StandardContextValve[StandardEngine[Tomcat].StandardHost[localhost].TomcatEmbeddedContext[]]] to [STARTING_PREP]
2026-04-25 12:36:34 DEBUG o.apache.catalina.util.LifecycleBase - Setting state for [StandardContextValve[StandardEngine[Tomcat].StandardHost[localhost].TomcatEmbeddedContext[]]] to [STARTING]
2026-04-25 12:36:34 DEBUG o.apache.catalina.util.LifecycleBase - Setting state for [StandardContextValve[StandardEngine[Tomcat].StandardHost[localhost].TomcatEmbeddedContext[]]] to [STARTED]
2026-04-25 12:36:34 DEBUG o.apache.catalina.util.LifecycleBase - Setting state for [StandardPipeline[StandardEngine[Tomcat].StandardHost[localhost].TomcatEmbeddedContext[]]] to [STARTING]
2026-04-25 12:36:34 DEBUG o.apache.catalina.util.LifecycleBase - Setting state for [StandardPipeline[StandardEngine[Tomcat].StandardHost[localhost].TomcatEmbeddedContext[]]] to [STARTED]
2026-04-25 12:36:34 DEBUG o.a.catalina.core.StandardContext - No manager found. Checking if cluster manager should be used. Cluster configured: [false], Application distributable: [false]
2026-04-25 12:36:34 DEBUG o.a.catalina.core.StandardContext - Configured a manager of class [org.apache.catalina.session.StandardManager]
2026-04-25 12:36:34 DEBUG o.apache.catalina.util.LifecycleBase - Setting state for [org.apache.catalina.deploy.NamingResourcesImpl@27a6fef2] to [INITIALIZING]
2026-04-25 12:36:34 DEBUG o.apache.catalina.util.LifecycleBase - Setting state for [org.apache.catalina.deploy.NamingResourcesImpl@27a6fef2] to [INITIALIZED]
2026-04-25 12:36:34 DEBUG o.apache.catalina.util.LifecycleBase - Setting state for [org.apache.catalina.deploy.NamingResourcesImpl@27a6fef2] to [STARTING_PREP]
2026-04-25 12:36:34 DEBUG o.apache.catalina.util.LifecycleBase - Setting state for [org.apache.catalina.deploy.NamingResourcesImpl@27a6fef2] to [STARTING]
2026-04-25 12:36:34 DEBUG o.apache.catalina.util.LifecycleBase - Setting state for [org.apache.catalina.deploy.NamingResourcesImpl@27a6fef2] to [STARTED]
2026-04-25 12:36:34 INFO  o.a.c.c.C.[Tomcat].[localhost].[/] - Initializing Spring embedded WebApplicationContext
2026-04-25 12:36:36 DEBUG o.apache.catalina.util.LifecycleBase - Setting state for [StandardManager[StandardEngine[Tomcat].StandardHost[localhost].TomcatEmbeddedContext[]]] to [INITIALIZING]
2026-04-25 12:36:36 DEBUG o.apache.catalina.util.LifecycleBase - Setting state for [StandardManager[StandardEngine[Tomcat].StandardHost[localhost].TomcatEmbeddedContext[]]] to [INITIALIZED]
2026-04-25 12:36:36 DEBUG o.apache.catalina.util.LifecycleBase - Setting state for [StandardManager[StandardEngine[Tomcat].StandardHost[localhost].TomcatEmbeddedContext[]]] to [STARTING_PREP]
2026-04-25 12:36:36 DEBUG o.apache.catalina.util.LifecycleBase - Setting state for [org.springframework.boot.web.embedded.tomcat.LazySessionIdGenerator@5dae5a70] to [INITIALIZING]
2026-04-25 12:36:36 DEBUG o.apache.catalina.util.LifecycleBase - Setting state for [org.springframework.boot.web.embedded.tomcat.LazySessionIdGenerator@5dae5a70] to [INITIALIZED]
2026-04-25 12:36:36 DEBUG o.apache.catalina.util.LifecycleBase - Setting state for [org.springframework.boot.web.embedded.tomcat.LazySessionIdGenerator@5dae5a70] to [STARTING_PREP]
2026-04-25 12:36:36 DEBUG o.apache.catalina.util.LifecycleBase - Setting state for [org.springframework.boot.web.embedded.tomcat.LazySessionIdGenerator@5dae5a70] to [STARTING]
2026-04-25 12:36:36 DEBUG o.apache.catalina.util.LifecycleBase - Setting state for [org.springframework.boot.web.embedded.tomcat.LazySessionIdGenerator@5dae5a70] to [STARTED]
2026-04-25 12:36:36 DEBUG o.apache.catalina.util.LifecycleBase - Setting state for [StandardManager[StandardEngine[Tomcat].StandardHost[localhost].TomcatEmbeddedContext[]]] to [STARTING]
2026-04-25 12:36:36 DEBUG o.apache.catalina.util.LifecycleBase - Setting state for [StandardManager[StandardEngine[Tomcat].StandardHost[localhost].TomcatEmbeddedContext[]]] to [STARTED]
2026-04-25 12:36:36 DEBUG o.apache.catalina.util.LifecycleBase - Setting state for [StandardEngine[Tomcat].StandardHost[localhost].TomcatEmbeddedContext[]] to [STARTING]
2026-04-25 12:36:36 DEBUG o.apache.catalina.util.LifecycleBase - Setting state for [StandardEngine[Tomcat].StandardHost[localhost].TomcatEmbeddedContext[]] to [STARTED]
2026-04-25 12:36:36 DEBUG o.apache.catalina.util.LifecycleBase - Setting state for [StandardPipeline[StandardEngine[Tomcat].StandardHost[localhost]]] to [INITIALIZING]
2026-04-25 12:36:36 DEBUG o.apache.catalina.util.LifecycleBase - Setting state for [StandardPipeline[StandardEngine[Tomcat].StandardHost[localhost]]] to [INITIALIZED]
2026-04-25 12:36:36 DEBUG o.apache.catalina.util.LifecycleBase - Setting state for [StandardPipeline[StandardEngine[Tomcat].StandardHost[localhost]]] to [STARTING_PREP]
2026-04-25 12:36:36 DEBUG o.apache.catalina.util.LifecycleBase - Setting state for [ErrorReportValve[StandardEngine[Tomcat].StandardHost[localhost]]] to [INITIALIZING]
2026-04-25 12:36:36 DEBUG o.apache.catalina.util.LifecycleBase - Setting state for [ErrorReportValve[StandardEngine[Tomcat].StandardHost[localhost]]] to [INITIALIZED]
2026-04-25 12:36:36 DEBUG o.apache.catalina.util.LifecycleBase - Setting state for [ErrorReportValve[StandardEngine[Tomcat].StandardHost[localhost]]] to [STARTING_PREP]
2026-04-25 12:36:36 DEBUG o.apache.catalina.util.LifecycleBase - Setting state for [ErrorReportValve[StandardEngine[Tomcat].StandardHost[localhost]]] to [STARTING]
2026-04-25 12:36:36 DEBUG o.apache.catalina.util.LifecycleBase - Setting state for [ErrorReportValve[StandardEngine[Tomcat].StandardHost[localhost]]] to [STARTED]
2026-04-25 12:36:36 DEBUG o.apache.catalina.util.LifecycleBase - Setting state for [StandardHostValve[StandardEngine[Tomcat].StandardHost[localhost]]] to [INITIALIZING]
2026-04-25 12:36:36 DEBUG o.apache.catalina.util.LifecycleBase - Setting state for [StandardHostValve[StandardEngine[Tomcat].StandardHost[localhost]]] to [INITIALIZED]
2026-04-25 12:36:36 DEBUG o.apache.catalina.util.LifecycleBase - Setting state for [StandardHostValve[StandardEngine[Tomcat].StandardHost[localhost]]] to [STARTING_PREP]
2026-04-25 12:36:36 DEBUG o.apache.catalina.util.LifecycleBase - Setting state for [StandardHostValve[StandardEngine[Tomcat].StandardHost[localhost]]] to [STARTING]
2026-04-25 12:36:36 DEBUG o.apache.catalina.util.LifecycleBase - Setting state for [StandardHostValve[StandardEngine[Tomcat].StandardHost[localhost]]] to [STARTED]
2026-04-25 12:36:36 DEBUG o.apache.catalina.util.LifecycleBase - Setting state for [StandardPipeline[StandardEngine[Tomcat].StandardHost[localhost]]] to [STARTING]
2026-04-25 12:36:36 DEBUG o.apache.catalina.util.LifecycleBase - Setting state for [StandardPipeline[StandardEngine[Tomcat].StandardHost[localhost]]] to [STARTED]
2026-04-25 12:36:36 DEBUG o.apache.catalina.util.LifecycleBase - Setting state for [StandardEngine[Tomcat].StandardHost[localhost]] to [STARTING]
2026-04-25 12:36:36 DEBUG o.apache.catalina.util.LifecycleBase - Setting state for [StandardEngine[Tomcat].StandardHost[localhost]] to [STARTED]
2026-04-25 12:36:36 DEBUG o.apache.catalina.util.LifecycleBase - Setting state for [StandardPipeline[StandardEngine[Tomcat]]] to [INITIALIZING]
2026-04-25 12:36:36 DEBUG o.apache.catalina.util.LifecycleBase - Setting state for [StandardPipeline[StandardEngine[Tomcat]]] to [INITIALIZED]
2026-04-25 12:36:36 DEBUG o.apache.catalina.util.LifecycleBase - Setting state for [StandardPipeline[StandardEngine[Tomcat]]] to [STARTING_PREP]
2026-04-25 12:36:36 DEBUG o.apache.catalina.util.LifecycleBase - Setting state for [StandardEngineValve[StandardEngine[Tomcat]]] to [INITIALIZING]
2026-04-25 12:36:36 DEBUG o.apache.catalina.util.LifecycleBase - Setting state for [StandardEngineValve[StandardEngine[Tomcat]]] to [INITIALIZED]
2026-04-25 12:36:36 DEBUG o.apache.catalina.util.LifecycleBase - Setting state for [StandardEngineValve[StandardEngine[Tomcat]]] to [STARTING_PREP]
2026-04-25 12:36:36 DEBUG o.apache.catalina.util.LifecycleBase - Setting state for [StandardEngineValve[StandardEngine[Tomcat]]] to [STARTING]
2026-04-25 12:36:36 DEBUG o.apache.catalina.util.LifecycleBase - Setting state for [StandardEngineValve[StandardEngine[Tomcat]]] to [STARTED]
2026-04-25 12:36:36 DEBUG o.apache.catalina.util.LifecycleBase - Setting state for [StandardPipeline[StandardEngine[Tomcat]]] to [STARTING]
2026-04-25 12:36:36 DEBUG o.apache.catalina.util.LifecycleBase - Setting state for [StandardPipeline[StandardEngine[Tomcat]]] to [STARTED]
2026-04-25 12:36:36 DEBUG o.apache.catalina.util.LifecycleBase - Setting state for [StandardEngine[Tomcat]] to [STARTING]
2026-04-25 12:36:36 DEBUG o.apache.catalina.util.LifecycleBase - Setting state for [StandardEngine[Tomcat]] to [STARTED]
2026-04-25 12:36:36 DEBUG o.apache.catalina.util.LifecycleBase - Setting state for [org.apache.catalina.mapper.MapperListener@7015ebef] to [STARTING_PREP]
2026-04-25 12:36:36 DEBUG o.apache.catalina.util.LifecycleBase - Setting state for [org.apache.catalina.mapper.MapperListener@7015ebef] to [STARTING]
2026-04-25 12:36:36 DEBUG org.apache.catalina.mapper.Mapper - Registered host [localhost]
2026-04-25 12:36:36 DEBUG o.a.catalina.mapper.MapperListener - Register Context [] for service [StandardService[Tomcat]]
2026-04-25 12:36:36 DEBUG o.a.catalina.mapper.MapperListener - Register host [localhost] at domain [null] for service [StandardService[Tomcat]]
2026-04-25 12:36:36 DEBUG o.apache.catalina.util.LifecycleBase - Setting state for [org.apache.catalina.mapper.MapperListener@7015ebef] to [STARTED]
2026-04-25 12:36:36 DEBUG o.apache.catalina.util.LifecycleBase - Setting state for [StandardService[Tomcat]] to [STARTED]
2026-04-25 12:36:36 DEBUG o.apache.catalina.util.LifecycleBase - Setting state for [StandardServer[-1]] to [STARTED]
2026-04-25 12:36:36 DEBUG o.apache.catalina.util.LifecycleBase - Setting state for [StandardServer[-1]] to [STOPPING_PREP]
2026-04-25 12:36:36 DEBUG o.apache.catalina.util.LifecycleBase - Setting state for [StandardServer[-1]] to [STOPPING]
2026-04-25 12:36:36 DEBUG o.apache.catalina.util.LifecycleBase - Setting state for [StandardService[Tomcat]] to [STOPPING_PREP]
2026-04-25 12:36:36 INFO  o.a.catalina.core.StandardService - Stopping service [Tomcat]
2026-04-25 12:36:36 DEBUG o.apache.catalina.util.LifecycleBase - Setting state for [StandardService[Tomcat]] to [STOPPING]
2026-04-25 12:36:36 DEBUG o.apache.catalina.util.LifecycleBase - Setting state for [StandardEngine[Tomcat]] to [STOPPING_PREP]
2026-04-25 12:36:36 DEBUG o.apache.catalina.util.LifecycleBase - Setting state for [StandardEngine[Tomcat]] to [STOPPING]
2026-04-25 12:36:36 DEBUG o.apache.catalina.util.LifecycleBase - Setting state for [StandardPipeline[StandardEngine[Tomcat]]] to [STOPPING_PREP]
2026-04-25 12:36:36 DEBUG o.apache.catalina.util.LifecycleBase - Setting state for [StandardPipeline[StandardEngine[Tomcat]]] to [STOPPING]
2026-04-25 12:36:36 DEBUG o.apache.catalina.util.LifecycleBase - Setting state for [StandardEngineValve[StandardEngine[Tomcat]]] to [STOPPING_PREP]
2026-04-25 12:36:36 DEBUG o.apache.catalina.util.LifecycleBase - Setting state for [StandardEngineValve[StandardEngine[Tomcat]]] to [STOPPING]
2026-04-25 12:36:36 DEBUG o.apache.catalina.util.LifecycleBase - Setting state for [StandardEngineValve[StandardEngine[Tomcat]]] to [STOPPED]
2026-04-25 12:36:36 DEBUG o.apache.catalina.util.LifecycleBase - Setting state for [StandardPipeline[StandardEngine[Tomcat]]] to [STOPPED]
2026-04-25 12:36:36 DEBUG o.apache.catalina.util.LifecycleBase - Setting state for [StandardEngine[Tomcat].StandardHost[localhost]] to [STOPPING_PREP]
2026-04-25 12:36:36 DEBUG o.a.catalina.mapper.MapperListener - Unregister host [localhost] at domain [null] for service [StandardService[Tomcat]]
2026-04-25 12:36:36 DEBUG o.apache.catalina.util.LifecycleBase - Setting state for [StandardEngine[Tomcat].StandardHost[localhost]] to [STOPPING]
2026-04-25 12:36:36 DEBUG o.apache.catalina.util.LifecycleBase - Setting state for [StandardPipeline[StandardEngine[Tomcat].StandardHost[localhost]]] to [STOPPING_PREP]
2026-04-25 12:36:36 DEBUG o.apache.catalina.util.LifecycleBase - Setting state for [StandardPipeline[StandardEngine[Tomcat].StandardHost[localhost]]] to [STOPPING]
2026-04-25 12:36:36 DEBUG o.apache.catalina.util.LifecycleBase - Setting state for [ErrorReportValve[StandardEngine[Tomcat].StandardHost[localhost]]] to [STOPPING_PREP]
2026-04-25 12:36:36 DEBUG o.apache.catalina.util.LifecycleBase - Setting state for [ErrorReportValve[StandardEngine[Tomcat].StandardHost[localhost]]] to [STOPPING]
2026-04-25 12:36:36 DEBUG o.apache.catalina.util.LifecycleBase - Setting state for [ErrorReportValve[StandardEngine[Tomcat].StandardHost[localhost]]] to [STOPPED]
2026-04-25 12:36:36 DEBUG o.apache.catalina.util.LifecycleBase - Setting state for [StandardHostValve[StandardEngine[Tomcat].StandardHost[localhost]]] to [STOPPING_PREP]
2026-04-25 12:36:36 DEBUG o.apache.catalina.util.LifecycleBase - Setting state for [StandardHostValve[StandardEngine[Tomcat].StandardHost[localhost]]] to [STOPPING]
2026-04-25 12:36:36 DEBUG o.apache.catalina.util.LifecycleBase - Setting state for [StandardHostValve[StandardEngine[Tomcat].StandardHost[localhost]]] to [STOPPED]
2026-04-25 12:36:36 DEBUG o.apache.catalina.util.LifecycleBase - Setting state for [StandardPipeline[StandardEngine[Tomcat].StandardHost[localhost]]] to [STOPPED]
2026-04-25 12:36:36 DEBUG o.apache.catalina.util.LifecycleBase - Setting state for [StandardEngine[Tomcat].StandardHost[localhost].TomcatEmbeddedContext[]] to [STOPPING_PREP]
2026-04-25 12:36:36 DEBUG o.a.catalina.mapper.MapperListener - Unregister Context [] for service [StandardService[Tomcat]]
2026-04-25 12:36:36 DEBUG o.apache.catalina.util.LifecycleBase - Setting state for [StandardEngine[Tomcat].StandardHost[localhost].TomcatEmbeddedContext[]] to [STOPPING]
2026-04-25 12:36:36 DEBUG o.a.c.core.ApplicationFilterConfig - JMX de-registration complete for filter of type [org.apache.tomcat.websocket.server.WsFilter] and name [Tomcat WebSocket (JSR356) Filter]
2026-04-25 12:36:36 DEBUG o.apache.catalina.util.LifecycleBase - Setting state for [StandardManager[StandardEngine[Tomcat].StandardHost[localhost].TomcatEmbeddedContext[]]] to [STOPPING_PREP]
2026-04-25 12:36:36 DEBUG o.apache.catalina.util.LifecycleBase - Setting state for [StandardManager[StandardEngine[Tomcat].StandardHost[localhost].TomcatEmbeddedContext[]]] to [STOPPING]
2026-04-25 12:36:36 DEBUG o.a.catalina.session.StandardManager - No persisted sessions to unload
2026-04-25 12:36:36 DEBUG o.apache.catalina.util.LifecycleBase - Setting state for [org.springframework.boot.web.embedded.tomcat.LazySessionIdGenerator@5dae5a70] to [STOPPING_PREP]
2026-04-25 12:36:36 DEBUG o.apache.catalina.util.LifecycleBase - Setting state for [org.springframework.boot.web.embedded.tomcat.LazySessionIdGenerator@5dae5a70] to [STOPPING]
2026-04-25 12:36:36 DEBUG o.apache.catalina.util.LifecycleBase - Setting state for [org.springframework.boot.web.embedded.tomcat.LazySessionIdGenerator@5dae5a70] to [STOPPED]
2026-04-25 12:36:36 DEBUG o.apache.catalina.util.LifecycleBase - Setting state for [StandardManager[StandardEngine[Tomcat].StandardHost[localhost].TomcatEmbeddedContext[]]] to [STOPPED]
2026-04-25 12:36:36 DEBUG o.apache.catalina.util.LifecycleBase - Setting state for [org.apache.catalina.deploy.NamingResourcesImpl@27a6fef2] to [STOPPING_PREP]
2026-04-25 12:36:36 DEBUG o.apache.catalina.util.LifecycleBase - Setting state for [org.apache.catalina.deploy.NamingResourcesImpl@27a6fef2] to [STOPPING]
2026-04-25 12:36:36 DEBUG o.apache.catalina.util.LifecycleBase - Setting state for [org.apache.catalina.deploy.NamingResourcesImpl@27a6fef2] to [STOPPED]
2026-04-25 12:36:36 DEBUG o.apache.catalina.util.LifecycleBase - Setting state for [StandardPipeline[StandardEngine[Tomcat].StandardHost[localhost].TomcatEmbeddedContext[]]] to [STOPPING_PREP]
2026-04-25 12:36:36 DEBUG o.apache.catalina.util.LifecycleBase - Setting state for [StandardPipeline[StandardEngine[Tomcat].StandardHost[localhost].TomcatEmbeddedContext[]]] to [STOPPING]
2026-04-25 12:36:36 DEBUG o.apache.catalina.util.LifecycleBase - Setting state for [NonLoginAuthenticator[StandardEngine[Tomcat].StandardHost[localhost].TomcatEmbeddedContext[]]] to [STOPPING_PREP]
2026-04-25 12:36:36 DEBUG o.apache.catalina.util.LifecycleBase - Setting state for [NonLoginAuthenticator[StandardEngine[Tomcat].StandardHost[localhost].TomcatEmbeddedContext[]]] to [STOPPING]
2026-04-25 12:36:36 DEBUG o.apache.catalina.util.LifecycleBase - Setting state for [NonLoginAuthenticator[StandardEngine[Tomcat].StandardHost[localhost].TomcatEmbeddedContext[]]] to [STOPPED]
2026-04-25 12:36:36 DEBUG o.apache.catalina.util.LifecycleBase - Setting state for [StandardContextValve[StandardEngine[Tomcat].StandardHost[localhost].TomcatEmbeddedContext[]]] to [STOPPING_PREP]
2026-04-25 12:36:36 DEBUG o.apache.catalina.util.LifecycleBase - Setting state for [StandardContextValve[StandardEngine[Tomcat].StandardHost[localhost].TomcatEmbeddedContext[]]] to [STOPPING]
2026-04-25 12:36:36 DEBUG o.apache.catalina.util.LifecycleBase - Setting state for [StandardContextValve[StandardEngine[Tomcat].StandardHost[localhost].TomcatEmbeddedContext[]]] to [STOPPED]
2026-04-25 12:36:36 DEBUG o.apache.catalina.util.LifecycleBase - Setting state for [StandardPipeline[StandardEngine[Tomcat].StandardHost[localhost].TomcatEmbeddedContext[]]] to [STOPPED]
2026-04-25 12:36:36 DEBUG o.apache.catalina.util.LifecycleBase - Setting state for [WebappLoader[StandardEngine[Tomcat].StandardHost[localhost].TomcatEmbeddedContext[]]] to [STOPPING_PREP]
2026-04-25 12:36:36 DEBUG o.a.catalina.loader.WebappLoader - Stopping this Loader
2026-04-25 12:36:36 DEBUG o.apache.catalina.util.LifecycleBase - Setting state for [WebappLoader[StandardEngine[Tomcat].StandardHost[localhost].TomcatEmbeddedContext[]]] to [STOPPING]
2026-04-25 12:36:36 DEBUG o.apache.catalina.util.LifecycleBase - Setting state for [WebappLoader[StandardEngine[Tomcat].StandardHost[localhost].TomcatEmbeddedContext[]]] to [STOPPED]
2026-04-25 12:36:36 DEBUG o.apache.catalina.util.LifecycleBase - Setting state for [org.apache.catalina.webresources.StandardRoot@73608eb0] to [STOPPING_PREP]
2026-04-25 12:36:36 DEBUG o.apache.catalina.util.LifecycleBase - Setting state for [org.apache.catalina.webresources.DirResourceSet@6e1ae763] to [STOPPING_PREP]
2026-04-25 12:36:36 DEBUG o.apache.catalina.util.LifecycleBase - Setting state for [org.apache.catalina.webresources.DirResourceSet@6e1ae763] to [STOPPING]
2026-04-25 12:36:36 DEBUG o.apache.catalina.util.LifecycleBase - Setting state for [org.apache.catalina.webresources.DirResourceSet@6e1ae763] to [STOPPED]
2026-04-25 12:36:36 DEBUG o.apache.catalina.util.LifecycleBase - Setting state for [org.apache.catalina.webresources.DirResourceSet@6e1ae763] to [DESTROYING]
2026-04-25 12:36:36 DEBUG o.apache.catalina.util.LifecycleBase - Setting state for [org.apache.catalina.webresources.DirResourceSet@6e1ae763] to [DESTROYED]
2026-04-25 12:36:36 DEBUG o.apache.catalina.util.LifecycleBase - Setting state for [org.apache.catalina.webresources.StandardRoot@73608eb0] to [STOPPING]
2026-04-25 12:36:36 DEBUG o.apache.catalina.util.LifecycleBase - Setting state for [org.apache.catalina.webresources.StandardRoot@73608eb0] to [STOPPED]
2026-04-25 12:36:36 DEBUG o.apache.catalina.util.LifecycleBase - Setting state for [StandardEngine[Tomcat].StandardHost[localhost].TomcatEmbeddedContext[]] to [STOPPED]
2026-04-25 12:36:36 DEBUG o.apache.catalina.util.LifecycleBase - Setting state for [StandardEngine[Tomcat].StandardHost[localhost]] to [STOPPED]
2026-04-25 12:36:36 DEBUG o.apache.catalina.util.LifecycleBase - Setting state for [SimpleRealm[StandardEngine[Tomcat]]] to [STOPPING_PREP]
2026-04-25 12:36:36 DEBUG o.apache.catalina.util.LifecycleBase - Setting state for [SimpleRealm[StandardEngine[Tomcat]]] to [STOPPING]
2026-04-25 12:36:36 DEBUG o.apache.catalina.util.LifecycleBase - Setting state for [SimpleRealm[StandardEngine[Tomcat]]] to [STOPPED]
2026-04-25 12:36:36 DEBUG o.apache.catalina.util.LifecycleBase - Setting state for [StandardEngine[Tomcat]] to [STOPPED]
2026-04-25 12:36:36 DEBUG o.apache.catalina.util.LifecycleBase - Setting state for [org.apache.catalina.mapper.MapperListener@7015ebef] to [STOPPING_PREP]
2026-04-25 12:36:36 DEBUG o.apache.catalina.util.LifecycleBase - Setting state for [org.apache.catalina.mapper.MapperListener@7015ebef] to [STOPPING]
2026-04-25 12:36:36 DEBUG o.apache.catalina.util.LifecycleBase - Setting state for [org.apache.catalina.mapper.MapperListener@7015ebef] to [STOPPED]
2026-04-25 12:36:36 DEBUG o.apache.catalina.util.LifecycleBase - Setting state for [StandardService[Tomcat]] to [STOPPED]
2026-04-25 12:36:36 DEBUG o.apache.catalina.util.LifecycleBase - Setting state for [org.apache.catalina.deploy.NamingResourcesImpl@c3719e5] to [STOPPING_PREP]
2026-04-25 12:36:36 DEBUG o.apache.catalina.util.LifecycleBase - Setting state for [org.apache.catalina.deploy.NamingResourcesImpl@c3719e5] to [STOPPING]
2026-04-25 12:36:36 DEBUG o.apache.catalina.util.LifecycleBase - Setting state for [org.apache.catalina.deploy.NamingResourcesImpl@c3719e5] to [STOPPED]
2026-04-25 12:36:36 DEBUG o.apache.catalina.util.LifecycleBase - Setting state for [StandardServer[-1]] to [STOPPED]
2026-04-25 12:36:36 DEBUG o.apache.catalina.util.LifecycleBase - Setting state for [StandardServer[-1]] to [DESTROYING]
2026-04-25 12:36:36 DEBUG o.apache.catalina.util.LifecycleBase - Setting state for [StandardService[Tomcat]] to [DESTROYING]
2026-04-25 12:36:36 DEBUG o.apache.catalina.util.LifecycleBase - Setting state for [org.apache.catalina.mapper.MapperListener@7015ebef] to [DESTROYING]
2026-04-25 12:36:36 DEBUG o.apache.catalina.util.LifecycleBase - Setting state for [org.apache.catalina.mapper.MapperListener@7015ebef] to [DESTROYED]
2026-04-25 12:36:36 DEBUG o.apache.catalina.util.LifecycleBase - Setting state for [StandardEngine[Tomcat]] to [DESTROYING]
2026-04-25 12:36:36 DEBUG o.apache.catalina.util.LifecycleBase - Setting state for [SimpleRealm[StandardEngine[Tomcat]]] to [DESTROYING]
2026-04-25 12:36:36 DEBUG o.apache.catalina.util.LifecycleBase - Setting state for [SimpleRealm[StandardEngine[Tomcat]]] to [DESTROYED]
2026-04-25 12:36:36 DEBUG o.apache.catalina.util.LifecycleBase - Setting state for [StandardPipeline[StandardEngine[Tomcat]]] to [DESTROYING]
2026-04-25 12:36:36 DEBUG o.apache.catalina.util.LifecycleBase - Setting state for [StandardEngineValve[Container is null]] to [DESTROYING]
2026-04-25 12:36:36 DEBUG o.apache.catalina.util.LifecycleBase - Setting state for [StandardEngineValve[Container is null]] to [DESTROYED]
2026-04-25 12:36:36 DEBUG o.apache.catalina.util.LifecycleBase - Setting state for [StandardPipeline[StandardEngine[Tomcat]]] to [DESTROYED]
2026-04-25 12:36:36 DEBUG o.apache.catalina.util.LifecycleBase - Setting state for [StandardEngine[Tomcat].StandardHost[localhost]] to [DESTROYING]
2026-04-25 12:36:36 DEBUG o.apache.catalina.util.LifecycleBase - Setting state for [StandardPipeline[StandardEngine[Tomcat].StandardHost[localhost]]] to [DESTROYING]
2026-04-25 12:36:36 DEBUG o.apache.catalina.util.LifecycleBase - Setting state for [ErrorReportValve[Container is null]] to [DESTROYING]
2026-04-25 12:36:36 DEBUG o.apache.catalina.util.LifecycleBase - Setting state for [ErrorReportValve[Container is null]] to [DESTROYED]
2026-04-25 12:36:36 DEBUG o.apache.catalina.util.LifecycleBase - Setting state for [StandardHostValve[Container is null]] to [DESTROYING]
2026-04-25 12:36:36 DEBUG o.apache.catalina.util.LifecycleBase - Setting state for [StandardHostValve[Container is null]] to [DESTROYED]
2026-04-25 12:36:36 DEBUG o.apache.catalina.util.LifecycleBase - Setting state for [StandardPipeline[StandardEngine[Tomcat].StandardHost[localhost]]] to [DESTROYED]
2026-04-25 12:36:36 DEBUG o.apache.catalina.util.LifecycleBase - Setting state for [StandardEngine[Tomcat].StandardHost[localhost].TomcatEmbeddedContext[]] to [DESTROYING]
2026-04-25 12:36:36 DEBUG o.apache.catalina.util.LifecycleBase - Setting state for [org.apache.catalina.deploy.NamingResourcesImpl@27a6fef2] to [DESTROYING]
2026-04-25 12:36:36 DEBUG o.apache.catalina.util.LifecycleBase - Setting state for [org.apache.catalina.deploy.NamingResourcesImpl@27a6fef2] to [DESTROYED]
2026-04-25 12:36:36 DEBUG o.apache.catalina.util.LifecycleBase - Setting state for [WebappLoader[StandardEngine[Tomcat].StandardHost[localhost].TomcatEmbeddedContext[]]] to [DESTROYING]
2026-04-25 12:36:36 DEBUG o.apache.catalina.util.LifecycleBase - Setting state for [WebappLoader[StandardEngine[Tomcat].StandardHost[localhost].TomcatEmbeddedContext[]]] to [DESTROYED]
2026-04-25 12:36:36 DEBUG o.apache.catalina.util.LifecycleBase - Setting state for [StandardManager[StandardEngine[Tomcat].StandardHost[localhost].TomcatEmbeddedContext[]]] to [DESTROYING]
2026-04-25 12:36:36 DEBUG o.apache.catalina.util.LifecycleBase - Setting state for [StandardManager[StandardEngine[Tomcat].StandardHost[localhost].TomcatEmbeddedContext[]]] to [DESTROYED]
2026-04-25 12:36:36 DEBUG o.apache.catalina.util.LifecycleBase - Setting state for [org.apache.catalina.webresources.StandardRoot@73608eb0] to [DESTROYING]
2026-04-25 12:36:36 DEBUG o.apache.catalina.util.LifecycleBase - Setting state for [org.apache.catalina.webresources.StandardRoot@73608eb0] to [DESTROYED]
2026-04-25 12:36:36 DEBUG o.apache.catalina.util.LifecycleBase - Setting state for [StandardPipeline[StandardEngine[Tomcat].StandardHost[localhost].TomcatEmbeddedContext[]]] to [DESTROYING]
2026-04-25 12:36:36 DEBUG o.apache.catalina.util.LifecycleBase - Setting state for [NonLoginAuthenticator[Container is null]] to [DESTROYING]
2026-04-25 12:36:36 DEBUG o.apache.catalina.util.LifecycleBase - Setting state for [NonLoginAuthenticator[Container is null]] to [DESTROYED]
2026-04-25 12:36:36 DEBUG o.apache.catalina.util.LifecycleBase - Setting state for [StandardContextValve[Container is null]] to [DESTROYING]
2026-04-25 12:36:36 DEBUG o.apache.catalina.util.LifecycleBase - Setting state for [StandardContextValve[Container is null]] to [DESTROYED]
2026-04-25 12:36:36 DEBUG o.apache.catalina.util.LifecycleBase - Setting state for [StandardPipeline[StandardEngine[Tomcat].StandardHost[localhost].TomcatEmbeddedContext[]]] to [DESTROYED]
2026-04-25 12:36:36 DEBUG o.apache.catalina.util.LifecycleBase - Setting state for [StandardEngine[Tomcat].StandardHost[localhost].TomcatEmbeddedContext[]] to [DESTROYED]
2026-04-25 12:36:36 DEBUG o.apache.catalina.util.LifecycleBase - Setting state for [StandardEngine[Tomcat].StandardHost[localhost]] to [DESTROYED]
2026-04-25 12:36:36 DEBUG o.apache.catalina.util.LifecycleBase - Setting state for [StandardEngine[Tomcat]] to [DESTROYED]
2026-04-25 12:36:36 DEBUG o.apache.catalina.util.LifecycleBase - Setting state for [StandardService[Tomcat]] to [DESTROYED]
2026-04-25 12:36:36 DEBUG o.apache.catalina.util.LifecycleBase - Setting state for [org.apache.catalina.deploy.NamingResourcesImpl@c3719e5] to [DESTROYING]
2026-04-25 12:36:36 DEBUG o.apache.catalina.util.LifecycleBase - Setting state for [org.apache.catalina.deploy.NamingResourcesImpl@c3719e5] to [DESTROYED]
2026-04-25 12:36:36 DEBUG o.apache.catalina.util.LifecycleBase - Setting state for [StandardServer[-1]] to [DESTROYED]
2026-04-25 12:37:49 DEBUG o.a.tomcat.util.compat.Jre22Compat - Class not found so assuming code is running on a pre-Java 22 JVM
java.lang.ClassNotFoundException: java.text.ListFormat
	at java.base/jdk.internal.loader.BuiltinClassLoader.loadClass(BuiltinClassLoader.java:641)
	at java.base/jdk.internal.loader.ClassLoaders$AppClassLoader.loadClass(ClassLoaders.java:188)
	at java.base/java.lang.ClassLoader.loadClass(ClassLoader.java:526)
	at java.base/java.lang.Class.forName0(Native Method)
	at java.base/java.lang.Class.forName(Class.java:423)
	at java.base/java.lang.Class.forName(Class.java:414)
	at org.apache.tomcat.util.compat.Jre22Compat.<clinit>(Jre22Compat.java:37)
	at org.apache.tomcat.util.compat.JreCompat.<clinit>(JreCompat.java:75)
	at org.apache.catalina.startup.Tomcat.<clinit>(Tomcat.java:1196)
	at org.springframework.boot.web.embedded.tomcat.TomcatServletWebServerFactory.getWebServer(TomcatServletWebServerFactory.java:200)
	at org.springframework.boot.web.servlet.context.ServletWebServerApplicationContext.createWebServer(ServletWebServerApplicationContext.java:193)
	at org.springframework.boot.web.servlet.context.ServletWebServerApplicationContext.onRefresh(ServletWebServerApplicationContext.java:167)
	at org.springframework.context.support.AbstractApplicationContext.refresh(AbstractApplicationContext.java:622)
	at org.springframework.boot.web.servlet.context.ServletWebServerApplicationContext.refresh(ServletWebServerApplicationContext.java:146)
	at org.springframework.boot.SpringApplication.refresh(SpringApplication.java:752)
	at org.springframework.boot.SpringApplication.refreshContext(SpringApplication.java:439)
	at org.springframework.boot.SpringApplication.run(SpringApplication.java:318)
	at org.springframework.boot.SpringApplication.run(SpringApplication.java:1361)
	at org.springframework.boot.SpringApplication.run(SpringApplication.java:1350)
	at gr.aueb.cf.eduapp.EduAppApplication.main(EduAppApplication.java:12)
2026-04-25 12:37:49 DEBUG o.apache.catalina.core.ContainerBase - Add container child [StandardHost[localhost]] to container [StandardEngine[Tomcat]]
2026-04-25 12:37:49 DEBUG o.apache.catalina.core.ContainerBase - Add container child [TomcatEmbeddedContext[]] to container [StandardEngine[Tomcat].StandardHost[localhost]]
2026-04-25 12:37:49 DEBUG o.apache.catalina.util.LifecycleBase - Setting state for [StandardServer[-1]] to [INITIALIZING]
2026-04-25 12:37:49 DEBUG o.apache.catalina.util.LifecycleBase - Setting state for [org.apache.catalina.deploy.NamingResourcesImpl@16ee9aa7] to [INITIALIZING]
2026-04-25 12:37:49 DEBUG o.apache.catalina.util.LifecycleBase - Setting state for [org.apache.catalina.deploy.NamingResourcesImpl@16ee9aa7] to [INITIALIZED]
2026-04-25 12:37:49 DEBUG o.apache.catalina.util.LifecycleBase - Setting state for [StandardService[Tomcat]] to [INITIALIZING]
2026-04-25 12:37:49 DEBUG o.apache.catalina.util.LifecycleBase - Setting state for [StandardEngine[Tomcat]] to [INITIALIZING]
2026-04-25 12:37:49 DEBUG o.apache.catalina.util.LifecycleBase - Setting state for [StandardEngine[Tomcat]] to [INITIALIZED]
2026-04-25 12:37:49 DEBUG o.apache.catalina.util.LifecycleBase - Setting state for [org.apache.catalina.mapper.MapperListener@73e776b7] to [INITIALIZING]
2026-04-25 12:37:49 DEBUG o.apache.catalina.util.LifecycleBase - Setting state for [org.apache.catalina.mapper.MapperListener@73e776b7] to [INITIALIZED]
2026-04-25 12:37:49 DEBUG o.apache.catalina.util.LifecycleBase - Setting state for [Connector["http-nio-8080"]] to [INITIALIZING]
2026-04-25 12:37:49 INFO  o.a.coyote.http11.Http11NioProtocol - Initializing ProtocolHandler ["http-nio-8080"]
2026-04-25 12:37:49 DEBUG o.apache.catalina.util.LifecycleBase - Setting state for [Connector["http-nio-8080"]] to [INITIALIZED]
2026-04-25 12:37:49 DEBUG o.apache.catalina.util.LifecycleBase - Setting state for [StandardService[Tomcat]] to [INITIALIZED]
2026-04-25 12:37:49 DEBUG o.apache.catalina.util.LifecycleBase - Setting state for [StandardServer[-1]] to [INITIALIZED]
2026-04-25 12:37:49 DEBUG o.apache.catalina.util.LifecycleBase - Setting state for [StandardServer[-1]] to [STARTING_PREP]
2026-04-25 12:37:49 DEBUG o.apache.catalina.util.LifecycleBase - Setting state for [StandardServer[-1]] to [STARTING]
2026-04-25 12:37:49 DEBUG o.apache.catalina.util.LifecycleBase - Setting state for [org.apache.catalina.deploy.NamingResourcesImpl@16ee9aa7] to [STARTING_PREP]
2026-04-25 12:37:49 DEBUG o.apache.catalina.util.LifecycleBase - Setting state for [org.apache.catalina.deploy.NamingResourcesImpl@16ee9aa7] to [STARTING]
2026-04-25 12:37:49 DEBUG o.apache.catalina.util.LifecycleBase - Setting state for [org.apache.catalina.deploy.NamingResourcesImpl@16ee9aa7] to [STARTED]
2026-04-25 12:37:49 DEBUG o.apache.catalina.util.LifecycleBase - Setting state for [StandardService[Tomcat]] to [STARTING_PREP]
2026-04-25 12:37:49 INFO  o.a.catalina.core.StandardService - Starting service [Tomcat]
2026-04-25 12:37:49 DEBUG o.apache.catalina.util.LifecycleBase - Setting state for [StandardService[Tomcat]] to [STARTING]
2026-04-25 12:37:49 DEBUG o.apache.catalina.util.LifecycleBase - Setting state for [StandardEngine[Tomcat]] to [STARTING_PREP]
2026-04-25 12:37:49 INFO  o.a.catalina.core.StandardEngine - Starting Servlet engine: [Apache Tomcat/10.1.52]
2026-04-25 12:37:49 DEBUG o.apache.catalina.util.LifecycleBase - Setting state for [SimpleRealm[StandardEngine[Tomcat]]] to [INITIALIZING]
2026-04-25 12:37:49 DEBUG o.apache.catalina.util.LifecycleBase - Setting state for [SimpleRealm[StandardEngine[Tomcat]]] to [INITIALIZED]
2026-04-25 12:37:49 DEBUG o.apache.catalina.util.LifecycleBase - Setting state for [SimpleRealm[StandardEngine[Tomcat]]] to [STARTING_PREP]
2026-04-25 12:37:49 DEBUG o.apache.catalina.util.LifecycleBase - Setting state for [SimpleRealm[StandardEngine[Tomcat]]] to [STARTING]
2026-04-25 12:37:49 DEBUG o.apache.catalina.util.LifecycleBase - Setting state for [SimpleRealm[StandardEngine[Tomcat]]] to [STARTED]
2026-04-25 12:37:49 DEBUG o.apache.catalina.util.LifecycleBase - Setting state for [StandardEngine[Tomcat].StandardHost[localhost]] to [INITIALIZING]
2026-04-25 12:37:49 DEBUG o.apache.catalina.util.LifecycleBase - Setting state for [StandardEngine[Tomcat].StandardHost[localhost]] to [INITIALIZED]
2026-04-25 12:37:49 DEBUG o.apache.catalina.util.LifecycleBase - Setting state for [StandardEngine[Tomcat].StandardHost[localhost]] to [STARTING_PREP]
2026-04-25 12:37:49 DEBUG o.apache.catalina.util.LifecycleBase - Setting state for [StandardEngine[Tomcat].StandardHost[localhost].TomcatEmbeddedContext[]] to [INITIALIZING]
2026-04-25 12:37:49 DEBUG o.apache.catalina.util.LifecycleBase - Setting state for [StandardEngine[Tomcat].StandardHost[localhost].TomcatEmbeddedContext[]] to [INITIALIZED]
2026-04-25 12:37:49 DEBUG o.apache.catalina.util.LifecycleBase - Setting state for [StandardEngine[Tomcat].StandardHost[localhost].TomcatEmbeddedContext[]] to [STARTING_PREP]
2026-04-25 12:37:50 DEBUG o.apache.catalina.util.LifecycleBase - Setting state for [org.apache.catalina.webresources.StandardRoot@7889b4b9] to [INITIALIZING]
2026-04-25 12:37:50 DEBUG o.apache.catalina.util.LifecycleBase - Setting state for [org.apache.catalina.webresources.StandardRoot@7889b4b9] to [INITIALIZED]
2026-04-25 12:37:50 DEBUG o.apache.catalina.util.LifecycleBase - Setting state for [org.apache.catalina.webresources.StandardRoot@7889b4b9] to [STARTING_PREP]
2026-04-25 12:37:50 DEBUG o.apache.catalina.util.LifecycleBase - Setting state for [org.apache.catalina.webresources.DirResourceSet@24876a7e] to [INITIALIZING]
2026-04-25 12:37:50 DEBUG o.apache.catalina.util.LifecycleBase - Setting state for [org.apache.catalina.webresources.DirResourceSet@24876a7e] to [INITIALIZED]
2026-04-25 12:37:50 DEBUG o.apache.catalina.util.LifecycleBase - Setting state for [org.apache.catalina.webresources.DirResourceSet@24876a7e] to [STARTING_PREP]
2026-04-25 12:37:50 DEBUG o.apache.catalina.util.LifecycleBase - Setting state for [org.apache.catalina.webresources.DirResourceSet@24876a7e] to [STARTING]
2026-04-25 12:37:50 DEBUG o.apache.catalina.util.LifecycleBase - Setting state for [org.apache.catalina.webresources.DirResourceSet@24876a7e] to [STARTED]
2026-04-25 12:37:50 DEBUG o.apache.catalina.util.LifecycleBase - Setting state for [org.apache.catalina.webresources.StandardRoot@7889b4b9] to [STARTING]
2026-04-25 12:37:50 DEBUG o.apache.catalina.util.LifecycleBase - Setting state for [org.apache.catalina.webresources.StandardRoot@7889b4b9] to [STARTED]
2026-04-25 12:37:50 DEBUG o.apache.catalina.util.LifecycleBase - Setting state for [WebappLoader[StandardEngine[Tomcat].StandardHost[localhost].TomcatEmbeddedContext[]]] to [INITIALIZING]
2026-04-25 12:37:50 DEBUG o.apache.catalina.util.LifecycleBase - Setting state for [WebappLoader[StandardEngine[Tomcat].StandardHost[localhost].TomcatEmbeddedContext[]]] to [INITIALIZED]
2026-04-25 12:37:50 DEBUG o.apache.catalina.util.LifecycleBase - Setting state for [WebappLoader[StandardEngine[Tomcat].StandardHost[localhost].TomcatEmbeddedContext[]]] to [STARTING_PREP]
2026-04-25 12:37:50 DEBUG o.a.catalina.loader.WebappLoader - Starting this Loader
2026-04-25 12:37:50 DEBUG o.apache.catalina.webresources.Cache - Increased cache size by [531] for item [org.apache.catalina.webresources.CachedResource@7ce29a2d] at [/WEB-INF/classes] making total cache size [531]
2026-04-25 12:37:50 DEBUG o.apache.catalina.util.LifecycleBase - Setting state for [WebappLoader[StandardEngine[Tomcat].StandardHost[localhost].TomcatEmbeddedContext[]]] to [STARTING]
2026-04-25 12:37:50 DEBUG o.apache.catalina.util.LifecycleBase - Setting state for [WebappLoader[StandardEngine[Tomcat].StandardHost[localhost].TomcatEmbeddedContext[]]] to [STARTED]
2026-04-25 12:37:50 DEBUG o.apache.catalina.util.LifecycleBase - Setting state for [StandardPipeline[StandardEngine[Tomcat].StandardHost[localhost].TomcatEmbeddedContext[]]] to [INITIALIZING]
2026-04-25 12:37:50 DEBUG o.apache.catalina.util.LifecycleBase - Setting state for [StandardPipeline[StandardEngine[Tomcat].StandardHost[localhost].TomcatEmbeddedContext[]]] to [INITIALIZED]
2026-04-25 12:37:50 DEBUG o.apache.catalina.util.LifecycleBase - Setting state for [StandardPipeline[StandardEngine[Tomcat].StandardHost[localhost].TomcatEmbeddedContext[]]] to [STARTING_PREP]
2026-04-25 12:37:50 DEBUG o.apache.catalina.util.LifecycleBase - Setting state for [NonLoginAuthenticator[StandardEngine[Tomcat].StandardHost[localhost].TomcatEmbeddedContext[]]] to [INITIALIZING]
2026-04-25 12:37:50 DEBUG o.apache.catalina.util.LifecycleBase - Setting state for [NonLoginAuthenticator[StandardEngine[Tomcat].StandardHost[localhost].TomcatEmbeddedContext[]]] to [INITIALIZED]
2026-04-25 12:37:50 DEBUG o.apache.catalina.util.LifecycleBase - Setting state for [NonLoginAuthenticator[StandardEngine[Tomcat].StandardHost[localhost].TomcatEmbeddedContext[]]] to [STARTING_PREP]
2026-04-25 12:37:50 DEBUG o.apache.catalina.util.LifecycleBase - Setting state for [NonLoginAuthenticator[StandardEngine[Tomcat].StandardHost[localhost].TomcatEmbeddedContext[]]] to [STARTING]
2026-04-25 12:37:50 DEBUG o.apache.catalina.util.LifecycleBase - Setting state for [NonLoginAuthenticator[StandardEngine[Tomcat].StandardHost[localhost].TomcatEmbeddedContext[]]] to [STARTED]
2026-04-25 12:37:50 DEBUG o.apache.catalina.util.LifecycleBase - Setting state for [StandardContextValve[StandardEngine[Tomcat].StandardHost[localhost].TomcatEmbeddedContext[]]] to [INITIALIZING]
2026-04-25 12:37:50 DEBUG o.apache.catalina.util.LifecycleBase - Setting state for [StandardContextValve[StandardEngine[Tomcat].StandardHost[localhost].TomcatEmbeddedContext[]]] to [INITIALIZED]
2026-04-25 12:37:50 DEBUG o.apache.catalina.util.LifecycleBase - Setting state for [StandardContextValve[StandardEngine[Tomcat].StandardHost[localhost].TomcatEmbeddedContext[]]] to [STARTING_PREP]
2026-04-25 12:37:50 DEBUG o.apache.catalina.util.LifecycleBase - Setting state for [StandardContextValve[StandardEngine[Tomcat].StandardHost[localhost].TomcatEmbeddedContext[]]] to [STARTING]
2026-04-25 12:37:50 DEBUG o.apache.catalina.util.LifecycleBase - Setting state for [StandardContextValve[StandardEngine[Tomcat].StandardHost[localhost].TomcatEmbeddedContext[]]] to [STARTED]
2026-04-25 12:37:50 DEBUG o.apache.catalina.util.LifecycleBase - Setting state for [StandardPipeline[StandardEngine[Tomcat].StandardHost[localhost].TomcatEmbeddedContext[]]] to [STARTING]
2026-04-25 12:37:50 DEBUG o.apache.catalina.util.LifecycleBase - Setting state for [StandardPipeline[StandardEngine[Tomcat].StandardHost[localhost].TomcatEmbeddedContext[]]] to [STARTED]
2026-04-25 12:37:50 DEBUG o.a.catalina.core.StandardContext - No manager found. Checking if cluster manager should be used. Cluster configured: [false], Application distributable: [false]
2026-04-25 12:37:50 DEBUG o.a.catalina.core.StandardContext - Configured a manager of class [org.apache.catalina.session.StandardManager]
2026-04-25 12:37:50 DEBUG o.apache.catalina.util.LifecycleBase - Setting state for [org.apache.catalina.deploy.NamingResourcesImpl@21a46ff1] to [INITIALIZING]
2026-04-25 12:37:50 DEBUG o.apache.catalina.util.LifecycleBase - Setting state for [org.apache.catalina.deploy.NamingResourcesImpl@21a46ff1] to [INITIALIZED]
2026-04-25 12:37:50 DEBUG o.apache.catalina.util.LifecycleBase - Setting state for [org.apache.catalina.deploy.NamingResourcesImpl@21a46ff1] to [STARTING_PREP]
2026-04-25 12:37:50 DEBUG o.apache.catalina.util.LifecycleBase - Setting state for [org.apache.catalina.deploy.NamingResourcesImpl@21a46ff1] to [STARTING]
2026-04-25 12:37:50 DEBUG o.apache.catalina.util.LifecycleBase - Setting state for [org.apache.catalina.deploy.NamingResourcesImpl@21a46ff1] to [STARTED]
2026-04-25 12:37:50 INFO  o.a.c.c.C.[Tomcat].[localhost].[/] - Initializing Spring embedded WebApplicationContext
2026-04-25 12:37:51 DEBUG o.apache.catalina.util.LifecycleBase - Setting state for [StandardManager[StandardEngine[Tomcat].StandardHost[localhost].TomcatEmbeddedContext[]]] to [INITIALIZING]
2026-04-25 12:37:51 DEBUG o.apache.catalina.util.LifecycleBase - Setting state for [StandardManager[StandardEngine[Tomcat].StandardHost[localhost].TomcatEmbeddedContext[]]] to [INITIALIZED]
2026-04-25 12:37:51 DEBUG o.apache.catalina.util.LifecycleBase - Setting state for [StandardManager[StandardEngine[Tomcat].StandardHost[localhost].TomcatEmbeddedContext[]]] to [STARTING_PREP]
2026-04-25 12:37:51 DEBUG o.apache.catalina.util.LifecycleBase - Setting state for [org.springframework.boot.web.embedded.tomcat.LazySessionIdGenerator@1a0d313] to [INITIALIZING]
2026-04-25 12:37:51 DEBUG o.apache.catalina.util.LifecycleBase - Setting state for [org.springframework.boot.web.embedded.tomcat.LazySessionIdGenerator@1a0d313] to [INITIALIZED]
2026-04-25 12:37:51 DEBUG o.apache.catalina.util.LifecycleBase - Setting state for [org.springframework.boot.web.embedded.tomcat.LazySessionIdGenerator@1a0d313] to [STARTING_PREP]
2026-04-25 12:37:51 DEBUG o.apache.catalina.util.LifecycleBase - Setting state for [org.springframework.boot.web.embedded.tomcat.LazySessionIdGenerator@1a0d313] to [STARTING]
2026-04-25 12:37:51 DEBUG o.apache.catalina.util.LifecycleBase - Setting state for [org.springframework.boot.web.embedded.tomcat.LazySessionIdGenerator@1a0d313] to [STARTED]
2026-04-25 12:37:51 DEBUG o.apache.catalina.util.LifecycleBase - Setting state for [StandardManager[StandardEngine[Tomcat].StandardHost[localhost].TomcatEmbeddedContext[]]] to [STARTING]
2026-04-25 12:37:51 DEBUG o.apache.catalina.util.LifecycleBase - Setting state for [StandardManager[StandardEngine[Tomcat].StandardHost[localhost].TomcatEmbeddedContext[]]] to [STARTED]
2026-04-25 12:37:51 DEBUG o.apache.catalina.util.LifecycleBase - Setting state for [StandardEngine[Tomcat].StandardHost[localhost].TomcatEmbeddedContext[]] to [STARTING]
2026-04-25 12:37:51 DEBUG o.apache.catalina.util.LifecycleBase - Setting state for [StandardEngine[Tomcat].StandardHost[localhost].TomcatEmbeddedContext[]] to [STARTED]
2026-04-25 12:37:51 DEBUG o.apache.catalina.util.LifecycleBase - Setting state for [StandardPipeline[StandardEngine[Tomcat].StandardHost[localhost]]] to [INITIALIZING]
2026-04-25 12:37:51 DEBUG o.apache.catalina.util.LifecycleBase - Setting state for [StandardPipeline[StandardEngine[Tomcat].StandardHost[localhost]]] to [INITIALIZED]
2026-04-25 12:37:51 DEBUG o.apache.catalina.util.LifecycleBase - Setting state for [StandardPipeline[StandardEngine[Tomcat].StandardHost[localhost]]] to [STARTING_PREP]
2026-04-25 12:37:51 DEBUG o.apache.catalina.util.LifecycleBase - Setting state for [ErrorReportValve[StandardEngine[Tomcat].StandardHost[localhost]]] to [INITIALIZING]
2026-04-25 12:37:51 DEBUG o.apache.catalina.util.LifecycleBase - Setting state for [ErrorReportValve[StandardEngine[Tomcat].StandardHost[localhost]]] to [INITIALIZED]
2026-04-25 12:37:51 DEBUG o.apache.catalina.util.LifecycleBase - Setting state for [ErrorReportValve[StandardEngine[Tomcat].StandardHost[localhost]]] to [STARTING_PREP]
2026-04-25 12:37:51 DEBUG o.apache.catalina.util.LifecycleBase - Setting state for [ErrorReportValve[StandardEngine[Tomcat].StandardHost[localhost]]] to [STARTING]
2026-04-25 12:37:51 DEBUG o.apache.catalina.util.LifecycleBase - Setting state for [ErrorReportValve[StandardEngine[Tomcat].StandardHost[localhost]]] to [STARTED]
2026-04-25 12:37:51 DEBUG o.apache.catalina.util.LifecycleBase - Setting state for [StandardHostValve[StandardEngine[Tomcat].StandardHost[localhost]]] to [INITIALIZING]
2026-04-25 12:37:51 DEBUG o.apache.catalina.util.LifecycleBase - Setting state for [StandardHostValve[StandardEngine[Tomcat].StandardHost[localhost]]] to [INITIALIZED]
2026-04-25 12:37:51 DEBUG o.apache.catalina.util.LifecycleBase - Setting state for [StandardHostValve[StandardEngine[Tomcat].StandardHost[localhost]]] to [STARTING_PREP]
2026-04-25 12:37:51 DEBUG o.apache.catalina.util.LifecycleBase - Setting state for [StandardHostValve[StandardEngine[Tomcat].StandardHost[localhost]]] to [STARTING]
2026-04-25 12:37:51 DEBUG o.apache.catalina.util.LifecycleBase - Setting state for [StandardHostValve[StandardEngine[Tomcat].StandardHost[localhost]]] to [STARTED]
2026-04-25 12:37:51 DEBUG o.apache.catalina.util.LifecycleBase - Setting state for [StandardPipeline[StandardEngine[Tomcat].StandardHost[localhost]]] to [STARTING]
2026-04-25 12:37:51 DEBUG o.apache.catalina.util.LifecycleBase - Setting state for [StandardPipeline[StandardEngine[Tomcat].StandardHost[localhost]]] to [STARTED]
2026-04-25 12:37:51 DEBUG o.apache.catalina.util.LifecycleBase - Setting state for [StandardEngine[Tomcat].StandardHost[localhost]] to [STARTING]
2026-04-25 12:37:51 DEBUG o.apache.catalina.util.LifecycleBase - Setting state for [StandardEngine[Tomcat].StandardHost[localhost]] to [STARTED]
2026-04-25 12:37:51 DEBUG o.apache.catalina.util.LifecycleBase - Setting state for [StandardPipeline[StandardEngine[Tomcat]]] to [INITIALIZING]
2026-04-25 12:37:51 DEBUG o.apache.catalina.util.LifecycleBase - Setting state for [StandardPipeline[StandardEngine[Tomcat]]] to [INITIALIZED]
2026-04-25 12:37:51 DEBUG o.apache.catalina.util.LifecycleBase - Setting state for [StandardPipeline[StandardEngine[Tomcat]]] to [STARTING_PREP]
2026-04-25 12:37:51 DEBUG o.apache.catalina.util.LifecycleBase - Setting state for [StandardEngineValve[StandardEngine[Tomcat]]] to [INITIALIZING]
2026-04-25 12:37:51 DEBUG o.apache.catalina.util.LifecycleBase - Setting state for [StandardEngineValve[StandardEngine[Tomcat]]] to [INITIALIZED]
2026-04-25 12:37:51 DEBUG o.apache.catalina.util.LifecycleBase - Setting state for [StandardEngineValve[StandardEngine[Tomcat]]] to [STARTING_PREP]
2026-04-25 12:37:51 DEBUG o.apache.catalina.util.LifecycleBase - Setting state for [StandardEngineValve[StandardEngine[Tomcat]]] to [STARTING]
2026-04-25 12:37:51 DEBUG o.apache.catalina.util.LifecycleBase - Setting state for [StandardEngineValve[StandardEngine[Tomcat]]] to [STARTED]
2026-04-25 12:37:51 DEBUG o.apache.catalina.util.LifecycleBase - Setting state for [StandardPipeline[StandardEngine[Tomcat]]] to [STARTING]
2026-04-25 12:37:51 DEBUG o.apache.catalina.util.LifecycleBase - Setting state for [StandardPipeline[StandardEngine[Tomcat]]] to [STARTED]
2026-04-25 12:37:51 DEBUG o.apache.catalina.util.LifecycleBase - Setting state for [StandardEngine[Tomcat]] to [STARTING]
2026-04-25 12:37:51 DEBUG o.apache.catalina.util.LifecycleBase - Setting state for [StandardEngine[Tomcat]] to [STARTED]
2026-04-25 12:37:51 DEBUG o.apache.catalina.util.LifecycleBase - Setting state for [org.apache.catalina.mapper.MapperListener@73e776b7] to [STARTING_PREP]
2026-04-25 12:37:51 DEBUG o.apache.catalina.util.LifecycleBase - Setting state for [org.apache.catalina.mapper.MapperListener@73e776b7] to [STARTING]
2026-04-25 12:37:51 DEBUG org.apache.catalina.mapper.Mapper - Registered host [localhost]
2026-04-25 12:37:51 DEBUG o.a.catalina.mapper.MapperListener - Register Context [] for service [StandardService[Tomcat]]
2026-04-25 12:37:51 DEBUG o.a.catalina.mapper.MapperListener - Register host [localhost] at domain [null] for service [StandardService[Tomcat]]
2026-04-25 12:37:51 DEBUG o.apache.catalina.util.LifecycleBase - Setting state for [org.apache.catalina.mapper.MapperListener@73e776b7] to [STARTED]
2026-04-25 12:37:51 DEBUG o.apache.catalina.util.LifecycleBase - Setting state for [StandardService[Tomcat]] to [STARTED]
2026-04-25 12:37:51 DEBUG o.apache.catalina.util.LifecycleBase - Setting state for [StandardServer[-1]] to [STARTED]
2026-04-25 12:37:51 DEBUG o.apache.catalina.util.LifecycleBase - Setting state for [StandardServer[-1]] to [STOPPING_PREP]
2026-04-25 12:37:51 DEBUG o.apache.catalina.util.LifecycleBase - Setting state for [StandardServer[-1]] to [STOPPING]
2026-04-25 12:37:51 DEBUG o.apache.catalina.util.LifecycleBase - Setting state for [StandardService[Tomcat]] to [STOPPING_PREP]
2026-04-25 12:37:51 INFO  o.a.catalina.core.StandardService - Stopping service [Tomcat]
2026-04-25 12:37:51 DEBUG o.apache.catalina.util.LifecycleBase - Setting state for [StandardService[Tomcat]] to [STOPPING]
2026-04-25 12:37:51 DEBUG o.apache.catalina.util.LifecycleBase - Setting state for [StandardEngine[Tomcat]] to [STOPPING_PREP]
2026-04-25 12:37:51 DEBUG o.apache.catalina.util.LifecycleBase - Setting state for [StandardEngine[Tomcat]] to [STOPPING]
2026-04-25 12:37:51 DEBUG o.apache.catalina.util.LifecycleBase - Setting state for [StandardPipeline[StandardEngine[Tomcat]]] to [STOPPING_PREP]
2026-04-25 12:37:51 DEBUG o.apache.catalina.util.LifecycleBase - Setting state for [StandardPipeline[StandardEngine[Tomcat]]] to [STOPPING]
2026-04-25 12:37:51 DEBUG o.apache.catalina.util.LifecycleBase - Setting state for [StandardEngineValve[StandardEngine[Tomcat]]] to [STOPPING_PREP]
2026-04-25 12:37:51 DEBUG o.apache.catalina.util.LifecycleBase - Setting state for [StandardEngineValve[StandardEngine[Tomcat]]] to [STOPPING]
2026-04-25 12:37:51 DEBUG o.apache.catalina.util.LifecycleBase - Setting state for [StandardEngineValve[StandardEngine[Tomcat]]] to [STOPPED]
2026-04-25 12:37:51 DEBUG o.apache.catalina.util.LifecycleBase - Setting state for [StandardPipeline[StandardEngine[Tomcat]]] to [STOPPED]
2026-04-25 12:37:51 DEBUG o.apache.catalina.util.LifecycleBase - Setting state for [StandardEngine[Tomcat].StandardHost[localhost]] to [STOPPING_PREP]
2026-04-25 12:37:51 DEBUG o.a.catalina.mapper.MapperListener - Unregister host [localhost] at domain [null] for service [StandardService[Tomcat]]
2026-04-25 12:37:51 DEBUG o.apache.catalina.util.LifecycleBase - Setting state for [StandardEngine[Tomcat].StandardHost[localhost]] to [STOPPING]
2026-04-25 12:37:51 DEBUG o.apache.catalina.util.LifecycleBase - Setting state for [StandardPipeline[StandardEngine[Tomcat].StandardHost[localhost]]] to [STOPPING_PREP]
2026-04-25 12:37:51 DEBUG o.apache.catalina.util.LifecycleBase - Setting state for [StandardPipeline[StandardEngine[Tomcat].StandardHost[localhost]]] to [STOPPING]
2026-04-25 12:37:51 DEBUG o.apache.catalina.util.LifecycleBase - Setting state for [ErrorReportValve[StandardEngine[Tomcat].StandardHost[localhost]]] to [STOPPING_PREP]
2026-04-25 12:37:51 DEBUG o.apache.catalina.util.LifecycleBase - Setting state for [ErrorReportValve[StandardEngine[Tomcat].StandardHost[localhost]]] to [STOPPING]
2026-04-25 12:37:51 DEBUG o.apache.catalina.util.LifecycleBase - Setting state for [ErrorReportValve[StandardEngine[Tomcat].StandardHost[localhost]]] to [STOPPED]
2026-04-25 12:37:51 DEBUG o.apache.catalina.util.LifecycleBase - Setting state for [StandardHostValve[StandardEngine[Tomcat].StandardHost[localhost]]] to [STOPPING_PREP]
2026-04-25 12:37:51 DEBUG o.apache.catalina.util.LifecycleBase - Setting state for [StandardHostValve[StandardEngine[Tomcat].StandardHost[localhost]]] to [STOPPING]
2026-04-25 12:37:51 DEBUG o.apache.catalina.util.LifecycleBase - Setting state for [StandardHostValve[StandardEngine[Tomcat].StandardHost[localhost]]] to [STOPPED]
2026-04-25 12:37:51 DEBUG o.apache.catalina.util.LifecycleBase - Setting state for [StandardPipeline[StandardEngine[Tomcat].StandardHost[localhost]]] to [STOPPED]
2026-04-25 12:37:51 DEBUG o.apache.catalina.util.LifecycleBase - Setting state for [StandardEngine[Tomcat].StandardHost[localhost].TomcatEmbeddedContext[]] to [STOPPING_PREP]
2026-04-25 12:37:51 DEBUG o.a.catalina.mapper.MapperListener - Unregister Context [] for service [StandardService[Tomcat]]
2026-04-25 12:37:51 DEBUG o.apache.catalina.util.LifecycleBase - Setting state for [StandardEngine[Tomcat].StandardHost[localhost].TomcatEmbeddedContext[]] to [STOPPING]
2026-04-25 12:37:51 DEBUG o.a.c.core.ApplicationFilterConfig - JMX de-registration complete for filter of type [org.apache.tomcat.websocket.server.WsFilter] and name [Tomcat WebSocket (JSR356) Filter]
2026-04-25 12:37:51 DEBUG o.apache.catalina.util.LifecycleBase - Setting state for [StandardManager[StandardEngine[Tomcat].StandardHost[localhost].TomcatEmbeddedContext[]]] to [STOPPING_PREP]
2026-04-25 12:37:51 DEBUG o.apache.catalina.util.LifecycleBase - Setting state for [StandardManager[StandardEngine[Tomcat].StandardHost[localhost].TomcatEmbeddedContext[]]] to [STOPPING]
2026-04-25 12:37:51 DEBUG o.a.catalina.session.StandardManager - No persisted sessions to unload
2026-04-25 12:37:51 DEBUG o.apache.catalina.util.LifecycleBase - Setting state for [org.springframework.boot.web.embedded.tomcat.LazySessionIdGenerator@1a0d313] to [STOPPING_PREP]
2026-04-25 12:37:51 DEBUG o.apache.catalina.util.LifecycleBase - Setting state for [org.springframework.boot.web.embedded.tomcat.LazySessionIdGenerator@1a0d313] to [STOPPING]
2026-04-25 12:37:51 DEBUG o.apache.catalina.util.LifecycleBase - Setting state for [org.springframework.boot.web.embedded.tomcat.LazySessionIdGenerator@1a0d313] to [STOPPED]
2026-04-25 12:37:51 DEBUG o.apache.catalina.util.LifecycleBase - Setting state for [StandardManager[StandardEngine[Tomcat].StandardHost[localhost].TomcatEmbeddedContext[]]] to [STOPPED]
2026-04-25 12:37:51 DEBUG o.apache.catalina.util.LifecycleBase - Setting state for [org.apache.catalina.deploy.NamingResourcesImpl@21a46ff1] to [STOPPING_PREP]
2026-04-25 12:37:51 DEBUG o.apache.catalina.util.LifecycleBase - Setting state for [org.apache.catalina.deploy.NamingResourcesImpl@21a46ff1] to [STOPPING]
2026-04-25 12:37:51 DEBUG o.apache.catalina.util.LifecycleBase - Setting state for [org.apache.catalina.deploy.NamingResourcesImpl@21a46ff1] to [STOPPED]
2026-04-25 12:37:51 DEBUG o.apache.catalina.util.LifecycleBase - Setting state for [StandardPipeline[StandardEngine[Tomcat].StandardHost[localhost].TomcatEmbeddedContext[]]] to [STOPPING_PREP]
2026-04-25 12:37:51 DEBUG o.apache.catalina.util.LifecycleBase - Setting state for [StandardPipeline[StandardEngine[Tomcat].StandardHost[localhost].TomcatEmbeddedContext[]]] to [STOPPING]
2026-04-25 12:37:51 DEBUG o.apache.catalina.util.LifecycleBase - Setting state for [NonLoginAuthenticator[StandardEngine[Tomcat].StandardHost[localhost].TomcatEmbeddedContext[]]] to [STOPPING_PREP]
2026-04-25 12:37:51 DEBUG o.apache.catalina.util.LifecycleBase - Setting state for [NonLoginAuthenticator[StandardEngine[Tomcat].StandardHost[localhost].TomcatEmbeddedContext[]]] to [STOPPING]
2026-04-25 12:37:51 DEBUG o.apache.catalina.util.LifecycleBase - Setting state for [NonLoginAuthenticator[StandardEngine[Tomcat].StandardHost[localhost].TomcatEmbeddedContext[]]] to [STOPPED]
2026-04-25 12:37:51 DEBUG o.apache.catalina.util.LifecycleBase - Setting state for [StandardContextValve[StandardEngine[Tomcat].StandardHost[localhost].TomcatEmbeddedContext[]]] to [STOPPING_PREP]
2026-04-25 12:37:51 DEBUG o.apache.catalina.util.LifecycleBase - Setting state for [StandardContextValve[StandardEngine[Tomcat].StandardHost[localhost].TomcatEmbeddedContext[]]] to [STOPPING]
2026-04-25 12:37:51 DEBUG o.apache.catalina.util.LifecycleBase - Setting state for [StandardContextValve[StandardEngine[Tomcat].StandardHost[localhost].TomcatEmbeddedContext[]]] to [STOPPED]
2026-04-25 12:37:51 DEBUG o.apache.catalina.util.LifecycleBase - Setting state for [StandardPipeline[StandardEngine[Tomcat].StandardHost[localhost].TomcatEmbeddedContext[]]] to [STOPPED]
2026-04-25 12:37:51 DEBUG o.apache.catalina.util.LifecycleBase - Setting state for [WebappLoader[StandardEngine[Tomcat].StandardHost[localhost].TomcatEmbeddedContext[]]] to [STOPPING_PREP]
2026-04-25 12:37:51 DEBUG o.a.catalina.loader.WebappLoader - Stopping this Loader
2026-04-25 12:37:51 DEBUG o.apache.catalina.util.LifecycleBase - Setting state for [WebappLoader[StandardEngine[Tomcat].StandardHost[localhost].TomcatEmbeddedContext[]]] to [STOPPING]
2026-04-25 12:37:51 DEBUG o.apache.catalina.util.LifecycleBase - Setting state for [WebappLoader[StandardEngine[Tomcat].StandardHost[localhost].TomcatEmbeddedContext[]]] to [STOPPED]
2026-04-25 12:37:51 DEBUG o.apache.catalina.util.LifecycleBase - Setting state for [org.apache.catalina.webresources.StandardRoot@7889b4b9] to [STOPPING_PREP]
2026-04-25 12:37:51 DEBUG o.apache.catalina.util.LifecycleBase - Setting state for [org.apache.catalina.webresources.DirResourceSet@24876a7e] to [STOPPING_PREP]
2026-04-25 12:37:51 DEBUG o.apache.catalina.util.LifecycleBase - Setting state for [org.apache.catalina.webresources.DirResourceSet@24876a7e] to [STOPPING]
2026-04-25 12:37:51 DEBUG o.apache.catalina.util.LifecycleBase - Setting state for [org.apache.catalina.webresources.DirResourceSet@24876a7e] to [STOPPED]
2026-04-25 12:37:51 DEBUG o.apache.catalina.util.LifecycleBase - Setting state for [org.apache.catalina.webresources.DirResourceSet@24876a7e] to [DESTROYING]
2026-04-25 12:37:51 DEBUG o.apache.catalina.util.LifecycleBase - Setting state for [org.apache.catalina.webresources.DirResourceSet@24876a7e] to [DESTROYED]
2026-04-25 12:37:51 DEBUG o.apache.catalina.util.LifecycleBase - Setting state for [org.apache.catalina.webresources.StandardRoot@7889b4b9] to [STOPPING]
2026-04-25 12:37:51 DEBUG o.apache.catalina.util.LifecycleBase - Setting state for [org.apache.catalina.webresources.StandardRoot@7889b4b9] to [STOPPED]
2026-04-25 12:37:51 DEBUG o.apache.catalina.util.LifecycleBase - Setting state for [StandardEngine[Tomcat].StandardHost[localhost].TomcatEmbeddedContext[]] to [STOPPED]
2026-04-25 12:37:51 DEBUG o.apache.catalina.util.LifecycleBase - Setting state for [StandardEngine[Tomcat].StandardHost[localhost]] to [STOPPED]
2026-04-25 12:37:51 DEBUG o.apache.catalina.util.LifecycleBase - Setting state for [SimpleRealm[StandardEngine[Tomcat]]] to [STOPPING_PREP]
2026-04-25 12:37:51 DEBUG o.apache.catalina.util.LifecycleBase - Setting state for [SimpleRealm[StandardEngine[Tomcat]]] to [STOPPING]
2026-04-25 12:37:51 DEBUG o.apache.catalina.util.LifecycleBase - Setting state for [SimpleRealm[StandardEngine[Tomcat]]] to [STOPPED]
2026-04-25 12:37:51 DEBUG o.apache.catalina.util.LifecycleBase - Setting state for [StandardEngine[Tomcat]] to [STOPPED]
2026-04-25 12:37:51 DEBUG o.apache.catalina.util.LifecycleBase - Setting state for [org.apache.catalina.mapper.MapperListener@73e776b7] to [STOPPING_PREP]
2026-04-25 12:37:51 DEBUG o.apache.catalina.util.LifecycleBase - Setting state for [org.apache.catalina.mapper.MapperListener@73e776b7] to [STOPPING]
2026-04-25 12:37:51 DEBUG o.apache.catalina.util.LifecycleBase - Setting state for [org.apache.catalina.mapper.MapperListener@73e776b7] to [STOPPED]
2026-04-25 12:37:51 DEBUG o.apache.catalina.util.LifecycleBase - Setting state for [StandardService[Tomcat]] to [STOPPED]
2026-04-25 12:37:51 DEBUG o.apache.catalina.util.LifecycleBase - Setting state for [org.apache.catalina.deploy.NamingResourcesImpl@16ee9aa7] to [STOPPING_PREP]
2026-04-25 12:37:51 DEBUG o.apache.catalina.util.LifecycleBase - Setting state for [org.apache.catalina.deploy.NamingResourcesImpl@16ee9aa7] to [STOPPING]
2026-04-25 12:37:51 DEBUG o.apache.catalina.util.LifecycleBase - Setting state for [org.apache.catalina.deploy.NamingResourcesImpl@16ee9aa7] to [STOPPED]
2026-04-25 12:37:51 DEBUG o.apache.catalina.util.LifecycleBase - Setting state for [StandardServer[-1]] to [STOPPED]
2026-04-25 12:37:51 DEBUG o.apache.catalina.util.LifecycleBase - Setting state for [StandardServer[-1]] to [DESTROYING]
2026-04-25 12:37:51 DEBUG o.apache.catalina.util.LifecycleBase - Setting state for [StandardService[Tomcat]] to [DESTROYING]
2026-04-25 12:37:51 DEBUG o.apache.catalina.util.LifecycleBase - Setting state for [org.apache.catalina.mapper.MapperListener@73e776b7] to [DESTROYING]
2026-04-25 12:37:51 DEBUG o.apache.catalina.util.LifecycleBase - Setting state for [org.apache.catalina.mapper.MapperListener@73e776b7] to [DESTROYED]
2026-04-25 12:37:51 DEBUG o.apache.catalina.util.LifecycleBase - Setting state for [StandardEngine[Tomcat]] to [DESTROYING]
2026-04-25 12:37:51 DEBUG o.apache.catalina.util.LifecycleBase - Setting state for [SimpleRealm[StandardEngine[Tomcat]]] to [DESTROYING]
2026-04-25 12:37:51 DEBUG o.apache.catalina.util.LifecycleBase - Setting state for [SimpleRealm[StandardEngine[Tomcat]]] to [DESTROYED]
2026-04-25 12:37:51 DEBUG o.apache.catalina.util.LifecycleBase - Setting state for [StandardPipeline[StandardEngine[Tomcat]]] to [DESTROYING]
2026-04-25 12:37:51 DEBUG o.apache.catalina.util.LifecycleBase - Setting state for [StandardEngineValve[Container is null]] to [DESTROYING]
2026-04-25 12:37:51 DEBUG o.apache.catalina.util.LifecycleBase - Setting state for [StandardEngineValve[Container is null]] to [DESTROYED]
2026-04-25 12:37:51 DEBUG o.apache.catalina.util.LifecycleBase - Setting state for [StandardPipeline[StandardEngine[Tomcat]]] to [DESTROYED]
2026-04-25 12:37:51 DEBUG o.apache.catalina.util.LifecycleBase - Setting state for [StandardEngine[Tomcat].StandardHost[localhost]] to [DESTROYING]
2026-04-25 12:37:51 DEBUG o.apache.catalina.util.LifecycleBase - Setting state for [StandardPipeline[StandardEngine[Tomcat].StandardHost[localhost]]] to [DESTROYING]
2026-04-25 12:37:51 DEBUG o.apache.catalina.util.LifecycleBase - Setting state for [ErrorReportValve[Container is null]] to [DESTROYING]
2026-04-25 12:37:51 DEBUG o.apache.catalina.util.LifecycleBase - Setting state for [ErrorReportValve[Container is null]] to [DESTROYED]
2026-04-25 12:37:51 DEBUG o.apache.catalina.util.LifecycleBase - Setting state for [StandardHostValve[Container is null]] to [DESTROYING]
2026-04-25 12:37:51 DEBUG o.apache.catalina.util.LifecycleBase - Setting state for [StandardHostValve[Container is null]] to [DESTROYED]
2026-04-25 12:37:51 DEBUG o.apache.catalina.util.LifecycleBase - Setting state for [StandardPipeline[StandardEngine[Tomcat].StandardHost[localhost]]] to [DESTROYED]
2026-04-25 12:37:51 DEBUG o.apache.catalina.util.LifecycleBase - Setting state for [StandardEngine[Tomcat].StandardHost[localhost].TomcatEmbeddedContext[]] to [DESTROYING]
2026-04-25 12:37:51 DEBUG o.apache.catalina.util.LifecycleBase - Setting state for [org.apache.catalina.deploy.NamingResourcesImpl@21a46ff1] to [DESTROYING]
2026-04-25 12:37:51 DEBUG o.apache.catalina.util.LifecycleBase - Setting state for [org.apache.catalina.deploy.NamingResourcesImpl@21a46ff1] to [DESTROYED]
2026-04-25 12:37:51 DEBUG o.apache.catalina.util.LifecycleBase - Setting state for [WebappLoader[StandardEngine[Tomcat].StandardHost[localhost].TomcatEmbeddedContext[]]] to [DESTROYING]
2026-04-25 12:37:51 DEBUG o.apache.catalina.util.LifecycleBase - Setting state for [WebappLoader[StandardEngine[Tomcat].StandardHost[localhost].TomcatEmbeddedContext[]]] to [DESTROYED]
2026-04-25 12:37:51 DEBUG o.apache.catalina.util.LifecycleBase - Setting state for [StandardManager[StandardEngine[Tomcat].StandardHost[localhost].TomcatEmbeddedContext[]]] to [DESTROYING]
2026-04-25 12:37:51 DEBUG o.apache.catalina.util.LifecycleBase - Setting state for [StandardManager[StandardEngine[Tomcat].StandardHost[localhost].TomcatEmbeddedContext[]]] to [DESTROYED]
2026-04-25 12:37:51 DEBUG o.apache.catalina.util.LifecycleBase - Setting state for [org.apache.catalina.webresources.StandardRoot@7889b4b9] to [DESTROYING]
2026-04-25 12:37:51 DEBUG o.apache.catalina.util.LifecycleBase - Setting state for [org.apache.catalina.webresources.StandardRoot@7889b4b9] to [DESTROYED]
2026-04-25 12:37:51 DEBUG o.apache.catalina.util.LifecycleBase - Setting state for [StandardPipeline[StandardEngine[Tomcat].StandardHost[localhost].TomcatEmbeddedContext[]]] to [DESTROYING]
2026-04-25 12:37:51 DEBUG o.apache.catalina.util.LifecycleBase - Setting state for [NonLoginAuthenticator[Container is null]] to [DESTROYING]
2026-04-25 12:37:51 DEBUG o.apache.catalina.util.LifecycleBase - Setting state for [NonLoginAuthenticator[Container is null]] to [DESTROYED]
2026-04-25 12:37:51 DEBUG o.apache.catalina.util.LifecycleBase - Setting state for [StandardContextValve[Container is null]] to [DESTROYING]
2026-04-25 12:37:51 DEBUG o.apache.catalina.util.LifecycleBase - Setting state for [StandardContextValve[Container is null]] to [DESTROYED]
2026-04-25 12:37:51 DEBUG o.apache.catalina.util.LifecycleBase - Setting state for [StandardPipeline[StandardEngine[Tomcat].StandardHost[localhost].TomcatEmbeddedContext[]]] to [DESTROYED]
2026-04-25 12:37:51 DEBUG o.apache.catalina.util.LifecycleBase - Setting state for [StandardEngine[Tomcat].StandardHost[localhost].TomcatEmbeddedContext[]] to [DESTROYED]
2026-04-25 12:37:51 DEBUG o.apache.catalina.util.LifecycleBase - Setting state for [StandardEngine[Tomcat].StandardHost[localhost]] to [DESTROYED]
2026-04-25 12:37:51 DEBUG o.apache.catalina.util.LifecycleBase - Setting state for [StandardEngine[Tomcat]] to [DESTROYED]
2026-04-25 12:37:51 DEBUG o.apache.catalina.util.LifecycleBase - Setting state for [StandardService[Tomcat]] to [DESTROYED]
2026-04-25 12:37:51 DEBUG o.apache.catalina.util.LifecycleBase - Setting state for [org.apache.catalina.deploy.NamingResourcesImpl@16ee9aa7] to [DESTROYING]
2026-04-25 12:37:51 DEBUG o.apache.catalina.util.LifecycleBase - Setting state for [org.apache.catalina.deploy.NamingResourcesImpl@16ee9aa7] to [DESTROYED]
2026-04-25 12:37:51 DEBUG o.apache.catalina.util.LifecycleBase - Setting state for [StandardServer[-1]] to [DESTROYED]
2026-04-25 22:01:07 DEBUG o.a.tomcat.util.compat.Jre22Compat - Class not found so assuming code is running on a pre-Java 22 JVM
java.lang.ClassNotFoundException: java.text.ListFormat
	at java.base/jdk.internal.loader.BuiltinClassLoader.loadClass(BuiltinClassLoader.java:641)
	at java.base/jdk.internal.loader.ClassLoaders$AppClassLoader.loadClass(ClassLoaders.java:188)
	at java.base/java.lang.ClassLoader.loadClass(ClassLoader.java:526)
	at java.base/java.lang.Class.forName0(Native Method)
	at java.base/java.lang.Class.forName(Class.java:423)
	at java.base/java.lang.Class.forName(Class.java:414)
	at org.apache.tomcat.util.compat.Jre22Compat.<clinit>(Jre22Compat.java:37)
	at org.apache.tomcat.util.compat.JreCompat.<clinit>(JreCompat.java:75)
	at org.apache.catalina.startup.Tomcat.<clinit>(Tomcat.java:1196)
	at org.springframework.boot.web.embedded.tomcat.TomcatServletWebServerFactory.getWebServer(TomcatServletWebServerFactory.java:200)
	at org.springframework.boot.web.servlet.context.ServletWebServerApplicationContext.createWebServer(ServletWebServerApplicationContext.java:193)
	at org.springframework.boot.web.servlet.context.ServletWebServerApplicationContext.onRefresh(ServletWebServerApplicationContext.java:167)
	at org.springframework.context.support.AbstractApplicationContext.refresh(AbstractApplicationContext.java:622)
	at org.springframework.boot.web.servlet.context.ServletWebServerApplicationContext.refresh(ServletWebServerApplicationContext.java:146)
	at org.springframework.boot.SpringApplication.refresh(SpringApplication.java:752)
	at org.springframework.boot.SpringApplication.refreshContext(SpringApplication.java:439)
	at org.springframework.boot.SpringApplication.run(SpringApplication.java:318)
	at org.springframework.boot.SpringApplication.run(SpringApplication.java:1361)
	at org.springframework.boot.SpringApplication.run(SpringApplication.java:1350)
	at gr.aueb.cf.eduapp.EduAppApplication.main(EduAppApplication.java:12)
2026-04-25 22:01:07 DEBUG o.apache.catalina.core.ContainerBase - Add container child [StandardHost[localhost]] to container [StandardEngine[Tomcat]]
2026-04-25 22:01:07 DEBUG o.apache.catalina.core.ContainerBase - Add container child [TomcatEmbeddedContext[]] to container [StandardEngine[Tomcat].StandardHost[localhost]]
2026-04-25 22:01:07 DEBUG o.apache.catalina.util.LifecycleBase - Setting state for [StandardServer[-1]] to [INITIALIZING]
2026-04-25 22:01:07 DEBUG o.apache.catalina.util.LifecycleBase - Setting state for [org.apache.catalina.deploy.NamingResourcesImpl@6c33da7a] to [INITIALIZING]
2026-04-25 22:01:07 DEBUG o.apache.catalina.util.LifecycleBase - Setting state for [org.apache.catalina.deploy.NamingResourcesImpl@6c33da7a] to [INITIALIZED]
2026-04-25 22:01:07 DEBUG o.apache.catalina.util.LifecycleBase - Setting state for [StandardService[Tomcat]] to [INITIALIZING]
2026-04-25 22:01:07 DEBUG o.apache.catalina.util.LifecycleBase - Setting state for [StandardEngine[Tomcat]] to [INITIALIZING]
2026-04-25 22:01:07 DEBUG o.apache.catalina.util.LifecycleBase - Setting state for [StandardEngine[Tomcat]] to [INITIALIZED]
2026-04-25 22:01:07 DEBUG o.apache.catalina.util.LifecycleBase - Setting state for [org.apache.catalina.mapper.MapperListener@15986dd5] to [INITIALIZING]
2026-04-25 22:01:07 DEBUG o.apache.catalina.util.LifecycleBase - Setting state for [org.apache.catalina.mapper.MapperListener@15986dd5] to [INITIALIZED]
2026-04-25 22:01:07 DEBUG o.apache.catalina.util.LifecycleBase - Setting state for [Connector["http-nio-8080"]] to [INITIALIZING]
2026-04-25 22:01:07 INFO  o.a.coyote.http11.Http11NioProtocol - Initializing ProtocolHandler ["http-nio-8080"]
2026-04-25 22:01:07 DEBUG o.apache.catalina.util.LifecycleBase - Setting state for [Connector["http-nio-8080"]] to [INITIALIZED]
2026-04-25 22:01:07 DEBUG o.apache.catalina.util.LifecycleBase - Setting state for [StandardService[Tomcat]] to [INITIALIZED]
2026-04-25 22:01:07 DEBUG o.apache.catalina.util.LifecycleBase - Setting state for [StandardServer[-1]] to [INITIALIZED]
2026-04-25 22:01:07 DEBUG o.apache.catalina.util.LifecycleBase - Setting state for [StandardServer[-1]] to [STARTING_PREP]
2026-04-25 22:01:07 DEBUG o.apache.catalina.util.LifecycleBase - Setting state for [StandardServer[-1]] to [STARTING]
2026-04-25 22:01:07 DEBUG o.apache.catalina.util.LifecycleBase - Setting state for [org.apache.catalina.deploy.NamingResourcesImpl@6c33da7a] to [STARTING_PREP]
2026-04-25 22:01:07 DEBUG o.apache.catalina.util.LifecycleBase - Setting state for [org.apache.catalina.deploy.NamingResourcesImpl@6c33da7a] to [STARTING]
2026-04-25 22:01:07 DEBUG o.apache.catalina.util.LifecycleBase - Setting state for [org.apache.catalina.deploy.NamingResourcesImpl@6c33da7a] to [STARTED]
2026-04-25 22:01:07 DEBUG o.apache.catalina.util.LifecycleBase - Setting state for [StandardService[Tomcat]] to [STARTING_PREP]
2026-04-25 22:01:07 INFO  o.a.catalina.core.StandardService - Starting service [Tomcat]
2026-04-25 22:01:07 DEBUG o.apache.catalina.util.LifecycleBase - Setting state for [StandardService[Tomcat]] to [STARTING]
2026-04-25 22:01:07 DEBUG o.apache.catalina.util.LifecycleBase - Setting state for [StandardEngine[Tomcat]] to [STARTING_PREP]
2026-04-25 22:01:07 INFO  o.a.catalina.core.StandardEngine - Starting Servlet engine: [Apache Tomcat/10.1.52]
2026-04-25 22:01:07 DEBUG o.apache.catalina.util.LifecycleBase - Setting state for [SimpleRealm[StandardEngine[Tomcat]]] to [INITIALIZING]
2026-04-25 22:01:07 DEBUG o.apache.catalina.util.LifecycleBase - Setting state for [SimpleRealm[StandardEngine[Tomcat]]] to [INITIALIZED]
2026-04-25 22:01:07 DEBUG o.apache.catalina.util.LifecycleBase - Setting state for [SimpleRealm[StandardEngine[Tomcat]]] to [STARTING_PREP]
2026-04-25 22:01:07 DEBUG o.apache.catalina.util.LifecycleBase - Setting state for [SimpleRealm[StandardEngine[Tomcat]]] to [STARTING]
2026-04-25 22:01:07 DEBUG o.apache.catalina.util.LifecycleBase - Setting state for [SimpleRealm[StandardEngine[Tomcat]]] to [STARTED]
2026-04-25 22:01:07 DEBUG o.apache.catalina.util.LifecycleBase - Setting state for [StandardEngine[Tomcat].StandardHost[localhost]] to [INITIALIZING]
2026-04-25 22:01:07 DEBUG o.apache.catalina.util.LifecycleBase - Setting state for [StandardEngine[Tomcat].StandardHost[localhost]] to [INITIALIZED]
2026-04-25 22:01:07 DEBUG o.apache.catalina.util.LifecycleBase - Setting state for [StandardEngine[Tomcat].StandardHost[localhost]] to [STARTING_PREP]
2026-04-25 22:01:07 DEBUG o.apache.catalina.util.LifecycleBase - Setting state for [StandardEngine[Tomcat].StandardHost[localhost].TomcatEmbeddedContext[]] to [INITIALIZING]
2026-04-25 22:01:08 DEBUG o.apache.catalina.util.LifecycleBase - Setting state for [StandardEngine[Tomcat].StandardHost[localhost].TomcatEmbeddedContext[]] to [INITIALIZED]
2026-04-25 22:01:08 DEBUG o.apache.catalina.util.LifecycleBase - Setting state for [StandardEngine[Tomcat].StandardHost[localhost].TomcatEmbeddedContext[]] to [STARTING_PREP]
2026-04-25 22:01:08 DEBUG o.apache.catalina.util.LifecycleBase - Setting state for [org.apache.catalina.webresources.StandardRoot@634ca3e7] to [INITIALIZING]
2026-04-25 22:01:08 DEBUG o.apache.catalina.util.LifecycleBase - Setting state for [org.apache.catalina.webresources.StandardRoot@634ca3e7] to [INITIALIZED]
2026-04-25 22:01:08 DEBUG o.apache.catalina.util.LifecycleBase - Setting state for [org.apache.catalina.webresources.StandardRoot@634ca3e7] to [STARTING_PREP]
2026-04-25 22:01:08 DEBUG o.apache.catalina.util.LifecycleBase - Setting state for [org.apache.catalina.webresources.DirResourceSet@d653e41] to [INITIALIZING]
2026-04-25 22:01:08 DEBUG o.apache.catalina.util.LifecycleBase - Setting state for [org.apache.catalina.webresources.DirResourceSet@d653e41] to [INITIALIZED]
2026-04-25 22:01:08 DEBUG o.apache.catalina.util.LifecycleBase - Setting state for [org.apache.catalina.webresources.DirResourceSet@d653e41] to [STARTING_PREP]
2026-04-25 22:01:08 DEBUG o.apache.catalina.util.LifecycleBase - Setting state for [org.apache.catalina.webresources.DirResourceSet@d653e41] to [STARTING]
2026-04-25 22:01:08 DEBUG o.apache.catalina.util.LifecycleBase - Setting state for [org.apache.catalina.webresources.DirResourceSet@d653e41] to [STARTED]
2026-04-25 22:01:08 DEBUG o.apache.catalina.util.LifecycleBase - Setting state for [org.apache.catalina.webresources.StandardRoot@634ca3e7] to [STARTING]
2026-04-25 22:01:08 DEBUG o.apache.catalina.util.LifecycleBase - Setting state for [org.apache.catalina.webresources.StandardRoot@634ca3e7] to [STARTED]
2026-04-25 22:01:08 DEBUG o.apache.catalina.util.LifecycleBase - Setting state for [WebappLoader[StandardEngine[Tomcat].StandardHost[localhost].TomcatEmbeddedContext[]]] to [INITIALIZING]
2026-04-25 22:01:08 DEBUG o.apache.catalina.util.LifecycleBase - Setting state for [WebappLoader[StandardEngine[Tomcat].StandardHost[localhost].TomcatEmbeddedContext[]]] to [INITIALIZED]
2026-04-25 22:01:08 DEBUG o.apache.catalina.util.LifecycleBase - Setting state for [WebappLoader[StandardEngine[Tomcat].StandardHost[localhost].TomcatEmbeddedContext[]]] to [STARTING_PREP]
2026-04-25 22:01:08 DEBUG o.a.catalina.loader.WebappLoader - Starting this Loader
2026-04-25 22:01:08 DEBUG o.apache.catalina.webresources.Cache - Increased cache size by [531] for item [org.apache.catalina.webresources.CachedResource@c4d2c44] at [/WEB-INF/classes] making total cache size [531]
2026-04-25 22:01:08 DEBUG o.apache.catalina.util.LifecycleBase - Setting state for [WebappLoader[StandardEngine[Tomcat].StandardHost[localhost].TomcatEmbeddedContext[]]] to [STARTING]
2026-04-25 22:01:08 DEBUG o.apache.catalina.util.LifecycleBase - Setting state for [WebappLoader[StandardEngine[Tomcat].StandardHost[localhost].TomcatEmbeddedContext[]]] to [STARTED]
2026-04-25 22:01:08 DEBUG o.apache.catalina.util.LifecycleBase - Setting state for [StandardPipeline[StandardEngine[Tomcat].StandardHost[localhost].TomcatEmbeddedContext[]]] to [INITIALIZING]
2026-04-25 22:01:08 DEBUG o.apache.catalina.util.LifecycleBase - Setting state for [StandardPipeline[StandardEngine[Tomcat].StandardHost[localhost].TomcatEmbeddedContext[]]] to [INITIALIZED]
2026-04-25 22:01:08 DEBUG o.apache.catalina.util.LifecycleBase - Setting state for [StandardPipeline[StandardEngine[Tomcat].StandardHost[localhost].TomcatEmbeddedContext[]]] to [STARTING_PREP]
2026-04-25 22:01:08 DEBUG o.apache.catalina.util.LifecycleBase - Setting state for [NonLoginAuthenticator[StandardEngine[Tomcat].StandardHost[localhost].TomcatEmbeddedContext[]]] to [INITIALIZING]
2026-04-25 22:01:08 DEBUG o.apache.catalina.util.LifecycleBase - Setting state for [NonLoginAuthenticator[StandardEngine[Tomcat].StandardHost[localhost].TomcatEmbeddedContext[]]] to [INITIALIZED]
2026-04-25 22:01:08 DEBUG o.apache.catalina.util.LifecycleBase - Setting state for [NonLoginAuthenticator[StandardEngine[Tomcat].StandardHost[localhost].TomcatEmbeddedContext[]]] to [STARTING_PREP]
2026-04-25 22:01:08 DEBUG o.apache.catalina.util.LifecycleBase - Setting state for [NonLoginAuthenticator[StandardEngine[Tomcat].StandardHost[localhost].TomcatEmbeddedContext[]]] to [STARTING]
2026-04-25 22:01:08 DEBUG o.apache.catalina.util.LifecycleBase - Setting state for [NonLoginAuthenticator[StandardEngine[Tomcat].StandardHost[localhost].TomcatEmbeddedContext[]]] to [STARTED]
2026-04-25 22:01:08 DEBUG o.apache.catalina.util.LifecycleBase - Setting state for [StandardContextValve[StandardEngine[Tomcat].StandardHost[localhost].TomcatEmbeddedContext[]]] to [INITIALIZING]
2026-04-25 22:01:08 DEBUG o.apache.catalina.util.LifecycleBase - Setting state for [StandardContextValve[StandardEngine[Tomcat].StandardHost[localhost].TomcatEmbeddedContext[]]] to [INITIALIZED]
2026-04-25 22:01:08 DEBUG o.apache.catalina.util.LifecycleBase - Setting state for [StandardContextValve[StandardEngine[Tomcat].StandardHost[localhost].TomcatEmbeddedContext[]]] to [STARTING_PREP]
2026-04-25 22:01:08 DEBUG o.apache.catalina.util.LifecycleBase - Setting state for [StandardContextValve[StandardEngine[Tomcat].StandardHost[localhost].TomcatEmbeddedContext[]]] to [STARTING]
2026-04-25 22:01:08 DEBUG o.apache.catalina.util.LifecycleBase - Setting state for [StandardContextValve[StandardEngine[Tomcat].StandardHost[localhost].TomcatEmbeddedContext[]]] to [STARTED]
2026-04-25 22:01:08 DEBUG o.apache.catalina.util.LifecycleBase - Setting state for [StandardPipeline[StandardEngine[Tomcat].StandardHost[localhost].TomcatEmbeddedContext[]]] to [STARTING]
2026-04-25 22:01:08 DEBUG o.apache.catalina.util.LifecycleBase - Setting state for [StandardPipeline[StandardEngine[Tomcat].StandardHost[localhost].TomcatEmbeddedContext[]]] to [STARTED]
2026-04-25 22:01:08 DEBUG o.a.catalina.core.StandardContext - No manager found. Checking if cluster manager should be used. Cluster configured: [false], Application distributable: [false]
2026-04-25 22:01:08 DEBUG o.a.catalina.core.StandardContext - Configured a manager of class [org.apache.catalina.session.StandardManager]
2026-04-25 22:01:08 DEBUG o.apache.catalina.util.LifecycleBase - Setting state for [org.apache.catalina.deploy.NamingResourcesImpl@616a06e3] to [INITIALIZING]
2026-04-25 22:01:08 DEBUG o.apache.catalina.util.LifecycleBase - Setting state for [org.apache.catalina.deploy.NamingResourcesImpl@616a06e3] to [INITIALIZED]
2026-04-25 22:01:08 DEBUG o.apache.catalina.util.LifecycleBase - Setting state for [org.apache.catalina.deploy.NamingResourcesImpl@616a06e3] to [STARTING_PREP]
2026-04-25 22:01:08 DEBUG o.apache.catalina.util.LifecycleBase - Setting state for [org.apache.catalina.deploy.NamingResourcesImpl@616a06e3] to [STARTING]
2026-04-25 22:01:08 DEBUG o.apache.catalina.util.LifecycleBase - Setting state for [org.apache.catalina.deploy.NamingResourcesImpl@616a06e3] to [STARTED]
2026-04-25 22:01:08 INFO  o.a.c.c.C.[Tomcat].[localhost].[/] - Initializing Spring embedded WebApplicationContext
2026-04-25 22:01:11 DEBUG o.apache.catalina.webresources.Cache - Increased cache size by [573] for item [org.apache.catalina.webresources.CachedResource@32328dc4] at [/WEB-INF/classes/hibernate.properties] making total cache size [1104]
2026-04-25 22:01:12 DEBUG o.apache.catalina.util.LifecycleBase - Setting state for [StandardManager[StandardEngine[Tomcat].StandardHost[localhost].TomcatEmbeddedContext[]]] to [INITIALIZING]
2026-04-25 22:01:12 DEBUG o.apache.catalina.util.LifecycleBase - Setting state for [StandardManager[StandardEngine[Tomcat].StandardHost[localhost].TomcatEmbeddedContext[]]] to [INITIALIZED]
2026-04-25 22:01:12 DEBUG o.apache.catalina.util.LifecycleBase - Setting state for [StandardManager[StandardEngine[Tomcat].StandardHost[localhost].TomcatEmbeddedContext[]]] to [STARTING_PREP]
2026-04-25 22:01:12 DEBUG o.apache.catalina.util.LifecycleBase - Setting state for [org.springframework.boot.web.embedded.tomcat.LazySessionIdGenerator@2979c6ef] to [INITIALIZING]
2026-04-25 22:01:12 DEBUG o.apache.catalina.util.LifecycleBase - Setting state for [org.springframework.boot.web.embedded.tomcat.LazySessionIdGenerator@2979c6ef] to [INITIALIZED]
2026-04-25 22:01:12 DEBUG o.apache.catalina.util.LifecycleBase - Setting state for [org.springframework.boot.web.embedded.tomcat.LazySessionIdGenerator@2979c6ef] to [STARTING_PREP]
2026-04-25 22:01:12 DEBUG o.apache.catalina.util.LifecycleBase - Setting state for [org.springframework.boot.web.embedded.tomcat.LazySessionIdGenerator@2979c6ef] to [STARTING]
2026-04-25 22:01:12 DEBUG o.apache.catalina.util.LifecycleBase - Setting state for [org.springframework.boot.web.embedded.tomcat.LazySessionIdGenerator@2979c6ef] to [STARTED]
2026-04-25 22:01:12 DEBUG o.apache.catalina.util.LifecycleBase - Setting state for [StandardManager[StandardEngine[Tomcat].StandardHost[localhost].TomcatEmbeddedContext[]]] to [STARTING]
2026-04-25 22:01:12 DEBUG o.apache.catalina.util.LifecycleBase - Setting state for [StandardManager[StandardEngine[Tomcat].StandardHost[localhost].TomcatEmbeddedContext[]]] to [STARTED]
2026-04-25 22:01:12 DEBUG o.apache.catalina.util.LifecycleBase - Setting state for [StandardEngine[Tomcat].StandardHost[localhost].TomcatEmbeddedContext[]] to [STARTING]
2026-04-25 22:01:12 DEBUG o.apache.catalina.util.LifecycleBase - Setting state for [StandardEngine[Tomcat].StandardHost[localhost].TomcatEmbeddedContext[]] to [STARTED]
2026-04-25 22:01:12 DEBUG o.apache.catalina.util.LifecycleBase - Setting state for [StandardPipeline[StandardEngine[Tomcat].StandardHost[localhost]]] to [INITIALIZING]
2026-04-25 22:01:12 DEBUG o.apache.catalina.util.LifecycleBase - Setting state for [StandardPipeline[StandardEngine[Tomcat].StandardHost[localhost]]] to [INITIALIZED]
2026-04-25 22:01:12 DEBUG o.apache.catalina.util.LifecycleBase - Setting state for [StandardPipeline[StandardEngine[Tomcat].StandardHost[localhost]]] to [STARTING_PREP]
2026-04-25 22:01:12 DEBUG o.apache.catalina.util.LifecycleBase - Setting state for [ErrorReportValve[StandardEngine[Tomcat].StandardHost[localhost]]] to [INITIALIZING]
2026-04-25 22:01:12 DEBUG o.apache.catalina.util.LifecycleBase - Setting state for [ErrorReportValve[StandardEngine[Tomcat].StandardHost[localhost]]] to [INITIALIZED]
2026-04-25 22:01:12 DEBUG o.apache.catalina.util.LifecycleBase - Setting state for [ErrorReportValve[StandardEngine[Tomcat].StandardHost[localhost]]] to [STARTING_PREP]
2026-04-25 22:01:12 DEBUG o.apache.catalina.util.LifecycleBase - Setting state for [ErrorReportValve[StandardEngine[Tomcat].StandardHost[localhost]]] to [STARTING]
2026-04-25 22:01:12 DEBUG o.apache.catalina.util.LifecycleBase - Setting state for [ErrorReportValve[StandardEngine[Tomcat].StandardHost[localhost]]] to [STARTED]
2026-04-25 22:01:12 DEBUG o.apache.catalina.util.LifecycleBase - Setting state for [StandardHostValve[StandardEngine[Tomcat].StandardHost[localhost]]] to [INITIALIZING]
2026-04-25 22:01:12 DEBUG o.apache.catalina.util.LifecycleBase - Setting state for [StandardHostValve[StandardEngine[Tomcat].StandardHost[localhost]]] to [INITIALIZED]
2026-04-25 22:01:12 DEBUG o.apache.catalina.util.LifecycleBase - Setting state for [StandardHostValve[StandardEngine[Tomcat].StandardHost[localhost]]] to [STARTING_PREP]
2026-04-25 22:01:12 DEBUG o.apache.catalina.util.LifecycleBase - Setting state for [StandardHostValve[StandardEngine[Tomcat].StandardHost[localhost]]] to [STARTING]
2026-04-25 22:01:12 DEBUG o.apache.catalina.util.LifecycleBase - Setting state for [StandardHostValve[StandardEngine[Tomcat].StandardHost[localhost]]] to [STARTED]
2026-04-25 22:01:12 DEBUG o.apache.catalina.util.LifecycleBase - Setting state for [StandardPipeline[StandardEngine[Tomcat].StandardHost[localhost]]] to [STARTING]
2026-04-25 22:01:12 DEBUG o.apache.catalina.util.LifecycleBase - Setting state for [StandardPipeline[StandardEngine[Tomcat].StandardHost[localhost]]] to [STARTED]
2026-04-25 22:01:12 DEBUG o.apache.catalina.util.LifecycleBase - Setting state for [StandardEngine[Tomcat].StandardHost[localhost]] to [STARTING]
2026-04-25 22:01:12 DEBUG o.apache.catalina.util.LifecycleBase - Setting state for [StandardEngine[Tomcat].StandardHost[localhost]] to [STARTED]
2026-04-25 22:01:12 DEBUG o.apache.catalina.util.LifecycleBase - Setting state for [StandardPipeline[StandardEngine[Tomcat]]] to [INITIALIZING]
2026-04-25 22:01:12 DEBUG o.apache.catalina.util.LifecycleBase - Setting state for [StandardPipeline[StandardEngine[Tomcat]]] to [INITIALIZED]
2026-04-25 22:01:12 DEBUG o.apache.catalina.util.LifecycleBase - Setting state for [StandardPipeline[StandardEngine[Tomcat]]] to [STARTING_PREP]
2026-04-25 22:01:12 DEBUG o.apache.catalina.util.LifecycleBase - Setting state for [StandardEngineValve[StandardEngine[Tomcat]]] to [INITIALIZING]
2026-04-25 22:01:12 DEBUG o.apache.catalina.util.LifecycleBase - Setting state for [StandardEngineValve[StandardEngine[Tomcat]]] to [INITIALIZED]
2026-04-25 22:01:12 DEBUG o.apache.catalina.util.LifecycleBase - Setting state for [StandardEngineValve[StandardEngine[Tomcat]]] to [STARTING_PREP]
2026-04-25 22:01:12 DEBUG o.apache.catalina.util.LifecycleBase - Setting state for [StandardEngineValve[StandardEngine[Tomcat]]] to [STARTING]
2026-04-25 22:01:12 DEBUG o.apache.catalina.util.LifecycleBase - Setting state for [StandardEngineValve[StandardEngine[Tomcat]]] to [STARTED]
2026-04-25 22:01:12 DEBUG o.apache.catalina.util.LifecycleBase - Setting state for [StandardPipeline[StandardEngine[Tomcat]]] to [STARTING]
2026-04-25 22:01:12 DEBUG o.apache.catalina.util.LifecycleBase - Setting state for [StandardPipeline[StandardEngine[Tomcat]]] to [STARTED]
2026-04-25 22:01:12 DEBUG o.apache.catalina.util.LifecycleBase - Setting state for [StandardEngine[Tomcat]] to [STARTING]
2026-04-25 22:01:12 DEBUG o.apache.catalina.util.LifecycleBase - Setting state for [StandardEngine[Tomcat]] to [STARTED]
2026-04-25 22:01:12 DEBUG o.apache.catalina.util.LifecycleBase - Setting state for [org.apache.catalina.mapper.MapperListener@15986dd5] to [STARTING_PREP]
2026-04-25 22:01:12 DEBUG o.apache.catalina.util.LifecycleBase - Setting state for [org.apache.catalina.mapper.MapperListener@15986dd5] to [STARTING]
2026-04-25 22:01:12 DEBUG org.apache.catalina.mapper.Mapper - Registered host [localhost]
2026-04-25 22:01:12 DEBUG o.a.catalina.mapper.MapperListener - Register Context [] for service [StandardService[Tomcat]]
2026-04-25 22:01:12 DEBUG o.a.catalina.mapper.MapperListener - Register host [localhost] at domain [null] for service [StandardService[Tomcat]]
2026-04-25 22:01:12 DEBUG o.apache.catalina.util.LifecycleBase - Setting state for [org.apache.catalina.mapper.MapperListener@15986dd5] to [STARTED]
2026-04-25 22:01:12 DEBUG o.apache.catalina.util.LifecycleBase - Setting state for [StandardService[Tomcat]] to [STARTED]
2026-04-25 22:01:12 DEBUG o.apache.catalina.util.LifecycleBase - Setting state for [StandardServer[-1]] to [STARTED]
2026-04-25 22:01:12 DEBUG o.apache.catalina.util.LifecycleBase - Setting state for [StandardServer[-1]] to [STOPPING_PREP]
2026-04-25 22:01:12 DEBUG o.apache.catalina.util.LifecycleBase - Setting state for [StandardServer[-1]] to [STOPPING]
2026-04-25 22:01:12 DEBUG o.apache.catalina.util.LifecycleBase - Setting state for [StandardService[Tomcat]] to [STOPPING_PREP]
2026-04-25 22:01:12 INFO  o.a.catalina.core.StandardService - Stopping service [Tomcat]
2026-04-25 22:01:12 DEBUG o.apache.catalina.util.LifecycleBase - Setting state for [StandardService[Tomcat]] to [STOPPING]
2026-04-25 22:01:12 DEBUG o.apache.catalina.util.LifecycleBase - Setting state for [StandardEngine[Tomcat]] to [STOPPING_PREP]
2026-04-25 22:01:12 DEBUG o.apache.catalina.util.LifecycleBase - Setting state for [StandardEngine[Tomcat]] to [STOPPING]
2026-04-25 22:01:12 DEBUG o.apache.catalina.util.LifecycleBase - Setting state for [StandardPipeline[StandardEngine[Tomcat]]] to [STOPPING_PREP]
2026-04-25 22:01:12 DEBUG o.apache.catalina.util.LifecycleBase - Setting state for [StandardPipeline[StandardEngine[Tomcat]]] to [STOPPING]
2026-04-25 22:01:12 DEBUG o.apache.catalina.util.LifecycleBase - Setting state for [StandardEngineValve[StandardEngine[Tomcat]]] to [STOPPING_PREP]
2026-04-25 22:01:12 DEBUG o.apache.catalina.util.LifecycleBase - Setting state for [StandardEngineValve[StandardEngine[Tomcat]]] to [STOPPING]
2026-04-25 22:01:12 DEBUG o.apache.catalina.util.LifecycleBase - Setting state for [StandardEngineValve[StandardEngine[Tomcat]]] to [STOPPED]
2026-04-25 22:01:12 DEBUG o.apache.catalina.util.LifecycleBase - Setting state for [StandardPipeline[StandardEngine[Tomcat]]] to [STOPPED]
2026-04-25 22:01:12 DEBUG o.apache.catalina.util.LifecycleBase - Setting state for [StandardEngine[Tomcat].StandardHost[localhost]] to [STOPPING_PREP]
2026-04-25 22:01:12 DEBUG o.a.catalina.mapper.MapperListener - Unregister host [localhost] at domain [null] for service [StandardService[Tomcat]]
2026-04-25 22:01:12 DEBUG o.apache.catalina.util.LifecycleBase - Setting state for [StandardEngine[Tomcat].StandardHost[localhost]] to [STOPPING]
2026-04-25 22:01:12 DEBUG o.apache.catalina.util.LifecycleBase - Setting state for [StandardPipeline[StandardEngine[Tomcat].StandardHost[localhost]]] to [STOPPING_PREP]
2026-04-25 22:01:12 DEBUG o.apache.catalina.util.LifecycleBase - Setting state for [StandardPipeline[StandardEngine[Tomcat].StandardHost[localhost]]] to [STOPPING]
2026-04-25 22:01:12 DEBUG o.apache.catalina.util.LifecycleBase - Setting state for [ErrorReportValve[StandardEngine[Tomcat].StandardHost[localhost]]] to [STOPPING_PREP]
2026-04-25 22:01:12 DEBUG o.apache.catalina.util.LifecycleBase - Setting state for [ErrorReportValve[StandardEngine[Tomcat].StandardHost[localhost]]] to [STOPPING]
2026-04-25 22:01:12 DEBUG o.apache.catalina.util.LifecycleBase - Setting state for [ErrorReportValve[StandardEngine[Tomcat].StandardHost[localhost]]] to [STOPPED]
2026-04-25 22:01:12 DEBUG o.apache.catalina.util.LifecycleBase - Setting state for [StandardHostValve[StandardEngine[Tomcat].StandardHost[localhost]]] to [STOPPING_PREP]
2026-04-25 22:01:12 DEBUG o.apache.catalina.util.LifecycleBase - Setting state for [StandardHostValve[StandardEngine[Tomcat].StandardHost[localhost]]] to [STOPPING]
2026-04-25 22:01:12 DEBUG o.apache.catalina.util.LifecycleBase - Setting state for [StandardHostValve[StandardEngine[Tomcat].StandardHost[localhost]]] to [STOPPED]
2026-04-25 22:01:12 DEBUG o.apache.catalina.util.LifecycleBase - Setting state for [StandardPipeline[StandardEngine[Tomcat].StandardHost[localhost]]] to [STOPPED]
2026-04-25 22:01:12 DEBUG o.apache.catalina.util.LifecycleBase - Setting state for [StandardEngine[Tomcat].StandardHost[localhost].TomcatEmbeddedContext[]] to [STOPPING_PREP]
2026-04-25 22:01:12 DEBUG o.a.catalina.mapper.MapperListener - Unregister Context [] for service [StandardService[Tomcat]]
2026-04-25 22:01:12 DEBUG o.apache.catalina.util.LifecycleBase - Setting state for [StandardEngine[Tomcat].StandardHost[localhost].TomcatEmbeddedContext[]] to [STOPPING]
2026-04-25 22:01:12 DEBUG o.a.c.core.ApplicationFilterConfig - JMX de-registration complete for filter of type [org.apache.tomcat.websocket.server.WsFilter] and name [Tomcat WebSocket (JSR356) Filter]
2026-04-25 22:01:12 DEBUG o.apache.catalina.util.LifecycleBase - Setting state for [StandardManager[StandardEngine[Tomcat].StandardHost[localhost].TomcatEmbeddedContext[]]] to [STOPPING_PREP]
2026-04-25 22:01:12 DEBUG o.apache.catalina.util.LifecycleBase - Setting state for [StandardManager[StandardEngine[Tomcat].StandardHost[localhost].TomcatEmbeddedContext[]]] to [STOPPING]
2026-04-25 22:01:12 DEBUG o.a.catalina.session.StandardManager - No persisted sessions to unload
2026-04-25 22:01:12 DEBUG o.apache.catalina.util.LifecycleBase - Setting state for [org.springframework.boot.web.embedded.tomcat.LazySessionIdGenerator@2979c6ef] to [STOPPING_PREP]
2026-04-25 22:01:12 DEBUG o.apache.catalina.util.LifecycleBase - Setting state for [org.springframework.boot.web.embedded.tomcat.LazySessionIdGenerator@2979c6ef] to [STOPPING]
2026-04-25 22:01:12 DEBUG o.apache.catalina.util.LifecycleBase - Setting state for [org.springframework.boot.web.embedded.tomcat.LazySessionIdGenerator@2979c6ef] to [STOPPED]
2026-04-25 22:01:12 DEBUG o.apache.catalina.util.LifecycleBase - Setting state for [StandardManager[StandardEngine[Tomcat].StandardHost[localhost].TomcatEmbeddedContext[]]] to [STOPPED]
2026-04-25 22:01:12 DEBUG o.apache.catalina.util.LifecycleBase - Setting state for [org.apache.catalina.deploy.NamingResourcesImpl@616a06e3] to [STOPPING_PREP]
2026-04-25 22:01:12 DEBUG o.apache.catalina.util.LifecycleBase - Setting state for [org.apache.catalina.deploy.NamingResourcesImpl@616a06e3] to [STOPPING]
2026-04-25 22:01:12 DEBUG o.apache.catalina.util.LifecycleBase - Setting state for [org.apache.catalina.deploy.NamingResourcesImpl@616a06e3] to [STOPPED]
2026-04-25 22:01:12 DEBUG o.apache.catalina.util.LifecycleBase - Setting state for [StandardPipeline[StandardEngine[Tomcat].StandardHost[localhost].TomcatEmbeddedContext[]]] to [STOPPING_PREP]
2026-04-25 22:01:12 DEBUG o.apache.catalina.util.LifecycleBase - Setting state for [StandardPipeline[StandardEngine[Tomcat].StandardHost[localhost].TomcatEmbeddedContext[]]] to [STOPPING]
2026-04-25 22:01:12 DEBUG o.apache.catalina.util.LifecycleBase - Setting state for [NonLoginAuthenticator[StandardEngine[Tomcat].StandardHost[localhost].TomcatEmbeddedContext[]]] to [STOPPING_PREP]
2026-04-25 22:01:12 DEBUG o.apache.catalina.util.LifecycleBase - Setting state for [NonLoginAuthenticator[StandardEngine[Tomcat].StandardHost[localhost].TomcatEmbeddedContext[]]] to [STOPPING]
2026-04-25 22:01:12 DEBUG o.apache.catalina.util.LifecycleBase - Setting state for [NonLoginAuthenticator[StandardEngine[Tomcat].StandardHost[localhost].TomcatEmbeddedContext[]]] to [STOPPED]
2026-04-25 22:01:12 DEBUG o.apache.catalina.util.LifecycleBase - Setting state for [StandardContextValve[StandardEngine[Tomcat].StandardHost[localhost].TomcatEmbeddedContext[]]] to [STOPPING_PREP]
2026-04-25 22:01:12 DEBUG o.apache.catalina.util.LifecycleBase - Setting state for [StandardContextValve[StandardEngine[Tomcat].StandardHost[localhost].TomcatEmbeddedContext[]]] to [STOPPING]
2026-04-25 22:01:12 DEBUG o.apache.catalina.util.LifecycleBase - Setting state for [StandardContextValve[StandardEngine[Tomcat].StandardHost[localhost].TomcatEmbeddedContext[]]] to [STOPPED]
2026-04-25 22:01:12 DEBUG o.apache.catalina.util.LifecycleBase - Setting state for [StandardPipeline[StandardEngine[Tomcat].StandardHost[localhost].TomcatEmbeddedContext[]]] to [STOPPED]
2026-04-25 22:01:12 DEBUG o.apache.catalina.util.LifecycleBase - Setting state for [WebappLoader[StandardEngine[Tomcat].StandardHost[localhost].TomcatEmbeddedContext[]]] to [STOPPING_PREP]
2026-04-25 22:01:12 DEBUG o.a.catalina.loader.WebappLoader - Stopping this Loader
2026-04-25 22:01:12 DEBUG o.apache.catalina.util.LifecycleBase - Setting state for [WebappLoader[StandardEngine[Tomcat].StandardHost[localhost].TomcatEmbeddedContext[]]] to [STOPPING]
2026-04-25 22:01:12 WARN  o.a.c.loader.WebappClassLoaderBase - The web application [ROOT] appears to have started a thread named [HikariPool-1:housekeeper] but has failed to stop it. This is very likely to create a memory leak. Stack trace of thread:
 java.base/jdk.internal.misc.Unsafe.park(Native Method)
 java.base/java.util.concurrent.locks.LockSupport.parkNanos(LockSupport.java:269)
 java.base/java.util.concurrent.locks.AbstractQueuedSynchronizer$ConditionObject.awaitNanos(AbstractQueuedSynchronizer.java:1797)
 java.base/java.util.concurrent.ScheduledThreadPoolExecutor$DelayedWorkQueue.take(ScheduledThreadPoolExecutor.java:1182)
 java.base/java.util.concurrent.ScheduledThreadPoolExecutor$DelayedWorkQueue.take(ScheduledThreadPoolExecutor.java:899)
 java.base/java.util.concurrent.ThreadPoolExecutor.getTask(ThreadPoolExecutor.java:1070)
 java.base/java.util.concurrent.ThreadPoolExecutor.runWorker(ThreadPoolExecutor.java:1130)
 java.base/java.util.concurrent.ThreadPoolExecutor$Worker.run(ThreadPoolExecutor.java:642)
 java.base/java.lang.Thread.run(Thread.java:1583)
2026-04-25 22:01:12 WARN  o.a.c.loader.WebappClassLoaderBase - The web application [ROOT] appears to have started a thread named [HikariPool-1:connection-adder] but has failed to stop it. This is very likely to create a memory leak. Stack trace of thread:
 java.base/jdk.internal.misc.Unsafe.park(Native Method)
 java.base/java.util.concurrent.locks.LockSupport.parkNanos(LockSupport.java:269)
 java.base/java.util.concurrent.locks.AbstractQueuedSynchronizer$ConditionObject.awaitNanos(AbstractQueuedSynchronizer.java:1797)
 java.base/java.util.concurrent.LinkedBlockingQueue.poll(LinkedBlockingQueue.java:460)
 java.base/java.util.concurrent.ThreadPoolExecutor.getTask(ThreadPoolExecutor.java:1069)
 java.base/java.util.concurrent.ThreadPoolExecutor.runWorker(ThreadPoolExecutor.java:1130)
 java.base/java.util.concurrent.ThreadPoolExecutor$Worker.run(ThreadPoolExecutor.java:642)
 java.base/java.lang.Thread.run(Thread.java:1583)
2026-04-25 22:01:12 DEBUG o.apache.catalina.util.LifecycleBase - Setting state for [WebappLoader[StandardEngine[Tomcat].StandardHost[localhost].TomcatEmbeddedContext[]]] to [STOPPED]
2026-04-25 22:01:12 DEBUG o.apache.catalina.util.LifecycleBase - Setting state for [org.apache.catalina.webresources.StandardRoot@634ca3e7] to [STOPPING_PREP]
2026-04-25 22:01:12 DEBUG o.apache.catalina.util.LifecycleBase - Setting state for [org.apache.catalina.webresources.DirResourceSet@d653e41] to [STOPPING_PREP]
2026-04-25 22:01:12 DEBUG o.apache.catalina.util.LifecycleBase - Setting state for [org.apache.catalina.webresources.DirResourceSet@d653e41] to [STOPPING]
2026-04-25 22:01:12 DEBUG o.apache.catalina.util.LifecycleBase - Setting state for [org.apache.catalina.webresources.DirResourceSet@d653e41] to [STOPPED]
2026-04-25 22:01:12 DEBUG o.apache.catalina.util.LifecycleBase - Setting state for [org.apache.catalina.webresources.DirResourceSet@d653e41] to [DESTROYING]
2026-04-25 22:01:12 DEBUG o.apache.catalina.util.LifecycleBase - Setting state for [org.apache.catalina.webresources.DirResourceSet@d653e41] to [DESTROYED]
2026-04-25 22:01:12 DEBUG o.apache.catalina.util.LifecycleBase - Setting state for [org.apache.catalina.webresources.StandardRoot@634ca3e7] to [STOPPING]
2026-04-25 22:01:12 DEBUG o.apache.catalina.util.LifecycleBase - Setting state for [org.apache.catalina.webresources.StandardRoot@634ca3e7] to [STOPPED]
2026-04-25 22:01:12 DEBUG o.apache.catalina.util.LifecycleBase - Setting state for [StandardEngine[Tomcat].StandardHost[localhost].TomcatEmbeddedContext[]] to [STOPPED]
2026-04-25 22:01:12 DEBUG o.apache.catalina.util.LifecycleBase - Setting state for [StandardEngine[Tomcat].StandardHost[localhost]] to [STOPPED]
2026-04-25 22:01:12 DEBUG o.apache.catalina.util.LifecycleBase - Setting state for [SimpleRealm[StandardEngine[Tomcat]]] to [STOPPING_PREP]
2026-04-25 22:01:12 DEBUG o.apache.catalina.util.LifecycleBase - Setting state for [SimpleRealm[StandardEngine[Tomcat]]] to [STOPPING]
2026-04-25 22:01:12 DEBUG o.apache.catalina.util.LifecycleBase - Setting state for [SimpleRealm[StandardEngine[Tomcat]]] to [STOPPED]
2026-04-25 22:01:12 DEBUG o.apache.catalina.util.LifecycleBase - Setting state for [StandardEngine[Tomcat]] to [STOPPED]
2026-04-25 22:01:12 DEBUG o.apache.catalina.util.LifecycleBase - Setting state for [org.apache.catalina.mapper.MapperListener@15986dd5] to [STOPPING_PREP]
2026-04-25 22:01:12 DEBUG o.apache.catalina.util.LifecycleBase - Setting state for [org.apache.catalina.mapper.MapperListener@15986dd5] to [STOPPING]
2026-04-25 22:01:12 DEBUG o.apache.catalina.util.LifecycleBase - Setting state for [org.apache.catalina.mapper.MapperListener@15986dd5] to [STOPPED]
2026-04-25 22:01:12 DEBUG o.apache.catalina.util.LifecycleBase - Setting state for [StandardService[Tomcat]] to [STOPPED]
2026-04-25 22:01:12 DEBUG o.apache.catalina.util.LifecycleBase - Setting state for [org.apache.catalina.deploy.NamingResourcesImpl@6c33da7a] to [STOPPING_PREP]
2026-04-25 22:01:12 DEBUG o.apache.catalina.util.LifecycleBase - Setting state for [org.apache.catalina.deploy.NamingResourcesImpl@6c33da7a] to [STOPPING]
2026-04-25 22:01:12 DEBUG o.apache.catalina.util.LifecycleBase - Setting state for [org.apache.catalina.deploy.NamingResourcesImpl@6c33da7a] to [STOPPED]
2026-04-25 22:01:12 DEBUG o.apache.catalina.util.LifecycleBase - Setting state for [StandardServer[-1]] to [STOPPED]
2026-04-25 22:01:12 DEBUG o.apache.catalina.util.LifecycleBase - Setting state for [StandardServer[-1]] to [DESTROYING]
2026-04-25 22:01:12 DEBUG o.apache.catalina.util.LifecycleBase - Setting state for [StandardService[Tomcat]] to [DESTROYING]
2026-04-25 22:01:12 DEBUG o.apache.catalina.util.LifecycleBase - Setting state for [org.apache.catalina.mapper.MapperListener@15986dd5] to [DESTROYING]
2026-04-25 22:01:12 DEBUG o.apache.catalina.util.LifecycleBase - Setting state for [org.apache.catalina.mapper.MapperListener@15986dd5] to [DESTROYED]
2026-04-25 22:01:12 DEBUG o.apache.catalina.util.LifecycleBase - Setting state for [StandardEngine[Tomcat]] to [DESTROYING]
2026-04-25 22:01:12 DEBUG o.apache.catalina.util.LifecycleBase - Setting state for [SimpleRealm[StandardEngine[Tomcat]]] to [DESTROYING]
2026-04-25 22:01:12 DEBUG o.apache.catalina.util.LifecycleBase - Setting state for [SimpleRealm[StandardEngine[Tomcat]]] to [DESTROYED]
2026-04-25 22:01:12 DEBUG o.apache.catalina.util.LifecycleBase - Setting state for [StandardPipeline[StandardEngine[Tomcat]]] to [DESTROYING]
2026-04-25 22:01:12 DEBUG o.apache.catalina.util.LifecycleBase - Setting state for [StandardEngineValve[Container is null]] to [DESTROYING]
2026-04-25 22:01:12 DEBUG o.apache.catalina.util.LifecycleBase - Setting state for [StandardEngineValve[Container is null]] to [DESTROYED]
2026-04-25 22:01:12 DEBUG o.apache.catalina.util.LifecycleBase - Setting state for [StandardPipeline[StandardEngine[Tomcat]]] to [DESTROYED]
2026-04-25 22:01:12 DEBUG o.apache.catalina.util.LifecycleBase - Setting state for [StandardEngine[Tomcat].StandardHost[localhost]] to [DESTROYING]
2026-04-25 22:01:12 DEBUG o.apache.catalina.util.LifecycleBase - Setting state for [StandardPipeline[StandardEngine[Tomcat].StandardHost[localhost]]] to [DESTROYING]
2026-04-25 22:01:12 DEBUG o.apache.catalina.util.LifecycleBase - Setting state for [ErrorReportValve[Container is null]] to [DESTROYING]
2026-04-25 22:01:12 DEBUG o.apache.catalina.util.LifecycleBase - Setting state for [ErrorReportValve[Container is null]] to [DESTROYED]
2026-04-25 22:01:12 DEBUG o.apache.catalina.util.LifecycleBase - Setting state for [StandardHostValve[Container is null]] to [DESTROYING]
2026-04-25 22:01:12 DEBUG o.apache.catalina.util.LifecycleBase - Setting state for [StandardHostValve[Container is null]] to [DESTROYED]
2026-04-25 22:01:12 DEBUG o.apache.catalina.util.LifecycleBase - Setting state for [StandardPipeline[StandardEngine[Tomcat].StandardHost[localhost]]] to [DESTROYED]
2026-04-25 22:01:12 DEBUG o.apache.catalina.util.LifecycleBase - Setting state for [StandardEngine[Tomcat].StandardHost[localhost].TomcatEmbeddedContext[]] to [DESTROYING]
2026-04-25 22:01:12 DEBUG o.apache.catalina.util.LifecycleBase - Setting state for [org.apache.catalina.deploy.NamingResourcesImpl@616a06e3] to [DESTROYING]
2026-04-25 22:01:12 DEBUG o.apache.catalina.util.LifecycleBase - Setting state for [org.apache.catalina.deploy.NamingResourcesImpl@616a06e3] to [DESTROYED]
2026-04-25 22:01:12 DEBUG o.apache.catalina.util.LifecycleBase - Setting state for [WebappLoader[StandardEngine[Tomcat].StandardHost[localhost].TomcatEmbeddedContext[]]] to [DESTROYING]
2026-04-25 22:01:12 DEBUG o.apache.catalina.util.LifecycleBase - Setting state for [WebappLoader[StandardEngine[Tomcat].StandardHost[localhost].TomcatEmbeddedContext[]]] to [DESTROYED]
2026-04-25 22:01:12 DEBUG o.apache.catalina.util.LifecycleBase - Setting state for [StandardManager[StandardEngine[Tomcat].StandardHost[localhost].TomcatEmbeddedContext[]]] to [DESTROYING]
2026-04-25 22:01:12 DEBUG o.apache.catalina.util.LifecycleBase - Setting state for [StandardManager[StandardEngine[Tomcat].StandardHost[localhost].TomcatEmbeddedContext[]]] to [DESTROYED]
2026-04-25 22:01:12 DEBUG o.apache.catalina.util.LifecycleBase - Setting state for [org.apache.catalina.webresources.StandardRoot@634ca3e7] to [DESTROYING]
2026-04-25 22:01:12 DEBUG o.apache.catalina.util.LifecycleBase - Setting state for [org.apache.catalina.webresources.StandardRoot@634ca3e7] to [DESTROYED]
2026-04-25 22:01:12 DEBUG o.apache.catalina.util.LifecycleBase - Setting state for [StandardPipeline[StandardEngine[Tomcat].StandardHost[localhost].TomcatEmbeddedContext[]]] to [DESTROYING]
2026-04-25 22:01:12 DEBUG o.apache.catalina.util.LifecycleBase - Setting state for [NonLoginAuthenticator[Container is null]] to [DESTROYING]
2026-04-25 22:01:12 DEBUG o.apache.catalina.util.LifecycleBase - Setting state for [NonLoginAuthenticator[Container is null]] to [DESTROYED]
2026-04-25 22:01:12 DEBUG o.apache.catalina.util.LifecycleBase - Setting state for [StandardContextValve[Container is null]] to [DESTROYING]
2026-04-25 22:01:12 DEBUG o.apache.catalina.util.LifecycleBase - Setting state for [StandardContextValve[Container is null]] to [DESTROYED]
2026-04-25 22:01:12 DEBUG o.apache.catalina.util.LifecycleBase - Setting state for [StandardPipeline[StandardEngine[Tomcat].StandardHost[localhost].TomcatEmbeddedContext[]]] to [DESTROYED]
2026-04-25 22:01:12 DEBUG o.apache.catalina.util.LifecycleBase - Setting state for [StandardEngine[Tomcat].StandardHost[localhost].TomcatEmbeddedContext[]] to [DESTROYED]
2026-04-25 22:01:12 DEBUG o.apache.catalina.util.LifecycleBase - Setting state for [StandardEngine[Tomcat].StandardHost[localhost]] to [DESTROYED]
2026-04-25 22:01:12 DEBUG o.apache.catalina.util.LifecycleBase - Setting state for [StandardEngine[Tomcat]] to [DESTROYED]
2026-04-25 22:01:12 DEBUG o.apache.catalina.util.LifecycleBase - Setting state for [StandardService[Tomcat]] to [DESTROYED]
2026-04-25 22:01:12 DEBUG o.apache.catalina.util.LifecycleBase - Setting state for [org.apache.catalina.deploy.NamingResourcesImpl@6c33da7a] to [DESTROYING]
2026-04-25 22:01:12 DEBUG o.apache.catalina.util.LifecycleBase - Setting state for [org.apache.catalina.deploy.NamingResourcesImpl@6c33da7a] to [DESTROYED]
2026-04-25 22:01:12 DEBUG o.apache.catalina.util.LifecycleBase - Setting state for [StandardServer[-1]] to [DESTROYED]
