2026-05-03 20:50:19 DEBUG o.a.tomcat.util.compat.Jre22Compat - Class not found so assuming code is running on a pre-Java 22 JVM
java.lang.ClassNotFoundException: java.text.ListFormat
	at java.base/jdk.internal.loader.BuiltinClassLoader.loadClass(BuiltinClassLoader.java:641)
	at java.base/jdk.internal.loader.ClassLoaders$AppClassLoader.loadClass(ClassLoaders.java:188)
	at java.base/java.lang.ClassLoader.loadClass(ClassLoader.java:526)
	at java.base/java.lang.Class.forName0(Native Method)
	at java.base/java.lang.Class.forName(Class.java:423)
	at java.base/java.lang.Class.forName(Class.java:414)
	at org.apache.tomcat.util.compat.Jre22Compat.<clinit>(Jre22Compat.java:37)
	at org.apache.tomcat.util.compat.JreCompat.<clinit>(JreCompat.java:75)
	at org.apache.catalina.startup.Tomcat.<clinit>(Tomcat.java:1196)
	at org.springframework.boot.web.embedded.tomcat.TomcatServletWebServerFactory.getWebServer(TomcatServletWebServerFactory.java:200)
	at org.springframework.boot.web.servlet.context.ServletWebServerApplicationContext.createWebServer(ServletWebServerApplicationContext.java:193)
	at org.springframework.boot.web.servlet.context.ServletWebServerApplicationContext.onRefresh(ServletWebServerApplicationContext.java:167)
	at org.springframework.context.support.AbstractApplicationContext.refresh(AbstractApplicationContext.java:622)
	at org.springframework.boot.web.servlet.context.ServletWebServerApplicationContext.refresh(ServletWebServerApplicationContext.java:146)
	at org.springframework.boot.SpringApplication.refresh(SpringApplication.java:752)
	at org.springframework.boot.SpringApplication.refreshContext(SpringApplication.java:439)
	at org.springframework.boot.SpringApplication.run(SpringApplication.java:318)
	at org.springframework.boot.SpringApplication.run(SpringApplication.java:1361)
	at org.springframework.boot.SpringApplication.run(SpringApplication.java:1350)
	at gr.aueb.cf.eduapp.EduAppApplication.main(EduAppApplication.java:12)
2026-05-03 20:50:19 DEBUG o.apache.catalina.core.ContainerBase - Add container child [StandardHost[localhost]] to container [StandardEngine[Tomcat]]
2026-05-03 20:50:19 DEBUG o.apache.catalina.core.ContainerBase - Add container child [TomcatEmbeddedContext[]] to container [StandardEngine[Tomcat].StandardHost[localhost]]
2026-05-03 20:50:19 DEBUG o.apache.catalina.util.LifecycleBase - Setting state for [StandardServer[-1]] to [INITIALIZING]
2026-05-03 20:50:19 DEBUG o.apache.catalina.util.LifecycleBase - Setting state for [org.apache.catalina.deploy.NamingResourcesImpl@6d963d70] to [INITIALIZING]
2026-05-03 20:50:19 DEBUG o.apache.catalina.util.LifecycleBase - Setting state for [org.apache.catalina.deploy.NamingResourcesImpl@6d963d70] to [INITIALIZED]
2026-05-03 20:50:19 DEBUG o.apache.catalina.util.LifecycleBase - Setting state for [StandardService[Tomcat]] to [INITIALIZING]
2026-05-03 20:50:19 DEBUG o.apache.catalina.util.LifecycleBase - Setting state for [StandardEngine[Tomcat]] to [INITIALIZING]
2026-05-03 20:50:19 DEBUG o.apache.catalina.util.LifecycleBase - Setting state for [StandardEngine[Tomcat]] to [INITIALIZED]
2026-05-03 20:50:19 DEBUG o.apache.catalina.util.LifecycleBase - Setting state for [org.apache.catalina.mapper.MapperListener@5a566922] to [INITIALIZING]
2026-05-03 20:50:19 DEBUG o.apache.catalina.util.LifecycleBase - Setting state for [org.apache.catalina.mapper.MapperListener@5a566922] to [INITIALIZED]
2026-05-03 20:50:19 DEBUG o.apache.catalina.util.LifecycleBase - Setting state for [Connector["http-nio-8080"]] to [INITIALIZING]
2026-05-03 20:50:19 INFO  o.a.coyote.http11.Http11NioProtocol - Initializing ProtocolHandler ["http-nio-8080"]
2026-05-03 20:50:19 DEBUG o.apache.catalina.util.LifecycleBase - Setting state for [Connector["http-nio-8080"]] to [INITIALIZED]
2026-05-03 20:50:19 DEBUG o.apache.catalina.util.LifecycleBase - Setting state for [StandardService[Tomcat]] to [INITIALIZED]
2026-05-03 20:50:19 DEBUG o.apache.catalina.util.LifecycleBase - Setting state for [StandardServer[-1]] to [INITIALIZED]
2026-05-03 20:50:19 DEBUG o.apache.catalina.util.LifecycleBase - Setting state for [StandardServer[-1]] to [STARTING_PREP]
2026-05-03 20:50:19 DEBUG o.apache.catalina.util.LifecycleBase - Setting state for [StandardServer[-1]] to [STARTING]
2026-05-03 20:50:19 DEBUG o.apache.catalina.util.LifecycleBase - Setting state for [org.apache.catalina.deploy.NamingResourcesImpl@6d963d70] to [STARTING_PREP]
2026-05-03 20:50:19 DEBUG o.apache.catalina.util.LifecycleBase - Setting state for [org.apache.catalina.deploy.NamingResourcesImpl@6d963d70] to [STARTING]
2026-05-03 20:50:19 DEBUG o.apache.catalina.util.LifecycleBase - Setting state for [org.apache.catalina.deploy.NamingResourcesImpl@6d963d70] to [STARTED]
2026-05-03 20:50:19 DEBUG o.apache.catalina.util.LifecycleBase - Setting state for [StandardService[Tomcat]] to [STARTING_PREP]
2026-05-03 20:50:19 INFO  o.a.catalina.core.StandardService - Starting service [Tomcat]
2026-05-03 20:50:19 DEBUG o.apache.catalina.util.LifecycleBase - Setting state for [StandardService[Tomcat]] to [STARTING]
2026-05-03 20:50:19 DEBUG o.apache.catalina.util.LifecycleBase - Setting state for [StandardEngine[Tomcat]] to [STARTING_PREP]
2026-05-03 20:50:19 INFO  o.a.catalina.core.StandardEngine - Starting Servlet engine: [Apache Tomcat/10.1.52]
2026-05-03 20:50:19 DEBUG o.apache.catalina.util.LifecycleBase - Setting state for [SimpleRealm[StandardEngine[Tomcat]]] to [INITIALIZING]
2026-05-03 20:50:19 DEBUG o.apache.catalina.util.LifecycleBase - Setting state for [SimpleRealm[StandardEngine[Tomcat]]] to [INITIALIZED]
2026-05-03 20:50:19 DEBUG o.apache.catalina.util.LifecycleBase - Setting state for [SimpleRealm[StandardEngine[Tomcat]]] to [STARTING_PREP]
2026-05-03 20:50:19 DEBUG o.apache.catalina.util.LifecycleBase - Setting state for [SimpleRealm[StandardEngine[Tomcat]]] to [STARTING]
2026-05-03 20:50:19 DEBUG o.apache.catalina.util.LifecycleBase - Setting state for [SimpleRealm[StandardEngine[Tomcat]]] to [STARTED]
2026-05-03 20:50:19 DEBUG o.apache.catalina.util.LifecycleBase - Setting state for [StandardEngine[Tomcat].StandardHost[localhost]] to [INITIALIZING]
2026-05-03 20:50:19 DEBUG o.apache.catalina.util.LifecycleBase - Setting state for [StandardEngine[Tomcat].StandardHost[localhost]] to [INITIALIZED]
2026-05-03 20:50:19 DEBUG o.apache.catalina.util.LifecycleBase - Setting state for [StandardEngine[Tomcat].StandardHost[localhost]] to [STARTING_PREP]
2026-05-03 20:50:19 DEBUG o.apache.catalina.util.LifecycleBase - Setting state for [StandardEngine[Tomcat].StandardHost[localhost].TomcatEmbeddedContext[]] to [INITIALIZING]
2026-05-03 20:50:19 DEBUG o.apache.catalina.util.LifecycleBase - Setting state for [StandardEngine[Tomcat].StandardHost[localhost].TomcatEmbeddedContext[]] to [INITIALIZED]
2026-05-03 20:50:19 DEBUG o.apache.catalina.util.LifecycleBase - Setting state for [StandardEngine[Tomcat].StandardHost[localhost].TomcatEmbeddedContext[]] to [STARTING_PREP]
2026-05-03 20:50:19 DEBUG o.apache.catalina.util.LifecycleBase - Setting state for [org.apache.catalina.webresources.StandardRoot@3b78c683] to [INITIALIZING]
2026-05-03 20:50:19 DEBUG o.apache.catalina.util.LifecycleBase - Setting state for [org.apache.catalina.webresources.StandardRoot@3b78c683] to [INITIALIZED]
2026-05-03 20:50:19 DEBUG o.apache.catalina.util.LifecycleBase - Setting state for [org.apache.catalina.webresources.StandardRoot@3b78c683] to [STARTING_PREP]
2026-05-03 20:50:19 DEBUG o.apache.catalina.util.LifecycleBase - Setting state for [org.apache.catalina.webresources.DirResourceSet@5f6b53ed] to [INITIALIZING]
2026-05-03 20:50:19 DEBUG o.apache.catalina.util.LifecycleBase - Setting state for [org.apache.catalina.webresources.DirResourceSet@5f6b53ed] to [INITIALIZED]
2026-05-03 20:50:19 DEBUG o.apache.catalina.util.LifecycleBase - Setting state for [org.apache.catalina.webresources.DirResourceSet@5f6b53ed] to [STARTING_PREP]
2026-05-03 20:50:19 DEBUG o.apache.catalina.util.LifecycleBase - Setting state for [org.apache.catalina.webresources.DirResourceSet@5f6b53ed] to [STARTING]
2026-05-03 20:50:19 DEBUG o.apache.catalina.util.LifecycleBase - Setting state for [org.apache.catalina.webresources.DirResourceSet@5f6b53ed] to [STARTED]
2026-05-03 20:50:19 DEBUG o.apache.catalina.util.LifecycleBase - Setting state for [org.apache.catalina.webresources.StandardRoot@3b78c683] to [STARTING]
2026-05-03 20:50:19 DEBUG o.apache.catalina.util.LifecycleBase - Setting state for [org.apache.catalina.webresources.StandardRoot@3b78c683] to [STARTED]
2026-05-03 20:50:19 DEBUG o.apache.catalina.util.LifecycleBase - Setting state for [WebappLoader[StandardEngine[Tomcat].StandardHost[localhost].TomcatEmbeddedContext[]]] to [INITIALIZING]
2026-05-03 20:50:19 DEBUG o.apache.catalina.util.LifecycleBase - Setting state for [WebappLoader[StandardEngine[Tomcat].StandardHost[localhost].TomcatEmbeddedContext[]]] to [INITIALIZED]
2026-05-03 20:50:19 DEBUG o.apache.catalina.util.LifecycleBase - Setting state for [WebappLoader[StandardEngine[Tomcat].StandardHost[localhost].TomcatEmbeddedContext[]]] to [STARTING_PREP]
2026-05-03 20:50:19 DEBUG o.a.catalina.loader.WebappLoader - Starting this Loader
2026-05-03 20:50:19 DEBUG o.apache.catalina.webresources.Cache - Increased cache size by [531] for item [org.apache.catalina.webresources.CachedResource@126f8f24] at [/WEB-INF/classes] making total cache size [531]
2026-05-03 20:50:19 DEBUG o.apache.catalina.util.LifecycleBase - Setting state for [WebappLoader[StandardEngine[Tomcat].StandardHost[localhost].TomcatEmbeddedContext[]]] to [STARTING]
2026-05-03 20:50:19 DEBUG o.apache.catalina.util.LifecycleBase - Setting state for [WebappLoader[StandardEngine[Tomcat].StandardHost[localhost].TomcatEmbeddedContext[]]] to [STARTED]
2026-05-03 20:50:19 DEBUG o.apache.catalina.util.LifecycleBase - Setting state for [StandardPipeline[StandardEngine[Tomcat].StandardHost[localhost].TomcatEmbeddedContext[]]] to [INITIALIZING]
2026-05-03 20:50:19 DEBUG o.apache.catalina.util.LifecycleBase - Setting state for [StandardPipeline[StandardEngine[Tomcat].StandardHost[localhost].TomcatEmbeddedContext[]]] to [INITIALIZED]
2026-05-03 20:50:19 DEBUG o.apache.catalina.util.LifecycleBase - Setting state for [StandardPipeline[StandardEngine[Tomcat].StandardHost[localhost].TomcatEmbeddedContext[]]] to [STARTING_PREP]
2026-05-03 20:50:19 DEBUG o.apache.catalina.util.LifecycleBase - Setting state for [NonLoginAuthenticator[StandardEngine[Tomcat].StandardHost[localhost].TomcatEmbeddedContext[]]] to [INITIALIZING]
2026-05-03 20:50:19 DEBUG o.apache.catalina.util.LifecycleBase - Setting state for [NonLoginAuthenticator[StandardEngine[Tomcat].StandardHost[localhost].TomcatEmbeddedContext[]]] to [INITIALIZED]
2026-05-03 20:50:19 DEBUG o.apache.catalina.util.LifecycleBase - Setting state for [NonLoginAuthenticator[StandardEngine[Tomcat].StandardHost[localhost].TomcatEmbeddedContext[]]] to [STARTING_PREP]
2026-05-03 20:50:19 DEBUG o.apache.catalina.util.LifecycleBase - Setting state for [NonLoginAuthenticator[StandardEngine[Tomcat].StandardHost[localhost].TomcatEmbeddedContext[]]] to [STARTING]
2026-05-03 20:50:19 DEBUG o.apache.catalina.util.LifecycleBase - Setting state for [NonLoginAuthenticator[StandardEngine[Tomcat].StandardHost[localhost].TomcatEmbeddedContext[]]] to [STARTED]
2026-05-03 20:50:19 DEBUG o.apache.catalina.util.LifecycleBase - Setting state for [StandardContextValve[StandardEngine[Tomcat].StandardHost[localhost].TomcatEmbeddedContext[]]] to [INITIALIZING]
2026-05-03 20:50:19 DEBUG o.apache.catalina.util.LifecycleBase - Setting state for [StandardContextValve[StandardEngine[Tomcat].StandardHost[localhost].TomcatEmbeddedContext[]]] to [INITIALIZED]
2026-05-03 20:50:19 DEBUG o.apache.catalina.util.LifecycleBase - Setting state for [StandardContextValve[StandardEngine[Tomcat].StandardHost[localhost].TomcatEmbeddedContext[]]] to [STARTING_PREP]
2026-05-03 20:50:19 DEBUG o.apache.catalina.util.LifecycleBase - Setting state for [StandardContextValve[StandardEngine[Tomcat].StandardHost[localhost].TomcatEmbeddedContext[]]] to [STARTING]
2026-05-03 20:50:19 DEBUG o.apache.catalina.util.LifecycleBase - Setting state for [StandardContextValve[StandardEngine[Tomcat].StandardHost[localhost].TomcatEmbeddedContext[]]] to [STARTED]
2026-05-03 20:50:19 DEBUG o.apache.catalina.util.LifecycleBase - Setting state for [StandardPipeline[StandardEngine[Tomcat].StandardHost[localhost].TomcatEmbeddedContext[]]] to [STARTING]
2026-05-03 20:50:19 DEBUG o.apache.catalina.util.LifecycleBase - Setting state for [StandardPipeline[StandardEngine[Tomcat].StandardHost[localhost].TomcatEmbeddedContext[]]] to [STARTED]
2026-05-03 20:50:19 DEBUG o.a.catalina.core.StandardContext - No manager found. Checking if cluster manager should be used. Cluster configured: [false], Application distributable: [false]
2026-05-03 20:50:19 DEBUG o.a.catalina.core.StandardContext - Configured a manager of class [org.apache.catalina.session.StandardManager]
2026-05-03 20:50:19 DEBUG o.apache.catalina.util.LifecycleBase - Setting state for [org.apache.catalina.deploy.NamingResourcesImpl@739831a4] to [INITIALIZING]
2026-05-03 20:50:19 DEBUG o.apache.catalina.util.LifecycleBase - Setting state for [org.apache.catalina.deploy.NamingResourcesImpl@739831a4] to [INITIALIZED]
2026-05-03 20:50:19 DEBUG o.apache.catalina.util.LifecycleBase - Setting state for [org.apache.catalina.deploy.NamingResourcesImpl@739831a4] to [STARTING_PREP]
2026-05-03 20:50:19 DEBUG o.apache.catalina.util.LifecycleBase - Setting state for [org.apache.catalina.deploy.NamingResourcesImpl@739831a4] to [STARTING]
2026-05-03 20:50:19 DEBUG o.apache.catalina.util.LifecycleBase - Setting state for [org.apache.catalina.deploy.NamingResourcesImpl@739831a4] to [STARTED]
2026-05-03 20:50:19 INFO  o.a.c.c.C.[Tomcat].[localhost].[/] - Initializing Spring embedded WebApplicationContext
2026-05-03 20:50:21 DEBUG o.apache.catalina.webresources.Cache - Increased cache size by [573] for item [org.apache.catalina.webresources.CachedResource@4ec427] at [/WEB-INF/classes/hibernate.properties] making total cache size [1104]
2026-05-03 20:50:22 DEBUG o.apache.catalina.webresources.Cache - Increased cache size by [579] for item [org.apache.catalina.webresources.CachedResource@74bcf1ab] at [/WEB-INF/classes/META-INF/validation.xml] making total cache size [1683]
2026-05-03 20:50:23 DEBUG o.apache.catalina.core.ContainerBase - Add container child [StandardWrapper[dispatcherServlet]] to container [StandardEngine[Tomcat].StandardHost[localhost].TomcatEmbeddedContext[]]
2026-05-03 20:50:23 DEBUG o.apache.catalina.util.LifecycleBase - Setting state for [StandardEngine[Tomcat].StandardHost[localhost].TomcatEmbeddedContext[].StandardWrapper[dispatcherServlet]] to [INITIALIZING]
2026-05-03 20:50:23 DEBUG o.apache.catalina.util.LifecycleBase - Setting state for [StandardEngine[Tomcat].StandardHost[localhost].TomcatEmbeddedContext[].StandardWrapper[dispatcherServlet]] to [INITIALIZED]
2026-05-03 20:50:23 DEBUG o.apache.catalina.util.LifecycleBase - Setting state for [StandardEngine[Tomcat].StandardHost[localhost].TomcatEmbeddedContext[].StandardWrapper[dispatcherServlet]] to [STARTING_PREP]
2026-05-03 20:50:23 DEBUG o.apache.catalina.util.LifecycleBase - Setting state for [StandardPipeline[StandardEngine[Tomcat].StandardHost[localhost].TomcatEmbeddedContext[].StandardWrapper[dispatcherServlet]]] to [INITIALIZING]
2026-05-03 20:50:23 DEBUG o.apache.catalina.util.LifecycleBase - Setting state for [StandardPipeline[StandardEngine[Tomcat].StandardHost[localhost].TomcatEmbeddedContext[].StandardWrapper[dispatcherServlet]]] to [INITIALIZED]
2026-05-03 20:50:23 DEBUG o.apache.catalina.util.LifecycleBase - Setting state for [StandardPipeline[StandardEngine[Tomcat].StandardHost[localhost].TomcatEmbeddedContext[].StandardWrapper[dispatcherServlet]]] to [STARTING_PREP]
2026-05-03 20:50:23 DEBUG o.apache.catalina.util.LifecycleBase - Setting state for [StandardWrapperValve[StandardEngine[Tomcat].StandardHost[localhost].TomcatEmbeddedContext[].StandardWrapper[dispatcherServlet]]] to [INITIALIZING]
2026-05-03 20:50:23 DEBUG o.apache.catalina.util.LifecycleBase - Setting state for [StandardWrapperValve[StandardEngine[Tomcat].StandardHost[localhost].TomcatEmbeddedContext[].StandardWrapper[dispatcherServlet]]] to [INITIALIZED]
2026-05-03 20:50:23 DEBUG o.apache.catalina.util.LifecycleBase - Setting state for [StandardWrapperValve[StandardEngine[Tomcat].StandardHost[localhost].TomcatEmbeddedContext[].StandardWrapper[dispatcherServlet]]] to [STARTING_PREP]
2026-05-03 20:50:23 DEBUG o.apache.catalina.util.LifecycleBase - Setting state for [StandardWrapperValve[StandardEngine[Tomcat].StandardHost[localhost].TomcatEmbeddedContext[].StandardWrapper[dispatcherServlet]]] to [STARTING]
2026-05-03 20:50:23 DEBUG o.apache.catalina.util.LifecycleBase - Setting state for [StandardWrapperValve[StandardEngine[Tomcat].StandardHost[localhost].TomcatEmbeddedContext[].StandardWrapper[dispatcherServlet]]] to [STARTED]
2026-05-03 20:50:23 DEBUG o.apache.catalina.util.LifecycleBase - Setting state for [StandardPipeline[StandardEngine[Tomcat].StandardHost[localhost].TomcatEmbeddedContext[].StandardWrapper[dispatcherServlet]]] to [STARTING]
2026-05-03 20:50:23 DEBUG o.apache.catalina.util.LifecycleBase - Setting state for [StandardPipeline[StandardEngine[Tomcat].StandardHost[localhost].TomcatEmbeddedContext[].StandardWrapper[dispatcherServlet]]] to [STARTED]
2026-05-03 20:50:23 DEBUG o.apache.catalina.util.LifecycleBase - Setting state for [StandardEngine[Tomcat].StandardHost[localhost].TomcatEmbeddedContext[].StandardWrapper[dispatcherServlet]] to [STARTING]
2026-05-03 20:50:23 DEBUG o.apache.catalina.util.LifecycleBase - Setting state for [StandardEngine[Tomcat].StandardHost[localhost].TomcatEmbeddedContext[].StandardWrapper[dispatcherServlet]] to [STARTED]
2026-05-03 20:50:23 DEBUG o.apache.catalina.util.LifecycleBase - Setting state for [StandardManager[StandardEngine[Tomcat].StandardHost[localhost].TomcatEmbeddedContext[]]] to [INITIALIZING]
2026-05-03 20:50:23 DEBUG o.apache.catalina.util.LifecycleBase - Setting state for [StandardManager[StandardEngine[Tomcat].StandardHost[localhost].TomcatEmbeddedContext[]]] to [INITIALIZED]
2026-05-03 20:50:23 DEBUG o.apache.catalina.util.LifecycleBase - Setting state for [StandardManager[StandardEngine[Tomcat].StandardHost[localhost].TomcatEmbeddedContext[]]] to [STARTING_PREP]
2026-05-03 20:50:23 DEBUG o.apache.catalina.util.LifecycleBase - Setting state for [org.springframework.boot.web.embedded.tomcat.LazySessionIdGenerator@59cc46a4] to [INITIALIZING]
2026-05-03 20:50:23 DEBUG o.apache.catalina.util.LifecycleBase - Setting state for [org.springframework.boot.web.embedded.tomcat.LazySessionIdGenerator@59cc46a4] to [INITIALIZED]
2026-05-03 20:50:23 DEBUG o.apache.catalina.util.LifecycleBase - Setting state for [org.springframework.boot.web.embedded.tomcat.LazySessionIdGenerator@59cc46a4] to [STARTING_PREP]
2026-05-03 20:50:23 DEBUG o.apache.catalina.util.LifecycleBase - Setting state for [org.springframework.boot.web.embedded.tomcat.LazySessionIdGenerator@59cc46a4] to [STARTING]
2026-05-03 20:50:23 DEBUG o.apache.catalina.util.LifecycleBase - Setting state for [org.springframework.boot.web.embedded.tomcat.LazySessionIdGenerator@59cc46a4] to [STARTED]
2026-05-03 20:50:23 DEBUG o.apache.catalina.util.LifecycleBase - Setting state for [StandardManager[StandardEngine[Tomcat].StandardHost[localhost].TomcatEmbeddedContext[]]] to [STARTING]
2026-05-03 20:50:23 DEBUG o.apache.catalina.util.LifecycleBase - Setting state for [StandardManager[StandardEngine[Tomcat].StandardHost[localhost].TomcatEmbeddedContext[]]] to [STARTED]
2026-05-03 20:50:23 DEBUG o.apache.catalina.util.LifecycleBase - Setting state for [StandardEngine[Tomcat].StandardHost[localhost].TomcatEmbeddedContext[]] to [STARTING]
2026-05-03 20:50:23 DEBUG o.apache.catalina.util.LifecycleBase - Setting state for [StandardEngine[Tomcat].StandardHost[localhost].TomcatEmbeddedContext[]] to [STARTED]
2026-05-03 20:50:23 DEBUG o.apache.catalina.util.LifecycleBase - Setting state for [StandardPipeline[StandardEngine[Tomcat].StandardHost[localhost]]] to [INITIALIZING]
2026-05-03 20:50:23 DEBUG o.apache.catalina.util.LifecycleBase - Setting state for [StandardPipeline[StandardEngine[Tomcat].StandardHost[localhost]]] to [INITIALIZED]
2026-05-03 20:50:23 DEBUG o.apache.catalina.util.LifecycleBase - Setting state for [StandardPipeline[StandardEngine[Tomcat].StandardHost[localhost]]] to [STARTING_PREP]
2026-05-03 20:50:23 DEBUG o.apache.catalina.util.LifecycleBase - Setting state for [ErrorReportValve[StandardEngine[Tomcat].StandardHost[localhost]]] to [INITIALIZING]
2026-05-03 20:50:23 DEBUG o.apache.catalina.util.LifecycleBase - Setting state for [ErrorReportValve[StandardEngine[Tomcat].StandardHost[localhost]]] to [INITIALIZED]
2026-05-03 20:50:23 DEBUG o.apache.catalina.util.LifecycleBase - Setting state for [ErrorReportValve[StandardEngine[Tomcat].StandardHost[localhost]]] to [STARTING_PREP]
2026-05-03 20:50:23 DEBUG o.apache.catalina.util.LifecycleBase - Setting state for [ErrorReportValve[StandardEngine[Tomcat].StandardHost[localhost]]] to [STARTING]
2026-05-03 20:50:23 DEBUG o.apache.catalina.util.LifecycleBase - Setting state for [ErrorReportValve[StandardEngine[Tomcat].StandardHost[localhost]]] to [STARTED]
2026-05-03 20:50:23 DEBUG o.apache.catalina.util.LifecycleBase - Setting state for [StandardHostValve[StandardEngine[Tomcat].StandardHost[localhost]]] to [INITIALIZING]
2026-05-03 20:50:23 DEBUG o.apache.catalina.util.LifecycleBase - Setting state for [StandardHostValve[StandardEngine[Tomcat].StandardHost[localhost]]] to [INITIALIZED]
2026-05-03 20:50:23 DEBUG o.apache.catalina.util.LifecycleBase - Setting state for [StandardHostValve[StandardEngine[Tomcat].StandardHost[localhost]]] to [STARTING_PREP]
2026-05-03 20:50:23 DEBUG o.apache.catalina.util.LifecycleBase - Setting state for [StandardHostValve[StandardEngine[Tomcat].StandardHost[localhost]]] to [STARTING]
2026-05-03 20:50:23 DEBUG o.apache.catalina.util.LifecycleBase - Setting state for [StandardHostValve[StandardEngine[Tomcat].StandardHost[localhost]]] to [STARTED]
2026-05-03 20:50:23 DEBUG o.apache.catalina.util.LifecycleBase - Setting state for [StandardPipeline[StandardEngine[Tomcat].StandardHost[localhost]]] to [STARTING]
2026-05-03 20:50:23 DEBUG o.apache.catalina.util.LifecycleBase - Setting state for [StandardPipeline[StandardEngine[Tomcat].StandardHost[localhost]]] to [STARTED]
2026-05-03 20:50:23 DEBUG o.apache.catalina.util.LifecycleBase - Setting state for [StandardEngine[Tomcat].StandardHost[localhost]] to [STARTING]
2026-05-03 20:50:23 DEBUG o.apache.catalina.util.LifecycleBase - Setting state for [StandardEngine[Tomcat].StandardHost[localhost]] to [STARTED]
2026-05-03 20:50:23 DEBUG o.apache.catalina.util.LifecycleBase - Setting state for [StandardPipeline[StandardEngine[Tomcat]]] to [INITIALIZING]
2026-05-03 20:50:23 DEBUG o.apache.catalina.util.LifecycleBase - Setting state for [StandardPipeline[StandardEngine[Tomcat]]] to [INITIALIZED]
2026-05-03 20:50:23 DEBUG o.apache.catalina.util.LifecycleBase - Setting state for [StandardPipeline[StandardEngine[Tomcat]]] to [STARTING_PREP]
2026-05-03 20:50:23 DEBUG o.apache.catalina.util.LifecycleBase - Setting state for [StandardEngineValve[StandardEngine[Tomcat]]] to [INITIALIZING]
2026-05-03 20:50:23 DEBUG o.apache.catalina.util.LifecycleBase - Setting state for [StandardEngineValve[StandardEngine[Tomcat]]] to [INITIALIZED]
2026-05-03 20:50:23 DEBUG o.apache.catalina.util.LifecycleBase - Setting state for [StandardEngineValve[StandardEngine[Tomcat]]] to [STARTING_PREP]
2026-05-03 20:50:23 DEBUG o.apache.catalina.util.LifecycleBase - Setting state for [StandardEngineValve[StandardEngine[Tomcat]]] to [STARTING]
2026-05-03 20:50:23 DEBUG o.apache.catalina.util.LifecycleBase - Setting state for [StandardEngineValve[StandardEngine[Tomcat]]] to [STARTED]
2026-05-03 20:50:23 DEBUG o.apache.catalina.util.LifecycleBase - Setting state for [StandardPipeline[StandardEngine[Tomcat]]] to [STARTING]
2026-05-03 20:50:23 DEBUG o.apache.catalina.util.LifecycleBase - Setting state for [StandardPipeline[StandardEngine[Tomcat]]] to [STARTED]
2026-05-03 20:50:23 DEBUG o.apache.catalina.util.LifecycleBase - Setting state for [StandardEngine[Tomcat]] to [STARTING]
2026-05-03 20:50:23 DEBUG o.apache.catalina.util.LifecycleBase - Setting state for [StandardEngine[Tomcat]] to [STARTED]
2026-05-03 20:50:23 DEBUG o.apache.catalina.util.LifecycleBase - Setting state for [org.apache.catalina.mapper.MapperListener@5a566922] to [STARTING_PREP]
2026-05-03 20:50:23 DEBUG o.apache.catalina.util.LifecycleBase - Setting state for [org.apache.catalina.mapper.MapperListener@5a566922] to [STARTING]
2026-05-03 20:50:23 DEBUG org.apache.catalina.mapper.Mapper - Registered host [localhost]
2026-05-03 20:50:23 DEBUG o.a.catalina.mapper.MapperListener - Register Wrapper [dispatcherServlet] in Context [] for service [StandardService[Tomcat]]
2026-05-03 20:50:23 DEBUG o.a.catalina.mapper.MapperListener - Register Context [] for service [StandardService[Tomcat]]
2026-05-03 20:50:23 DEBUG o.a.catalina.mapper.MapperListener - Register host [localhost] at domain [null] for service [StandardService[Tomcat]]
2026-05-03 20:50:23 DEBUG o.apache.catalina.util.LifecycleBase - Setting state for [org.apache.catalina.mapper.MapperListener@5a566922] to [STARTED]
2026-05-03 20:50:23 DEBUG o.apache.catalina.util.LifecycleBase - Setting state for [StandardService[Tomcat]] to [STARTED]
2026-05-03 20:50:23 DEBUG o.apache.catalina.util.LifecycleBase - Setting state for [StandardServer[-1]] to [STARTED]
2026-05-03 20:50:24 DEBUG o.apache.catalina.webresources.Cache - Increased cache size by [521] for item [org.apache.catalina.webresources.CachedResource@36e8fefe] at [/index.html] making total cache size [2204]
2026-05-03 20:50:24 DEBUG o.apache.catalina.webresources.Cache - Increased cache size by [501] for item [org.apache.catalina.webresources.CachedResource@1c8746a0] at [/] making total cache size [2705]
2026-05-03 20:50:25 DEBUG o.apache.catalina.util.LifecycleBase - Setting state for [Connector["http-nio-8080"]] to [STARTING_PREP]
2026-05-03 20:50:25 DEBUG o.apache.catalina.util.LifecycleBase - Setting state for [Connector["http-nio-8080"]] to [STARTING]
2026-05-03 20:50:25 INFO  o.a.coyote.http11.Http11NioProtocol - Starting ProtocolHandler ["http-nio-8080"]
2026-05-03 20:50:25 DEBUG o.apache.catalina.util.LifecycleBase - Setting state for [Connector["http-nio-8080"]] to [STARTED]
2026-05-03 20:53:47 DEBUG o.a.coyote.http11.Http11Processor - Error parsing HTTP request header
java.io.EOFException
	at org.apache.tomcat.util.net.NioEndpoint$NioSocketWrapper.fillReadBuffer(NioEndpoint.java:1334)
	at org.apache.tomcat.util.net.NioEndpoint$NioSocketWrapper.read(NioEndpoint.java:1218)
	at org.apache.coyote.http11.Http11InputBuffer.fill(Http11InputBuffer.java:780)
	at org.apache.coyote.http11.Http11InputBuffer.parseRequestLine(Http11InputBuffer.java:345)
	at org.apache.coyote.http11.Http11Processor.service(Http11Processor.java:272)
	at org.apache.coyote.AbstractProcessorLight.process(AbstractProcessorLight.java:63)
	at org.apache.coyote.AbstractProtocol$ConnectionHandler.process(AbstractProtocol.java:903)
	at org.apache.tomcat.util.net.NioEndpoint$SocketProcessor.doRun(NioEndpoint.java:1775)
	at org.apache.tomcat.util.net.SocketProcessorBase.run(SocketProcessorBase.java:52)
	at org.apache.tomcat.util.threads.ThreadPoolExecutor.runWorker(ThreadPoolExecutor.java:973)
	at org.apache.tomcat.util.threads.ThreadPoolExecutor$Worker.run(ThreadPoolExecutor.java:491)
	at org.apache.tomcat.util.threads.TaskThread$WrappingRunnable.run(TaskThread.java:63)
	at java.base/java.lang.Thread.run(Thread.java:1583)
2026-05-03 20:53:47 DEBUG o.a.coyote.http11.Http11Processor - Error state [CLOSE_CONNECTION_NOW] reported while processing request
java.io.EOFException
	at org.apache.tomcat.util.net.NioEndpoint$NioSocketWrapper.fillReadBuffer(NioEndpoint.java:1334)
	at org.apache.tomcat.util.net.NioEndpoint$NioSocketWrapper.read(NioEndpoint.java:1218)
	at org.apache.coyote.http11.Http11InputBuffer.fill(Http11InputBuffer.java:780)
	at org.apache.coyote.http11.Http11InputBuffer.parseRequestLine(Http11InputBuffer.java:345)
	at org.apache.coyote.http11.Http11Processor.service(Http11Processor.java:272)
	at org.apache.coyote.AbstractProcessorLight.process(AbstractProcessorLight.java:63)
	at org.apache.coyote.AbstractProtocol$ConnectionHandler.process(AbstractProtocol.java:903)
	at org.apache.tomcat.util.net.NioEndpoint$SocketProcessor.doRun(NioEndpoint.java:1775)
	at org.apache.tomcat.util.net.SocketProcessorBase.run(SocketProcessorBase.java:52)
	at org.apache.tomcat.util.threads.ThreadPoolExecutor.runWorker(ThreadPoolExecutor.java:973)
	at org.apache.tomcat.util.threads.ThreadPoolExecutor$Worker.run(ThreadPoolExecutor.java:491)
	at org.apache.tomcat.util.threads.TaskThread$WrappingRunnable.run(TaskThread.java:63)
	at java.base/java.lang.Thread.run(Thread.java:1583)
2026-05-03 20:53:47 DEBUG o.a.c.a.jaspic.AuthConfigFactoryImpl - Loading persistent provider registrations from [C:\Users\CyberPirate\AppData\Local\Temp\tomcat.8080.3634101358853236011\conf\jaspic-providers.xml]
2026-05-03 20:53:47 INFO  o.a.c.c.C.[Tomcat].[localhost].[/] - Initializing Spring DispatcherServlet 'dispatcherServlet'
2026-05-03 20:56:58 DEBUG o.a.coyote.http11.Http11Processor - Error parsing HTTP request header
java.io.EOFException
	at org.apache.tomcat.util.net.NioEndpoint$NioSocketWrapper.fillReadBuffer(NioEndpoint.java:1334)
	at org.apache.tomcat.util.net.NioEndpoint$NioSocketWrapper.read(NioEndpoint.java:1218)
	at org.apache.coyote.http11.Http11InputBuffer.fill(Http11InputBuffer.java:780)
	at org.apache.coyote.http11.Http11InputBuffer.parseRequestLine(Http11InputBuffer.java:345)
	at org.apache.coyote.http11.Http11Processor.service(Http11Processor.java:272)
	at org.apache.coyote.AbstractProcessorLight.process(AbstractProcessorLight.java:63)
	at org.apache.coyote.AbstractProtocol$ConnectionHandler.process(AbstractProtocol.java:903)
	at org.apache.tomcat.util.net.NioEndpoint$SocketProcessor.doRun(NioEndpoint.java:1775)
	at org.apache.tomcat.util.net.SocketProcessorBase.run(SocketProcessorBase.java:52)
	at org.apache.tomcat.util.threads.ThreadPoolExecutor.runWorker(ThreadPoolExecutor.java:973)
	at org.apache.tomcat.util.threads.ThreadPoolExecutor$Worker.run(ThreadPoolExecutor.java:491)
	at org.apache.tomcat.util.threads.TaskThread$WrappingRunnable.run(TaskThread.java:63)
	at java.base/java.lang.Thread.run(Thread.java:1583)
2026-05-03 20:56:58 DEBUG o.a.coyote.http11.Http11Processor - Error state [CLOSE_CONNECTION_NOW] reported while processing request
java.io.EOFException
	at org.apache.tomcat.util.net.NioEndpoint$NioSocketWrapper.fillReadBuffer(NioEndpoint.java:1334)
	at org.apache.tomcat.util.net.NioEndpoint$NioSocketWrapper.read(NioEndpoint.java:1218)
	at org.apache.coyote.http11.Http11InputBuffer.fill(Http11InputBuffer.java:780)
	at org.apache.coyote.http11.Http11InputBuffer.parseRequestLine(Http11InputBuffer.java:345)
	at org.apache.coyote.http11.Http11Processor.service(Http11Processor.java:272)
	at org.apache.coyote.AbstractProcessorLight.process(AbstractProcessorLight.java:63)
	at org.apache.coyote.AbstractProtocol$ConnectionHandler.process(AbstractProtocol.java:903)
	at org.apache.tomcat.util.net.NioEndpoint$SocketProcessor.doRun(NioEndpoint.java:1775)
	at org.apache.tomcat.util.net.SocketProcessorBase.run(SocketProcessorBase.java:52)
	at org.apache.tomcat.util.threads.ThreadPoolExecutor.runWorker(ThreadPoolExecutor.java:973)
	at org.apache.tomcat.util.threads.ThreadPoolExecutor$Worker.run(ThreadPoolExecutor.java:491)
	at org.apache.tomcat.util.threads.TaskThread$WrappingRunnable.run(TaskThread.java:63)
	at java.base/java.lang.Thread.run(Thread.java:1583)
2026-05-03 20:58:40 DEBUG o.a.coyote.http11.Http11Processor - Error parsing HTTP request header
java.io.EOFException
	at org.apache.tomcat.util.net.NioEndpoint$NioSocketWrapper.fillReadBuffer(NioEndpoint.java:1334)
	at org.apache.tomcat.util.net.NioEndpoint$NioSocketWrapper.read(NioEndpoint.java:1218)
	at org.apache.coyote.http11.Http11InputBuffer.fill(Http11InputBuffer.java:780)
	at org.apache.coyote.http11.Http11InputBuffer.parseRequestLine(Http11InputBuffer.java:345)
	at org.apache.coyote.http11.Http11Processor.service(Http11Processor.java:272)
	at org.apache.coyote.AbstractProcessorLight.process(AbstractProcessorLight.java:63)
	at org.apache.coyote.AbstractProtocol$ConnectionHandler.process(AbstractProtocol.java:903)
	at org.apache.tomcat.util.net.NioEndpoint$SocketProcessor.doRun(NioEndpoint.java:1775)
	at org.apache.tomcat.util.net.SocketProcessorBase.run(SocketProcessorBase.java:52)
	at org.apache.tomcat.util.threads.ThreadPoolExecutor.runWorker(ThreadPoolExecutor.java:973)
	at org.apache.tomcat.util.threads.ThreadPoolExecutor$Worker.run(ThreadPoolExecutor.java:491)
	at org.apache.tomcat.util.threads.TaskThread$WrappingRunnable.run(TaskThread.java:63)
	at java.base/java.lang.Thread.run(Thread.java:1583)
2026-05-03 20:58:40 DEBUG o.a.coyote.http11.Http11Processor - Error state [CLOSE_CONNECTION_NOW] reported while processing request
java.io.EOFException
	at org.apache.tomcat.util.net.NioEndpoint$NioSocketWrapper.fillReadBuffer(NioEndpoint.java:1334)
	at org.apache.tomcat.util.net.NioEndpoint$NioSocketWrapper.read(NioEndpoint.java:1218)
	at org.apache.coyote.http11.Http11InputBuffer.fill(Http11InputBuffer.java:780)
	at org.apache.coyote.http11.Http11InputBuffer.parseRequestLine(Http11InputBuffer.java:345)
	at org.apache.coyote.http11.Http11Processor.service(Http11Processor.java:272)
	at org.apache.coyote.AbstractProcessorLight.process(AbstractProcessorLight.java:63)
	at org.apache.coyote.AbstractProtocol$ConnectionHandler.process(AbstractProtocol.java:903)
	at org.apache.tomcat.util.net.NioEndpoint$SocketProcessor.doRun(NioEndpoint.java:1775)
	at org.apache.tomcat.util.net.SocketProcessorBase.run(SocketProcessorBase.java:52)
	at org.apache.tomcat.util.threads.ThreadPoolExecutor.runWorker(ThreadPoolExecutor.java:973)
	at org.apache.tomcat.util.threads.ThreadPoolExecutor$Worker.run(ThreadPoolExecutor.java:491)
	at org.apache.tomcat.util.threads.TaskThread$WrappingRunnable.run(TaskThread.java:63)
	at java.base/java.lang.Thread.run(Thread.java:1583)
2026-05-03 21:29:15 DEBUG o.a.tomcat.util.compat.Jre22Compat - Class not found so assuming code is running on a pre-Java 22 JVM
java.lang.ClassNotFoundException: java.text.ListFormat
	at java.base/jdk.internal.loader.BuiltinClassLoader.loadClass(BuiltinClassLoader.java:641)
	at java.base/jdk.internal.loader.ClassLoaders$AppClassLoader.loadClass(ClassLoaders.java:188)
	at java.base/java.lang.ClassLoader.loadClass(ClassLoader.java:526)
	at java.base/java.lang.Class.forName0(Native Method)
	at java.base/java.lang.Class.forName(Class.java:423)
	at java.base/java.lang.Class.forName(Class.java:414)
	at org.apache.tomcat.util.compat.Jre22Compat.<clinit>(Jre22Compat.java:37)
	at org.apache.tomcat.util.compat.JreCompat.<clinit>(JreCompat.java:75)
	at org.apache.catalina.startup.Tomcat.<clinit>(Tomcat.java:1196)
	at org.springframework.boot.web.embedded.tomcat.TomcatServletWebServerFactory.getWebServer(TomcatServletWebServerFactory.java:200)
	at org.springframework.boot.web.servlet.context.ServletWebServerApplicationContext.createWebServer(ServletWebServerApplicationContext.java:193)
	at org.springframework.boot.web.servlet.context.ServletWebServerApplicationContext.onRefresh(ServletWebServerApplicationContext.java:167)
	at org.springframework.context.support.AbstractApplicationContext.refresh(AbstractApplicationContext.java:622)
	at org.springframework.boot.web.servlet.context.ServletWebServerApplicationContext.refresh(ServletWebServerApplicationContext.java:146)
	at org.springframework.boot.SpringApplication.refresh(SpringApplication.java:752)
	at org.springframework.boot.SpringApplication.refreshContext(SpringApplication.java:439)
	at org.springframework.boot.SpringApplication.run(SpringApplication.java:318)
	at org.springframework.boot.SpringApplication.run(SpringApplication.java:1361)
	at org.springframework.boot.SpringApplication.run(SpringApplication.java:1350)
	at gr.aueb.cf.eduapp.EduAppApplication.main(EduAppApplication.java:12)
2026-05-03 21:29:15 DEBUG o.apache.catalina.core.ContainerBase - Add container child [StandardHost[localhost]] to container [StandardEngine[Tomcat]]
2026-05-03 21:29:15 DEBUG o.apache.catalina.core.ContainerBase - Add container child [TomcatEmbeddedContext[]] to container [StandardEngine[Tomcat].StandardHost[localhost]]
2026-05-03 21:29:15 DEBUG o.apache.catalina.util.LifecycleBase - Setting state for [StandardServer[-1]] to [INITIALIZING]
2026-05-03 21:29:15 DEBUG o.apache.catalina.util.LifecycleBase - Setting state for [org.apache.catalina.deploy.NamingResourcesImpl@7c96c85] to [INITIALIZING]
2026-05-03 21:29:15 DEBUG o.apache.catalina.util.LifecycleBase - Setting state for [org.apache.catalina.deploy.NamingResourcesImpl@7c96c85] to [INITIALIZED]
2026-05-03 21:29:15 DEBUG o.apache.catalina.util.LifecycleBase - Setting state for [StandardService[Tomcat]] to [INITIALIZING]
2026-05-03 21:29:15 DEBUG o.apache.catalina.util.LifecycleBase - Setting state for [StandardEngine[Tomcat]] to [INITIALIZING]
2026-05-03 21:29:15 DEBUG o.apache.catalina.util.LifecycleBase - Setting state for [StandardEngine[Tomcat]] to [INITIALIZED]
2026-05-03 21:29:15 DEBUG o.apache.catalina.util.LifecycleBase - Setting state for [org.apache.catalina.mapper.MapperListener@15c6027d] to [INITIALIZING]
2026-05-03 21:29:15 DEBUG o.apache.catalina.util.LifecycleBase - Setting state for [org.apache.catalina.mapper.MapperListener@15c6027d] to [INITIALIZED]
2026-05-03 21:29:15 DEBUG o.apache.catalina.util.LifecycleBase - Setting state for [Connector["http-nio-8080"]] to [INITIALIZING]
2026-05-03 21:29:15 INFO  o.a.coyote.http11.Http11NioProtocol - Initializing ProtocolHandler ["http-nio-8080"]
2026-05-03 21:29:15 DEBUG o.apache.catalina.util.LifecycleBase - Setting state for [Connector["http-nio-8080"]] to [INITIALIZED]
2026-05-03 21:29:15 DEBUG o.apache.catalina.util.LifecycleBase - Setting state for [StandardService[Tomcat]] to [INITIALIZED]
2026-05-03 21:29:15 DEBUG o.apache.catalina.util.LifecycleBase - Setting state for [StandardServer[-1]] to [INITIALIZED]
2026-05-03 21:29:15 DEBUG o.apache.catalina.util.LifecycleBase - Setting state for [StandardServer[-1]] to [STARTING_PREP]
2026-05-03 21:29:15 DEBUG o.apache.catalina.util.LifecycleBase - Setting state for [StandardServer[-1]] to [STARTING]
2026-05-03 21:29:15 DEBUG o.apache.catalina.util.LifecycleBase - Setting state for [org.apache.catalina.deploy.NamingResourcesImpl@7c96c85] to [STARTING_PREP]
2026-05-03 21:29:15 DEBUG o.apache.catalina.util.LifecycleBase - Setting state for [org.apache.catalina.deploy.NamingResourcesImpl@7c96c85] to [STARTING]
2026-05-03 21:29:15 DEBUG o.apache.catalina.util.LifecycleBase - Setting state for [org.apache.catalina.deploy.NamingResourcesImpl@7c96c85] to [STARTED]
2026-05-03 21:29:15 DEBUG o.apache.catalina.util.LifecycleBase - Setting state for [StandardService[Tomcat]] to [STARTING_PREP]
2026-05-03 21:29:15 INFO  o.a.catalina.core.StandardService - Starting service [Tomcat]
2026-05-03 21:29:15 DEBUG o.apache.catalina.util.LifecycleBase - Setting state for [StandardService[Tomcat]] to [STARTING]
2026-05-03 21:29:15 DEBUG o.apache.catalina.util.LifecycleBase - Setting state for [StandardEngine[Tomcat]] to [STARTING_PREP]
2026-05-03 21:29:15 INFO  o.a.catalina.core.StandardEngine - Starting Servlet engine: [Apache Tomcat/10.1.52]
2026-05-03 21:29:15 DEBUG o.apache.catalina.util.LifecycleBase - Setting state for [SimpleRealm[StandardEngine[Tomcat]]] to [INITIALIZING]
2026-05-03 21:29:15 DEBUG o.apache.catalina.util.LifecycleBase - Setting state for [SimpleRealm[StandardEngine[Tomcat]]] to [INITIALIZED]
2026-05-03 21:29:15 DEBUG o.apache.catalina.util.LifecycleBase - Setting state for [SimpleRealm[StandardEngine[Tomcat]]] to [STARTING_PREP]
2026-05-03 21:29:15 DEBUG o.apache.catalina.util.LifecycleBase - Setting state for [SimpleRealm[StandardEngine[Tomcat]]] to [STARTING]
2026-05-03 21:29:15 DEBUG o.apache.catalina.util.LifecycleBase - Setting state for [SimpleRealm[StandardEngine[Tomcat]]] to [STARTED]
2026-05-03 21:29:15 DEBUG o.apache.catalina.util.LifecycleBase - Setting state for [StandardEngine[Tomcat].StandardHost[localhost]] to [INITIALIZING]
2026-05-03 21:29:15 DEBUG o.apache.catalina.util.LifecycleBase - Setting state for [StandardEngine[Tomcat].StandardHost[localhost]] to [INITIALIZED]
2026-05-03 21:29:15 DEBUG o.apache.catalina.util.LifecycleBase - Setting state for [StandardEngine[Tomcat].StandardHost[localhost]] to [STARTING_PREP]
2026-05-03 21:29:15 DEBUG o.apache.catalina.util.LifecycleBase - Setting state for [StandardEngine[Tomcat].StandardHost[localhost].TomcatEmbeddedContext[]] to [INITIALIZING]
2026-05-03 21:29:15 DEBUG o.apache.catalina.util.LifecycleBase - Setting state for [StandardEngine[Tomcat].StandardHost[localhost].TomcatEmbeddedContext[]] to [INITIALIZED]
2026-05-03 21:29:15 DEBUG o.apache.catalina.util.LifecycleBase - Setting state for [StandardEngine[Tomcat].StandardHost[localhost].TomcatEmbeddedContext[]] to [STARTING_PREP]
2026-05-03 21:29:15 DEBUG o.apache.catalina.util.LifecycleBase - Setting state for [org.apache.catalina.webresources.StandardRoot@5c48b72c] to [INITIALIZING]
2026-05-03 21:29:15 DEBUG o.apache.catalina.util.LifecycleBase - Setting state for [org.apache.catalina.webresources.StandardRoot@5c48b72c] to [INITIALIZED]
2026-05-03 21:29:15 DEBUG o.apache.catalina.util.LifecycleBase - Setting state for [org.apache.catalina.webresources.StandardRoot@5c48b72c] to [STARTING_PREP]
2026-05-03 21:29:15 DEBUG o.apache.catalina.util.LifecycleBase - Setting state for [org.apache.catalina.webresources.DirResourceSet@5b5f9003] to [INITIALIZING]
2026-05-03 21:29:15 DEBUG o.apache.catalina.util.LifecycleBase - Setting state for [org.apache.catalina.webresources.DirResourceSet@5b5f9003] to [INITIALIZED]
2026-05-03 21:29:15 DEBUG o.apache.catalina.util.LifecycleBase - Setting state for [org.apache.catalina.webresources.DirResourceSet@5b5f9003] to [STARTING_PREP]
2026-05-03 21:29:15 DEBUG o.apache.catalina.util.LifecycleBase - Setting state for [org.apache.catalina.webresources.DirResourceSet@5b5f9003] to [STARTING]
2026-05-03 21:29:15 DEBUG o.apache.catalina.util.LifecycleBase - Setting state for [org.apache.catalina.webresources.DirResourceSet@5b5f9003] to [STARTED]
2026-05-03 21:29:15 DEBUG o.apache.catalina.util.LifecycleBase - Setting state for [org.apache.catalina.webresources.StandardRoot@5c48b72c] to [STARTING]
2026-05-03 21:29:15 DEBUG o.apache.catalina.util.LifecycleBase - Setting state for [org.apache.catalina.webresources.StandardRoot@5c48b72c] to [STARTED]
2026-05-03 21:29:15 DEBUG o.apache.catalina.util.LifecycleBase - Setting state for [WebappLoader[StandardEngine[Tomcat].StandardHost[localhost].TomcatEmbeddedContext[]]] to [INITIALIZING]
2026-05-03 21:29:15 DEBUG o.apache.catalina.util.LifecycleBase - Setting state for [WebappLoader[StandardEngine[Tomcat].StandardHost[localhost].TomcatEmbeddedContext[]]] to [INITIALIZED]
2026-05-03 21:29:15 DEBUG o.apache.catalina.util.LifecycleBase - Setting state for [WebappLoader[StandardEngine[Tomcat].StandardHost[localhost].TomcatEmbeddedContext[]]] to [STARTING_PREP]
2026-05-03 21:29:15 DEBUG o.a.catalina.loader.WebappLoader - Starting this Loader
2026-05-03 21:29:15 DEBUG o.apache.catalina.webresources.Cache - Increased cache size by [531] for item [org.apache.catalina.webresources.CachedResource@632b305d] at [/WEB-INF/classes] making total cache size [531]
2026-05-03 21:29:15 DEBUG o.apache.catalina.util.LifecycleBase - Setting state for [WebappLoader[StandardEngine[Tomcat].StandardHost[localhost].TomcatEmbeddedContext[]]] to [STARTING]
2026-05-03 21:29:15 DEBUG o.apache.catalina.util.LifecycleBase - Setting state for [WebappLoader[StandardEngine[Tomcat].StandardHost[localhost].TomcatEmbeddedContext[]]] to [STARTED]
2026-05-03 21:29:15 DEBUG o.apache.catalina.util.LifecycleBase - Setting state for [StandardPipeline[StandardEngine[Tomcat].StandardHost[localhost].TomcatEmbeddedContext[]]] to [INITIALIZING]
2026-05-03 21:29:15 DEBUG o.apache.catalina.util.LifecycleBase - Setting state for [StandardPipeline[StandardEngine[Tomcat].StandardHost[localhost].TomcatEmbeddedContext[]]] to [INITIALIZED]
2026-05-03 21:29:15 DEBUG o.apache.catalina.util.LifecycleBase - Setting state for [StandardPipeline[StandardEngine[Tomcat].StandardHost[localhost].TomcatEmbeddedContext[]]] to [STARTING_PREP]
2026-05-03 21:29:15 DEBUG o.apache.catalina.util.LifecycleBase - Setting state for [NonLoginAuthenticator[StandardEngine[Tomcat].StandardHost[localhost].TomcatEmbeddedContext[]]] to [INITIALIZING]
2026-05-03 21:29:15 DEBUG o.apache.catalina.util.LifecycleBase - Setting state for [NonLoginAuthenticator[StandardEngine[Tomcat].StandardHost[localhost].TomcatEmbeddedContext[]]] to [INITIALIZED]
2026-05-03 21:29:15 DEBUG o.apache.catalina.util.LifecycleBase - Setting state for [NonLoginAuthenticator[StandardEngine[Tomcat].StandardHost[localhost].TomcatEmbeddedContext[]]] to [STARTING_PREP]
2026-05-03 21:29:15 DEBUG o.apache.catalina.util.LifecycleBase - Setting state for [NonLoginAuthenticator[StandardEngine[Tomcat].StandardHost[localhost].TomcatEmbeddedContext[]]] to [STARTING]
2026-05-03 21:29:15 DEBUG o.apache.catalina.util.LifecycleBase - Setting state for [NonLoginAuthenticator[StandardEngine[Tomcat].StandardHost[localhost].TomcatEmbeddedContext[]]] to [STARTED]
2026-05-03 21:29:15 DEBUG o.apache.catalina.util.LifecycleBase - Setting state for [StandardContextValve[StandardEngine[Tomcat].StandardHost[localhost].TomcatEmbeddedContext[]]] to [INITIALIZING]
2026-05-03 21:29:15 DEBUG o.apache.catalina.util.LifecycleBase - Setting state for [StandardContextValve[StandardEngine[Tomcat].StandardHost[localhost].TomcatEmbeddedContext[]]] to [INITIALIZED]
2026-05-03 21:29:15 DEBUG o.apache.catalina.util.LifecycleBase - Setting state for [StandardContextValve[StandardEngine[Tomcat].StandardHost[localhost].TomcatEmbeddedContext[]]] to [STARTING_PREP]
2026-05-03 21:29:15 DEBUG o.apache.catalina.util.LifecycleBase - Setting state for [StandardContextValve[StandardEngine[Tomcat].StandardHost[localhost].TomcatEmbeddedContext[]]] to [STARTING]
2026-05-03 21:29:15 DEBUG o.apache.catalina.util.LifecycleBase - Setting state for [StandardContextValve[StandardEngine[Tomcat].StandardHost[localhost].TomcatEmbeddedContext[]]] to [STARTED]
2026-05-03 21:29:15 DEBUG o.apache.catalina.util.LifecycleBase - Setting state for [StandardPipeline[StandardEngine[Tomcat].StandardHost[localhost].TomcatEmbeddedContext[]]] to [STARTING]
2026-05-03 21:29:15 DEBUG o.apache.catalina.util.LifecycleBase - Setting state for [StandardPipeline[StandardEngine[Tomcat].StandardHost[localhost].TomcatEmbeddedContext[]]] to [STARTED]
2026-05-03 21:29:15 DEBUG o.a.catalina.core.StandardContext - No manager found. Checking if cluster manager should be used. Cluster configured: [false], Application distributable: [false]
2026-05-03 21:29:15 DEBUG o.a.catalina.core.StandardContext - Configured a manager of class [org.apache.catalina.session.StandardManager]
2026-05-03 21:29:15 DEBUG o.apache.catalina.util.LifecycleBase - Setting state for [org.apache.catalina.deploy.NamingResourcesImpl@11f23203] to [INITIALIZING]
2026-05-03 21:29:15 DEBUG o.apache.catalina.util.LifecycleBase - Setting state for [org.apache.catalina.deploy.NamingResourcesImpl@11f23203] to [INITIALIZED]
2026-05-03 21:29:15 DEBUG o.apache.catalina.util.LifecycleBase - Setting state for [org.apache.catalina.deploy.NamingResourcesImpl@11f23203] to [STARTING_PREP]
2026-05-03 21:29:15 DEBUG o.apache.catalina.util.LifecycleBase - Setting state for [org.apache.catalina.deploy.NamingResourcesImpl@11f23203] to [STARTING]
2026-05-03 21:29:15 DEBUG o.apache.catalina.util.LifecycleBase - Setting state for [org.apache.catalina.deploy.NamingResourcesImpl@11f23203] to [STARTED]
2026-05-03 21:29:15 INFO  o.a.c.c.C.[Tomcat].[localhost].[/] - Initializing Spring embedded WebApplicationContext
2026-05-03 21:29:16 DEBUG o.apache.catalina.webresources.Cache - Increased cache size by [573] for item [org.apache.catalina.webresources.CachedResource@ca2be53] at [/WEB-INF/classes/hibernate.properties] making total cache size [1104]
2026-05-03 21:29:17 DEBUG o.apache.catalina.webresources.Cache - Increased cache size by [579] for item [org.apache.catalina.webresources.CachedResource@4a10c019] at [/WEB-INF/classes/META-INF/validation.xml] making total cache size [1683]
2026-05-03 21:29:20 DEBUG o.apache.catalina.core.ContainerBase - Add container child [StandardWrapper[dispatcherServlet]] to container [StandardEngine[Tomcat].StandardHost[localhost].TomcatEmbeddedContext[]]
2026-05-03 21:29:20 DEBUG o.apache.catalina.util.LifecycleBase - Setting state for [StandardEngine[Tomcat].StandardHost[localhost].TomcatEmbeddedContext[].StandardWrapper[dispatcherServlet]] to [INITIALIZING]
2026-05-03 21:29:20 DEBUG o.apache.catalina.util.LifecycleBase - Setting state for [StandardEngine[Tomcat].StandardHost[localhost].TomcatEmbeddedContext[].StandardWrapper[dispatcherServlet]] to [INITIALIZED]
2026-05-03 21:29:20 DEBUG o.apache.catalina.util.LifecycleBase - Setting state for [StandardEngine[Tomcat].StandardHost[localhost].TomcatEmbeddedContext[].StandardWrapper[dispatcherServlet]] to [STARTING_PREP]
2026-05-03 21:29:20 DEBUG o.apache.catalina.util.LifecycleBase - Setting state for [StandardPipeline[StandardEngine[Tomcat].StandardHost[localhost].TomcatEmbeddedContext[].StandardWrapper[dispatcherServlet]]] to [INITIALIZING]
2026-05-03 21:29:20 DEBUG o.apache.catalina.util.LifecycleBase - Setting state for [StandardPipeline[StandardEngine[Tomcat].StandardHost[localhost].TomcatEmbeddedContext[].StandardWrapper[dispatcherServlet]]] to [INITIALIZED]
2026-05-03 21:29:20 DEBUG o.apache.catalina.util.LifecycleBase - Setting state for [StandardPipeline[StandardEngine[Tomcat].StandardHost[localhost].TomcatEmbeddedContext[].StandardWrapper[dispatcherServlet]]] to [STARTING_PREP]
2026-05-03 21:29:20 DEBUG o.apache.catalina.util.LifecycleBase - Setting state for [StandardWrapperValve[StandardEngine[Tomcat].StandardHost[localhost].TomcatEmbeddedContext[].StandardWrapper[dispatcherServlet]]] to [INITIALIZING]
2026-05-03 21:29:20 DEBUG o.apache.catalina.util.LifecycleBase - Setting state for [StandardWrapperValve[StandardEngine[Tomcat].StandardHost[localhost].TomcatEmbeddedContext[].StandardWrapper[dispatcherServlet]]] to [INITIALIZED]
2026-05-03 21:29:20 DEBUG o.apache.catalina.util.LifecycleBase - Setting state for [StandardWrapperValve[StandardEngine[Tomcat].StandardHost[localhost].TomcatEmbeddedContext[].StandardWrapper[dispatcherServlet]]] to [STARTING_PREP]
2026-05-03 21:29:20 DEBUG o.apache.catalina.util.LifecycleBase - Setting state for [StandardWrapperValve[StandardEngine[Tomcat].StandardHost[localhost].TomcatEmbeddedContext[].StandardWrapper[dispatcherServlet]]] to [STARTING]
2026-05-03 21:29:20 DEBUG o.apache.catalina.util.LifecycleBase - Setting state for [StandardWrapperValve[StandardEngine[Tomcat].StandardHost[localhost].TomcatEmbeddedContext[].StandardWrapper[dispatcherServlet]]] to [STARTED]
2026-05-03 21:29:20 DEBUG o.apache.catalina.util.LifecycleBase - Setting state for [StandardPipeline[StandardEngine[Tomcat].StandardHost[localhost].TomcatEmbeddedContext[].StandardWrapper[dispatcherServlet]]] to [STARTING]
2026-05-03 21:29:20 DEBUG o.apache.catalina.util.LifecycleBase - Setting state for [StandardPipeline[StandardEngine[Tomcat].StandardHost[localhost].TomcatEmbeddedContext[].StandardWrapper[dispatcherServlet]]] to [STARTED]
2026-05-03 21:29:20 DEBUG o.apache.catalina.util.LifecycleBase - Setting state for [StandardEngine[Tomcat].StandardHost[localhost].TomcatEmbeddedContext[].StandardWrapper[dispatcherServlet]] to [STARTING]
2026-05-03 21:29:20 DEBUG o.apache.catalina.util.LifecycleBase - Setting state for [StandardEngine[Tomcat].StandardHost[localhost].TomcatEmbeddedContext[].StandardWrapper[dispatcherServlet]] to [STARTED]
2026-05-03 21:29:20 DEBUG o.apache.catalina.util.LifecycleBase - Setting state for [StandardManager[StandardEngine[Tomcat].StandardHost[localhost].TomcatEmbeddedContext[]]] to [INITIALIZING]
2026-05-03 21:29:20 DEBUG o.apache.catalina.util.LifecycleBase - Setting state for [StandardManager[StandardEngine[Tomcat].StandardHost[localhost].TomcatEmbeddedContext[]]] to [INITIALIZED]
2026-05-03 21:29:20 DEBUG o.apache.catalina.util.LifecycleBase - Setting state for [StandardManager[StandardEngine[Tomcat].StandardHost[localhost].TomcatEmbeddedContext[]]] to [STARTING_PREP]
2026-05-03 21:29:20 DEBUG o.apache.catalina.util.LifecycleBase - Setting state for [org.springframework.boot.web.embedded.tomcat.LazySessionIdGenerator@22cbbe87] to [INITIALIZING]
2026-05-03 21:29:20 DEBUG o.apache.catalina.util.LifecycleBase - Setting state for [org.springframework.boot.web.embedded.tomcat.LazySessionIdGenerator@22cbbe87] to [INITIALIZED]
2026-05-03 21:29:20 DEBUG o.apache.catalina.util.LifecycleBase - Setting state for [org.springframework.boot.web.embedded.tomcat.LazySessionIdGenerator@22cbbe87] to [STARTING_PREP]
2026-05-03 21:29:20 DEBUG o.apache.catalina.util.LifecycleBase - Setting state for [org.springframework.boot.web.embedded.tomcat.LazySessionIdGenerator@22cbbe87] to [STARTING]
2026-05-03 21:29:20 DEBUG o.apache.catalina.util.LifecycleBase - Setting state for [org.springframework.boot.web.embedded.tomcat.LazySessionIdGenerator@22cbbe87] to [STARTED]
2026-05-03 21:29:20 DEBUG o.apache.catalina.util.LifecycleBase - Setting state for [StandardManager[StandardEngine[Tomcat].StandardHost[localhost].TomcatEmbeddedContext[]]] to [STARTING]
2026-05-03 21:29:20 DEBUG o.apache.catalina.util.LifecycleBase - Setting state for [StandardManager[StandardEngine[Tomcat].StandardHost[localhost].TomcatEmbeddedContext[]]] to [STARTED]
2026-05-03 21:29:20 DEBUG o.apache.catalina.util.LifecycleBase - Setting state for [StandardEngine[Tomcat].StandardHost[localhost].TomcatEmbeddedContext[]] to [STARTING]
2026-05-03 21:29:20 DEBUG o.apache.catalina.util.LifecycleBase - Setting state for [StandardEngine[Tomcat].StandardHost[localhost].TomcatEmbeddedContext[]] to [STARTED]
2026-05-03 21:29:20 DEBUG o.apache.catalina.util.LifecycleBase - Setting state for [StandardPipeline[StandardEngine[Tomcat].StandardHost[localhost]]] to [INITIALIZING]
2026-05-03 21:29:20 DEBUG o.apache.catalina.util.LifecycleBase - Setting state for [StandardPipeline[StandardEngine[Tomcat].StandardHost[localhost]]] to [INITIALIZED]
2026-05-03 21:29:20 DEBUG o.apache.catalina.util.LifecycleBase - Setting state for [StandardPipeline[StandardEngine[Tomcat].StandardHost[localhost]]] to [STARTING_PREP]
2026-05-03 21:29:20 DEBUG o.apache.catalina.util.LifecycleBase - Setting state for [ErrorReportValve[StandardEngine[Tomcat].StandardHost[localhost]]] to [INITIALIZING]
2026-05-03 21:29:20 DEBUG o.apache.catalina.util.LifecycleBase - Setting state for [ErrorReportValve[StandardEngine[Tomcat].StandardHost[localhost]]] to [INITIALIZED]
2026-05-03 21:29:20 DEBUG o.apache.catalina.util.LifecycleBase - Setting state for [ErrorReportValve[StandardEngine[Tomcat].StandardHost[localhost]]] to [STARTING_PREP]
2026-05-03 21:29:20 DEBUG o.apache.catalina.util.LifecycleBase - Setting state for [ErrorReportValve[StandardEngine[Tomcat].StandardHost[localhost]]] to [STARTING]
2026-05-03 21:29:20 DEBUG o.apache.catalina.util.LifecycleBase - Setting state for [ErrorReportValve[StandardEngine[Tomcat].StandardHost[localhost]]] to [STARTED]
2026-05-03 21:29:20 DEBUG o.apache.catalina.util.LifecycleBase - Setting state for [StandardHostValve[StandardEngine[Tomcat].StandardHost[localhost]]] to [INITIALIZING]
2026-05-03 21:29:20 DEBUG o.apache.catalina.util.LifecycleBase - Setting state for [StandardHostValve[StandardEngine[Tomcat].StandardHost[localhost]]] to [INITIALIZED]
2026-05-03 21:29:20 DEBUG o.apache.catalina.util.LifecycleBase - Setting state for [StandardHostValve[StandardEngine[Tomcat].StandardHost[localhost]]] to [STARTING_PREP]
2026-05-03 21:29:20 DEBUG o.apache.catalina.util.LifecycleBase - Setting state for [StandardHostValve[StandardEngine[Tomcat].StandardHost[localhost]]] to [STARTING]
2026-05-03 21:29:20 DEBUG o.apache.catalina.util.LifecycleBase - Setting state for [StandardHostValve[StandardEngine[Tomcat].StandardHost[localhost]]] to [STARTED]
2026-05-03 21:29:20 DEBUG o.apache.catalina.util.LifecycleBase - Setting state for [StandardPipeline[StandardEngine[Tomcat].StandardHost[localhost]]] to [STARTING]
2026-05-03 21:29:20 DEBUG o.apache.catalina.util.LifecycleBase - Setting state for [StandardPipeline[StandardEngine[Tomcat].StandardHost[localhost]]] to [STARTED]
2026-05-03 21:29:20 DEBUG o.apache.catalina.util.LifecycleBase - Setting state for [StandardEngine[Tomcat].StandardHost[localhost]] to [STARTING]
2026-05-03 21:29:20 DEBUG o.apache.catalina.util.LifecycleBase - Setting state for [StandardEngine[Tomcat].StandardHost[localhost]] to [STARTED]
2026-05-03 21:29:20 DEBUG o.apache.catalina.util.LifecycleBase - Setting state for [StandardPipeline[StandardEngine[Tomcat]]] to [INITIALIZING]
2026-05-03 21:29:20 DEBUG o.apache.catalina.util.LifecycleBase - Setting state for [StandardPipeline[StandardEngine[Tomcat]]] to [INITIALIZED]
2026-05-03 21:29:20 DEBUG o.apache.catalina.util.LifecycleBase - Setting state for [StandardPipeline[StandardEngine[Tomcat]]] to [STARTING_PREP]
2026-05-03 21:29:20 DEBUG o.apache.catalina.util.LifecycleBase - Setting state for [StandardEngineValve[StandardEngine[Tomcat]]] to [INITIALIZING]
2026-05-03 21:29:20 DEBUG o.apache.catalina.util.LifecycleBase - Setting state for [StandardEngineValve[StandardEngine[Tomcat]]] to [INITIALIZED]
2026-05-03 21:29:20 DEBUG o.apache.catalina.util.LifecycleBase - Setting state for [StandardEngineValve[StandardEngine[Tomcat]]] to [STARTING_PREP]
2026-05-03 21:29:20 DEBUG o.apache.catalina.util.LifecycleBase - Setting state for [StandardEngineValve[StandardEngine[Tomcat]]] to [STARTING]
2026-05-03 21:29:20 DEBUG o.apache.catalina.util.LifecycleBase - Setting state for [StandardEngineValve[StandardEngine[Tomcat]]] to [STARTED]
2026-05-03 21:29:20 DEBUG o.apache.catalina.util.LifecycleBase - Setting state for [StandardPipeline[StandardEngine[Tomcat]]] to [STARTING]
2026-05-03 21:29:20 DEBUG o.apache.catalina.util.LifecycleBase - Setting state for [StandardPipeline[StandardEngine[Tomcat]]] to [STARTED]
2026-05-03 21:29:20 DEBUG o.apache.catalina.util.LifecycleBase - Setting state for [StandardEngine[Tomcat]] to [STARTING]
2026-05-03 21:29:20 DEBUG o.apache.catalina.util.LifecycleBase - Setting state for [StandardEngine[Tomcat]] to [STARTED]
2026-05-03 21:29:20 DEBUG o.apache.catalina.util.LifecycleBase - Setting state for [org.apache.catalina.mapper.MapperListener@15c6027d] to [STARTING_PREP]
2026-05-03 21:29:20 DEBUG o.apache.catalina.util.LifecycleBase - Setting state for [org.apache.catalina.mapper.MapperListener@15c6027d] to [STARTING]
2026-05-03 21:29:20 DEBUG org.apache.catalina.mapper.Mapper - Registered host [localhost]
2026-05-03 21:29:20 DEBUG o.a.catalina.mapper.MapperListener - Register Wrapper [dispatcherServlet] in Context [] for service [StandardService[Tomcat]]
2026-05-03 21:29:20 DEBUG o.a.catalina.mapper.MapperListener - Register Context [] for service [StandardService[Tomcat]]
2026-05-03 21:29:20 DEBUG o.a.catalina.mapper.MapperListener - Register host [localhost] at domain [null] for service [StandardService[Tomcat]]
2026-05-03 21:29:20 DEBUG o.apache.catalina.util.LifecycleBase - Setting state for [org.apache.catalina.mapper.MapperListener@15c6027d] to [STARTED]
2026-05-03 21:29:20 DEBUG o.apache.catalina.util.LifecycleBase - Setting state for [StandardService[Tomcat]] to [STARTED]
2026-05-03 21:29:20 DEBUG o.apache.catalina.util.LifecycleBase - Setting state for [StandardServer[-1]] to [STARTED]
2026-05-03 21:29:21 DEBUG o.apache.catalina.webresources.Cache - Increased cache size by [521] for item [org.apache.catalina.webresources.CachedResource@3debeb5e] at [/index.html] making total cache size [2204]
2026-05-03 21:29:21 DEBUG o.apache.catalina.webresources.Cache - Increased cache size by [501] for item [org.apache.catalina.webresources.CachedResource@505e483f] at [/] making total cache size [2705]
2026-05-03 21:29:22 DEBUG o.apache.catalina.util.LifecycleBase - Setting state for [Connector["http-nio-8080"]] to [STARTING_PREP]
2026-05-03 21:29:22 DEBUG o.apache.catalina.util.LifecycleBase - Setting state for [Connector["http-nio-8080"]] to [STARTING]
2026-05-03 21:29:22 INFO  o.a.coyote.http11.Http11NioProtocol - Starting ProtocolHandler ["http-nio-8080"]
2026-05-03 21:29:22 DEBUG o.apache.catalina.util.LifecycleBase - Setting state for [Connector["http-nio-8080"]] to [STARTED]
2026-05-03 21:34:40 DEBUG o.a.tomcat.util.compat.Jre22Compat - Class not found so assuming code is running on a pre-Java 22 JVM
java.lang.ClassNotFoundException: java.text.ListFormat
	at java.base/jdk.internal.loader.BuiltinClassLoader.loadClass(BuiltinClassLoader.java:641)
	at java.base/jdk.internal.loader.ClassLoaders$AppClassLoader.loadClass(ClassLoaders.java:188)
	at java.base/java.lang.ClassLoader.loadClass(ClassLoader.java:526)
	at java.base/java.lang.Class.forName0(Native Method)
	at java.base/java.lang.Class.forName(Class.java:423)
	at java.base/java.lang.Class.forName(Class.java:414)
	at org.apache.tomcat.util.compat.Jre22Compat.<clinit>(Jre22Compat.java:37)
	at org.apache.tomcat.util.compat.JreCompat.<clinit>(JreCompat.java:75)
	at org.apache.catalina.startup.Tomcat.<clinit>(Tomcat.java:1196)
	at org.springframework.boot.web.embedded.tomcat.TomcatServletWebServerFactory.getWebServer(TomcatServletWebServerFactory.java:200)
	at org.springframework.boot.web.servlet.context.ServletWebServerApplicationContext.createWebServer(ServletWebServerApplicationContext.java:193)
	at org.springframework.boot.web.servlet.context.ServletWebServerApplicationContext.onRefresh(ServletWebServerApplicationContext.java:167)
	at org.springframework.context.support.AbstractApplicationContext.refresh(AbstractApplicationContext.java:622)
	at org.springframework.boot.web.servlet.context.ServletWebServerApplicationContext.refresh(ServletWebServerApplicationContext.java:146)
	at org.springframework.boot.SpringApplication.refresh(SpringApplication.java:752)
	at org.springframework.boot.SpringApplication.refreshContext(SpringApplication.java:439)
	at org.springframework.boot.SpringApplication.run(SpringApplication.java:318)
	at org.springframework.boot.SpringApplication.run(SpringApplication.java:1361)
	at org.springframework.boot.SpringApplication.run(SpringApplication.java:1350)
	at gr.aueb.cf.eduapp.EduAppApplication.main(EduAppApplication.java:12)
2026-05-03 21:34:40 DEBUG o.apache.catalina.core.ContainerBase - Add container child [StandardHost[localhost]] to container [StandardEngine[Tomcat]]
2026-05-03 21:34:40 DEBUG o.apache.catalina.core.ContainerBase - Add container child [TomcatEmbeddedContext[]] to container [StandardEngine[Tomcat].StandardHost[localhost]]
2026-05-03 21:34:40 DEBUG o.apache.catalina.util.LifecycleBase - Setting state for [StandardServer[-1]] to [INITIALIZING]
2026-05-03 21:34:40 DEBUG o.apache.catalina.util.LifecycleBase - Setting state for [org.apache.catalina.deploy.NamingResourcesImpl@32a72c4] to [INITIALIZING]
2026-05-03 21:34:40 DEBUG o.apache.catalina.util.LifecycleBase - Setting state for [org.apache.catalina.deploy.NamingResourcesImpl@32a72c4] to [INITIALIZED]
2026-05-03 21:34:40 DEBUG o.apache.catalina.util.LifecycleBase - Setting state for [StandardService[Tomcat]] to [INITIALIZING]
2026-05-03 21:34:40 DEBUG o.apache.catalina.util.LifecycleBase - Setting state for [StandardEngine[Tomcat]] to [INITIALIZING]
2026-05-03 21:34:40 DEBUG o.apache.catalina.util.LifecycleBase - Setting state for [StandardEngine[Tomcat]] to [INITIALIZED]
2026-05-03 21:34:40 DEBUG o.apache.catalina.util.LifecycleBase - Setting state for [org.apache.catalina.mapper.MapperListener@5bf9ea6b] to [INITIALIZING]
2026-05-03 21:34:40 DEBUG o.apache.catalina.util.LifecycleBase - Setting state for [org.apache.catalina.mapper.MapperListener@5bf9ea6b] to [INITIALIZED]
2026-05-03 21:34:40 DEBUG o.apache.catalina.util.LifecycleBase - Setting state for [Connector["http-nio-8080"]] to [INITIALIZING]
2026-05-03 21:34:40 INFO  o.a.coyote.http11.Http11NioProtocol - Initializing ProtocolHandler ["http-nio-8080"]
2026-05-03 21:34:40 DEBUG o.apache.catalina.util.LifecycleBase - Setting state for [Connector["http-nio-8080"]] to [INITIALIZED]
2026-05-03 21:34:40 DEBUG o.apache.catalina.util.LifecycleBase - Setting state for [StandardService[Tomcat]] to [INITIALIZED]
2026-05-03 21:34:40 DEBUG o.apache.catalina.util.LifecycleBase - Setting state for [StandardServer[-1]] to [INITIALIZED]
2026-05-03 21:34:40 DEBUG o.apache.catalina.util.LifecycleBase - Setting state for [StandardServer[-1]] to [STARTING_PREP]
2026-05-03 21:34:40 DEBUG o.apache.catalina.util.LifecycleBase - Setting state for [StandardServer[-1]] to [STARTING]
2026-05-03 21:34:40 DEBUG o.apache.catalina.util.LifecycleBase - Setting state for [org.apache.catalina.deploy.NamingResourcesImpl@32a72c4] to [STARTING_PREP]
2026-05-03 21:34:40 DEBUG o.apache.catalina.util.LifecycleBase - Setting state for [org.apache.catalina.deploy.NamingResourcesImpl@32a72c4] to [STARTING]
2026-05-03 21:34:40 DEBUG o.apache.catalina.util.LifecycleBase - Setting state for [org.apache.catalina.deploy.NamingResourcesImpl@32a72c4] to [STARTED]
2026-05-03 21:34:40 DEBUG o.apache.catalina.util.LifecycleBase - Setting state for [StandardService[Tomcat]] to [STARTING_PREP]
2026-05-03 21:34:40 INFO  o.a.catalina.core.StandardService - Starting service [Tomcat]
2026-05-03 21:34:40 DEBUG o.apache.catalina.util.LifecycleBase - Setting state for [StandardService[Tomcat]] to [STARTING]
2026-05-03 21:34:40 DEBUG o.apache.catalina.util.LifecycleBase - Setting state for [StandardEngine[Tomcat]] to [STARTING_PREP]
2026-05-03 21:34:40 INFO  o.a.catalina.core.StandardEngine - Starting Servlet engine: [Apache Tomcat/10.1.52]
2026-05-03 21:34:40 DEBUG o.apache.catalina.util.LifecycleBase - Setting state for [SimpleRealm[StandardEngine[Tomcat]]] to [INITIALIZING]
2026-05-03 21:34:40 DEBUG o.apache.catalina.util.LifecycleBase - Setting state for [SimpleRealm[StandardEngine[Tomcat]]] to [INITIALIZED]
2026-05-03 21:34:40 DEBUG o.apache.catalina.util.LifecycleBase - Setting state for [SimpleRealm[StandardEngine[Tomcat]]] to [STARTING_PREP]
2026-05-03 21:34:40 DEBUG o.apache.catalina.util.LifecycleBase - Setting state for [SimpleRealm[StandardEngine[Tomcat]]] to [STARTING]
2026-05-03 21:34:40 DEBUG o.apache.catalina.util.LifecycleBase - Setting state for [SimpleRealm[StandardEngine[Tomcat]]] to [STARTED]
2026-05-03 21:34:40 DEBUG o.apache.catalina.util.LifecycleBase - Setting state for [StandardEngine[Tomcat].StandardHost[localhost]] to [INITIALIZING]
2026-05-03 21:34:40 DEBUG o.apache.catalina.util.LifecycleBase - Setting state for [StandardEngine[Tomcat].StandardHost[localhost]] to [INITIALIZED]
2026-05-03 21:34:40 DEBUG o.apache.catalina.util.LifecycleBase - Setting state for [StandardEngine[Tomcat].StandardHost[localhost]] to [STARTING_PREP]
2026-05-03 21:34:40 DEBUG o.apache.catalina.util.LifecycleBase - Setting state for [StandardEngine[Tomcat].StandardHost[localhost].TomcatEmbeddedContext[]] to [INITIALIZING]
2026-05-03 21:34:40 DEBUG o.apache.catalina.util.LifecycleBase - Setting state for [StandardEngine[Tomcat].StandardHost[localhost].TomcatEmbeddedContext[]] to [INITIALIZED]
2026-05-03 21:34:40 DEBUG o.apache.catalina.util.LifecycleBase - Setting state for [StandardEngine[Tomcat].StandardHost[localhost].TomcatEmbeddedContext[]] to [STARTING_PREP]
2026-05-03 21:34:40 DEBUG o.apache.catalina.util.LifecycleBase - Setting state for [org.apache.catalina.webresources.StandardRoot@b14b60a] to [INITIALIZING]
2026-05-03 21:34:40 DEBUG o.apache.catalina.util.LifecycleBase - Setting state for [org.apache.catalina.webresources.StandardRoot@b14b60a] to [INITIALIZED]
2026-05-03 21:34:40 DEBUG o.apache.catalina.util.LifecycleBase - Setting state for [org.apache.catalina.webresources.StandardRoot@b14b60a] to [STARTING_PREP]
2026-05-03 21:34:40 DEBUG o.apache.catalina.util.LifecycleBase - Setting state for [org.apache.catalina.webresources.DirResourceSet@7f5614f9] to [INITIALIZING]
2026-05-03 21:34:40 DEBUG o.apache.catalina.util.LifecycleBase - Setting state for [org.apache.catalina.webresources.DirResourceSet@7f5614f9] to [INITIALIZED]
2026-05-03 21:34:40 DEBUG o.apache.catalina.util.LifecycleBase - Setting state for [org.apache.catalina.webresources.DirResourceSet@7f5614f9] to [STARTING_PREP]
2026-05-03 21:34:40 DEBUG o.apache.catalina.util.LifecycleBase - Setting state for [org.apache.catalina.webresources.DirResourceSet@7f5614f9] to [STARTING]
2026-05-03 21:34:40 DEBUG o.apache.catalina.util.LifecycleBase - Setting state for [org.apache.catalina.webresources.DirResourceSet@7f5614f9] to [STARTED]
2026-05-03 21:34:40 DEBUG o.apache.catalina.util.LifecycleBase - Setting state for [org.apache.catalina.webresources.StandardRoot@b14b60a] to [STARTING]
2026-05-03 21:34:40 DEBUG o.apache.catalina.util.LifecycleBase - Setting state for [org.apache.catalina.webresources.StandardRoot@b14b60a] to [STARTED]
2026-05-03 21:34:40 DEBUG o.apache.catalina.util.LifecycleBase - Setting state for [WebappLoader[StandardEngine[Tomcat].StandardHost[localhost].TomcatEmbeddedContext[]]] to [INITIALIZING]
2026-05-03 21:34:40 DEBUG o.apache.catalina.util.LifecycleBase - Setting state for [WebappLoader[StandardEngine[Tomcat].StandardHost[localhost].TomcatEmbeddedContext[]]] to [INITIALIZED]
2026-05-03 21:34:40 DEBUG o.apache.catalina.util.LifecycleBase - Setting state for [WebappLoader[StandardEngine[Tomcat].StandardHost[localhost].TomcatEmbeddedContext[]]] to [STARTING_PREP]
2026-05-03 21:34:40 DEBUG o.a.catalina.loader.WebappLoader - Starting this Loader
2026-05-03 21:34:40 DEBUG o.apache.catalina.webresources.Cache - Increased cache size by [531] for item [org.apache.catalina.webresources.CachedResource@2eda2062] at [/WEB-INF/classes] making total cache size [531]
2026-05-03 21:34:40 DEBUG o.apache.catalina.util.LifecycleBase - Setting state for [WebappLoader[StandardEngine[Tomcat].StandardHost[localhost].TomcatEmbeddedContext[]]] to [STARTING]
2026-05-03 21:34:40 DEBUG o.apache.catalina.util.LifecycleBase - Setting state for [WebappLoader[StandardEngine[Tomcat].StandardHost[localhost].TomcatEmbeddedContext[]]] to [STARTED]
2026-05-03 21:34:40 DEBUG o.apache.catalina.util.LifecycleBase - Setting state for [StandardPipeline[StandardEngine[Tomcat].StandardHost[localhost].TomcatEmbeddedContext[]]] to [INITIALIZING]
2026-05-03 21:34:40 DEBUG o.apache.catalina.util.LifecycleBase - Setting state for [StandardPipeline[StandardEngine[Tomcat].StandardHost[localhost].TomcatEmbeddedContext[]]] to [INITIALIZED]
2026-05-03 21:34:40 DEBUG o.apache.catalina.util.LifecycleBase - Setting state for [StandardPipeline[StandardEngine[Tomcat].StandardHost[localhost].TomcatEmbeddedContext[]]] to [STARTING_PREP]
2026-05-03 21:34:40 DEBUG o.apache.catalina.util.LifecycleBase - Setting state for [NonLoginAuthenticator[StandardEngine[Tomcat].StandardHost[localhost].TomcatEmbeddedContext[]]] to [INITIALIZING]
2026-05-03 21:34:40 DEBUG o.apache.catalina.util.LifecycleBase - Setting state for [NonLoginAuthenticator[StandardEngine[Tomcat].StandardHost[localhost].TomcatEmbeddedContext[]]] to [INITIALIZED]
2026-05-03 21:34:40 DEBUG o.apache.catalina.util.LifecycleBase - Setting state for [NonLoginAuthenticator[StandardEngine[Tomcat].StandardHost[localhost].TomcatEmbeddedContext[]]] to [STARTING_PREP]
2026-05-03 21:34:40 DEBUG o.apache.catalina.util.LifecycleBase - Setting state for [NonLoginAuthenticator[StandardEngine[Tomcat].StandardHost[localhost].TomcatEmbeddedContext[]]] to [STARTING]
2026-05-03 21:34:40 DEBUG o.apache.catalina.util.LifecycleBase - Setting state for [NonLoginAuthenticator[StandardEngine[Tomcat].StandardHost[localhost].TomcatEmbeddedContext[]]] to [STARTED]
2026-05-03 21:34:40 DEBUG o.apache.catalina.util.LifecycleBase - Setting state for [StandardContextValve[StandardEngine[Tomcat].StandardHost[localhost].TomcatEmbeddedContext[]]] to [INITIALIZING]
2026-05-03 21:34:40 DEBUG o.apache.catalina.util.LifecycleBase - Setting state for [StandardContextValve[StandardEngine[Tomcat].StandardHost[localhost].TomcatEmbeddedContext[]]] to [INITIALIZED]
2026-05-03 21:34:40 DEBUG o.apache.catalina.util.LifecycleBase - Setting state for [StandardContextValve[StandardEngine[Tomcat].StandardHost[localhost].TomcatEmbeddedContext[]]] to [STARTING_PREP]
2026-05-03 21:34:40 DEBUG o.apache.catalina.util.LifecycleBase - Setting state for [StandardContextValve[StandardEngine[Tomcat].StandardHost[localhost].TomcatEmbeddedContext[]]] to [STARTING]
2026-05-03 21:34:40 DEBUG o.apache.catalina.util.LifecycleBase - Setting state for [StandardContextValve[StandardEngine[Tomcat].StandardHost[localhost].TomcatEmbeddedContext[]]] to [STARTED]
2026-05-03 21:34:40 DEBUG o.apache.catalina.util.LifecycleBase - Setting state for [StandardPipeline[StandardEngine[Tomcat].StandardHost[localhost].TomcatEmbeddedContext[]]] to [STARTING]
2026-05-03 21:34:40 DEBUG o.apache.catalina.util.LifecycleBase - Setting state for [StandardPipeline[StandardEngine[Tomcat].StandardHost[localhost].TomcatEmbeddedContext[]]] to [STARTED]
2026-05-03 21:34:40 DEBUG o.a.catalina.core.StandardContext - No manager found. Checking if cluster manager should be used. Cluster configured: [false], Application distributable: [false]
2026-05-03 21:34:40 DEBUG o.a.catalina.core.StandardContext - Configured a manager of class [org.apache.catalina.session.StandardManager]
2026-05-03 21:34:40 DEBUG o.apache.catalina.util.LifecycleBase - Setting state for [org.apache.catalina.deploy.NamingResourcesImpl@66e827a8] to [INITIALIZING]
2026-05-03 21:34:40 DEBUG o.apache.catalina.util.LifecycleBase - Setting state for [org.apache.catalina.deploy.NamingResourcesImpl@66e827a8] to [INITIALIZED]
2026-05-03 21:34:40 DEBUG o.apache.catalina.util.LifecycleBase - Setting state for [org.apache.catalina.deploy.NamingResourcesImpl@66e827a8] to [STARTING_PREP]
2026-05-03 21:34:40 DEBUG o.apache.catalina.util.LifecycleBase - Setting state for [org.apache.catalina.deploy.NamingResourcesImpl@66e827a8] to [STARTING]
2026-05-03 21:34:40 DEBUG o.apache.catalina.util.LifecycleBase - Setting state for [org.apache.catalina.deploy.NamingResourcesImpl@66e827a8] to [STARTED]
2026-05-03 21:34:40 INFO  o.a.c.c.C.[Tomcat].[localhost].[/] - Initializing Spring embedded WebApplicationContext
2026-05-03 21:34:42 DEBUG o.apache.catalina.webresources.Cache - Increased cache size by [573] for item [org.apache.catalina.webresources.CachedResource@58bad46f] at [/WEB-INF/classes/hibernate.properties] making total cache size [1104]
2026-05-03 21:34:43 DEBUG o.apache.catalina.webresources.Cache - Increased cache size by [579] for item [org.apache.catalina.webresources.CachedResource@5b31a9e3] at [/WEB-INF/classes/META-INF/validation.xml] making total cache size [1683]
2026-05-03 21:34:44 DEBUG o.apache.catalina.core.ContainerBase - Add container child [StandardWrapper[dispatcherServlet]] to container [StandardEngine[Tomcat].StandardHost[localhost].TomcatEmbeddedContext[]]
2026-05-03 21:34:44 DEBUG o.apache.catalina.util.LifecycleBase - Setting state for [StandardEngine[Tomcat].StandardHost[localhost].TomcatEmbeddedContext[].StandardWrapper[dispatcherServlet]] to [INITIALIZING]
2026-05-03 21:34:44 DEBUG o.apache.catalina.util.LifecycleBase - Setting state for [StandardEngine[Tomcat].StandardHost[localhost].TomcatEmbeddedContext[].StandardWrapper[dispatcherServlet]] to [INITIALIZED]
2026-05-03 21:34:44 DEBUG o.apache.catalina.util.LifecycleBase - Setting state for [StandardEngine[Tomcat].StandardHost[localhost].TomcatEmbeddedContext[].StandardWrapper[dispatcherServlet]] to [STARTING_PREP]
2026-05-03 21:34:44 DEBUG o.apache.catalina.util.LifecycleBase - Setting state for [StandardPipeline[StandardEngine[Tomcat].StandardHost[localhost].TomcatEmbeddedContext[].StandardWrapper[dispatcherServlet]]] to [INITIALIZING]
2026-05-03 21:34:44 DEBUG o.apache.catalina.util.LifecycleBase - Setting state for [StandardPipeline[StandardEngine[Tomcat].StandardHost[localhost].TomcatEmbeddedContext[].StandardWrapper[dispatcherServlet]]] to [INITIALIZED]
2026-05-03 21:34:44 DEBUG o.apache.catalina.util.LifecycleBase - Setting state for [StandardPipeline[StandardEngine[Tomcat].StandardHost[localhost].TomcatEmbeddedContext[].StandardWrapper[dispatcherServlet]]] to [STARTING_PREP]
2026-05-03 21:34:44 DEBUG o.apache.catalina.util.LifecycleBase - Setting state for [StandardWrapperValve[StandardEngine[Tomcat].StandardHost[localhost].TomcatEmbeddedContext[].StandardWrapper[dispatcherServlet]]] to [INITIALIZING]
2026-05-03 21:34:44 DEBUG o.apache.catalina.util.LifecycleBase - Setting state for [StandardWrapperValve[StandardEngine[Tomcat].StandardHost[localhost].TomcatEmbeddedContext[].StandardWrapper[dispatcherServlet]]] to [INITIALIZED]
2026-05-03 21:34:44 DEBUG o.apache.catalina.util.LifecycleBase - Setting state for [StandardWrapperValve[StandardEngine[Tomcat].StandardHost[localhost].TomcatEmbeddedContext[].StandardWrapper[dispatcherServlet]]] to [STARTING_PREP]
2026-05-03 21:34:44 DEBUG o.apache.catalina.util.LifecycleBase - Setting state for [StandardWrapperValve[StandardEngine[Tomcat].StandardHost[localhost].TomcatEmbeddedContext[].StandardWrapper[dispatcherServlet]]] to [STARTING]
2026-05-03 21:34:44 DEBUG o.apache.catalina.util.LifecycleBase - Setting state for [StandardWrapperValve[StandardEngine[Tomcat].StandardHost[localhost].TomcatEmbeddedContext[].StandardWrapper[dispatcherServlet]]] to [STARTED]
2026-05-03 21:34:44 DEBUG o.apache.catalina.util.LifecycleBase - Setting state for [StandardPipeline[StandardEngine[Tomcat].StandardHost[localhost].TomcatEmbeddedContext[].StandardWrapper[dispatcherServlet]]] to [STARTING]
2026-05-03 21:34:44 DEBUG o.apache.catalina.util.LifecycleBase - Setting state for [StandardPipeline[StandardEngine[Tomcat].StandardHost[localhost].TomcatEmbeddedContext[].StandardWrapper[dispatcherServlet]]] to [STARTED]
2026-05-03 21:34:44 DEBUG o.apache.catalina.util.LifecycleBase - Setting state for [StandardEngine[Tomcat].StandardHost[localhost].TomcatEmbeddedContext[].StandardWrapper[dispatcherServlet]] to [STARTING]
2026-05-03 21:34:44 DEBUG o.apache.catalina.util.LifecycleBase - Setting state for [StandardEngine[Tomcat].StandardHost[localhost].TomcatEmbeddedContext[].StandardWrapper[dispatcherServlet]] to [STARTED]
2026-05-03 21:34:44 DEBUG o.apache.catalina.util.LifecycleBase - Setting state for [StandardManager[StandardEngine[Tomcat].StandardHost[localhost].TomcatEmbeddedContext[]]] to [INITIALIZING]
2026-05-03 21:34:44 DEBUG o.apache.catalina.util.LifecycleBase - Setting state for [StandardManager[StandardEngine[Tomcat].StandardHost[localhost].TomcatEmbeddedContext[]]] to [INITIALIZED]
2026-05-03 21:34:44 DEBUG o.apache.catalina.util.LifecycleBase - Setting state for [StandardManager[StandardEngine[Tomcat].StandardHost[localhost].TomcatEmbeddedContext[]]] to [STARTING_PREP]
2026-05-03 21:34:44 DEBUG o.apache.catalina.util.LifecycleBase - Setting state for [org.springframework.boot.web.embedded.tomcat.LazySessionIdGenerator@72a45b71] to [INITIALIZING]
2026-05-03 21:34:44 DEBUG o.apache.catalina.util.LifecycleBase - Setting state for [org.springframework.boot.web.embedded.tomcat.LazySessionIdGenerator@72a45b71] to [INITIALIZED]
2026-05-03 21:34:44 DEBUG o.apache.catalina.util.LifecycleBase - Setting state for [org.springframework.boot.web.embedded.tomcat.LazySessionIdGenerator@72a45b71] to [STARTING_PREP]
2026-05-03 21:34:44 DEBUG o.apache.catalina.util.LifecycleBase - Setting state for [org.springframework.boot.web.embedded.tomcat.LazySessionIdGenerator@72a45b71] to [STARTING]
2026-05-03 21:34:44 DEBUG o.apache.catalina.util.LifecycleBase - Setting state for [org.springframework.boot.web.embedded.tomcat.LazySessionIdGenerator@72a45b71] to [STARTED]
2026-05-03 21:34:44 DEBUG o.apache.catalina.util.LifecycleBase - Setting state for [StandardManager[StandardEngine[Tomcat].StandardHost[localhost].TomcatEmbeddedContext[]]] to [STARTING]
2026-05-03 21:34:44 DEBUG o.apache.catalina.util.LifecycleBase - Setting state for [StandardManager[StandardEngine[Tomcat].StandardHost[localhost].TomcatEmbeddedContext[]]] to [STARTED]
2026-05-03 21:34:44 DEBUG o.apache.catalina.util.LifecycleBase - Setting state for [StandardEngine[Tomcat].StandardHost[localhost].TomcatEmbeddedContext[]] to [STARTING]
2026-05-03 21:34:44 DEBUG o.apache.catalina.util.LifecycleBase - Setting state for [StandardEngine[Tomcat].StandardHost[localhost].TomcatEmbeddedContext[]] to [STARTED]
2026-05-03 21:34:44 DEBUG o.apache.catalina.util.LifecycleBase - Setting state for [StandardPipeline[StandardEngine[Tomcat].StandardHost[localhost]]] to [INITIALIZING]
2026-05-03 21:34:44 DEBUG o.apache.catalina.util.LifecycleBase - Setting state for [StandardPipeline[StandardEngine[Tomcat].StandardHost[localhost]]] to [INITIALIZED]
2026-05-03 21:34:44 DEBUG o.apache.catalina.util.LifecycleBase - Setting state for [StandardPipeline[StandardEngine[Tomcat].StandardHost[localhost]]] to [STARTING_PREP]
2026-05-03 21:34:44 DEBUG o.apache.catalina.util.LifecycleBase - Setting state for [ErrorReportValve[StandardEngine[Tomcat].StandardHost[localhost]]] to [INITIALIZING]
2026-05-03 21:34:44 DEBUG o.apache.catalina.util.LifecycleBase - Setting state for [ErrorReportValve[StandardEngine[Tomcat].StandardHost[localhost]]] to [INITIALIZED]
2026-05-03 21:34:44 DEBUG o.apache.catalina.util.LifecycleBase - Setting state for [ErrorReportValve[StandardEngine[Tomcat].StandardHost[localhost]]] to [STARTING_PREP]
2026-05-03 21:34:44 DEBUG o.apache.catalina.util.LifecycleBase - Setting state for [ErrorReportValve[StandardEngine[Tomcat].StandardHost[localhost]]] to [STARTING]
2026-05-03 21:34:44 DEBUG o.apache.catalina.util.LifecycleBase - Setting state for [ErrorReportValve[StandardEngine[Tomcat].StandardHost[localhost]]] to [STARTED]
2026-05-03 21:34:44 DEBUG o.apache.catalina.util.LifecycleBase - Setting state for [StandardHostValve[StandardEngine[Tomcat].StandardHost[localhost]]] to [INITIALIZING]
2026-05-03 21:34:44 DEBUG o.apache.catalina.util.LifecycleBase - Setting state for [StandardHostValve[StandardEngine[Tomcat].StandardHost[localhost]]] to [INITIALIZED]
2026-05-03 21:34:44 DEBUG o.apache.catalina.util.LifecycleBase - Setting state for [StandardHostValve[StandardEngine[Tomcat].StandardHost[localhost]]] to [STARTING_PREP]
2026-05-03 21:34:44 DEBUG o.apache.catalina.util.LifecycleBase - Setting state for [StandardHostValve[StandardEngine[Tomcat].StandardHost[localhost]]] to [STARTING]
2026-05-03 21:34:44 DEBUG o.apache.catalina.util.LifecycleBase - Setting state for [StandardHostValve[StandardEngine[Tomcat].StandardHost[localhost]]] to [STARTED]
2026-05-03 21:34:44 DEBUG o.apache.catalina.util.LifecycleBase - Setting state for [StandardPipeline[StandardEngine[Tomcat].StandardHost[localhost]]] to [STARTING]
2026-05-03 21:34:44 DEBUG o.apache.catalina.util.LifecycleBase - Setting state for [StandardPipeline[StandardEngine[Tomcat].StandardHost[localhost]]] to [STARTED]
2026-05-03 21:34:44 DEBUG o.apache.catalina.util.LifecycleBase - Setting state for [StandardEngine[Tomcat].StandardHost[localhost]] to [STARTING]
2026-05-03 21:34:44 DEBUG o.apache.catalina.util.LifecycleBase - Setting state for [StandardEngine[Tomcat].StandardHost[localhost]] to [STARTED]
2026-05-03 21:34:44 DEBUG o.apache.catalina.util.LifecycleBase - Setting state for [StandardPipeline[StandardEngine[Tomcat]]] to [INITIALIZING]
2026-05-03 21:34:44 DEBUG o.apache.catalina.util.LifecycleBase - Setting state for [StandardPipeline[StandardEngine[Tomcat]]] to [INITIALIZED]
2026-05-03 21:34:44 DEBUG o.apache.catalina.util.LifecycleBase - Setting state for [StandardPipeline[StandardEngine[Tomcat]]] to [STARTING_PREP]
2026-05-03 21:34:44 DEBUG o.apache.catalina.util.LifecycleBase - Setting state for [StandardEngineValve[StandardEngine[Tomcat]]] to [INITIALIZING]
2026-05-03 21:34:44 DEBUG o.apache.catalina.util.LifecycleBase - Setting state for [StandardEngineValve[StandardEngine[Tomcat]]] to [INITIALIZED]
2026-05-03 21:34:44 DEBUG o.apache.catalina.util.LifecycleBase - Setting state for [StandardEngineValve[StandardEngine[Tomcat]]] to [STARTING_PREP]
2026-05-03 21:34:44 DEBUG o.apache.catalina.util.LifecycleBase - Setting state for [StandardEngineValve[StandardEngine[Tomcat]]] to [STARTING]
2026-05-03 21:34:44 DEBUG o.apache.catalina.util.LifecycleBase - Setting state for [StandardEngineValve[StandardEngine[Tomcat]]] to [STARTED]
2026-05-03 21:34:44 DEBUG o.apache.catalina.util.LifecycleBase - Setting state for [StandardPipeline[StandardEngine[Tomcat]]] to [STARTING]
2026-05-03 21:34:44 DEBUG o.apache.catalina.util.LifecycleBase - Setting state for [StandardPipeline[StandardEngine[Tomcat]]] to [STARTED]
2026-05-03 21:34:44 DEBUG o.apache.catalina.util.LifecycleBase - Setting state for [StandardEngine[Tomcat]] to [STARTING]
2026-05-03 21:34:44 DEBUG o.apache.catalina.util.LifecycleBase - Setting state for [StandardEngine[Tomcat]] to [STARTED]
2026-05-03 21:34:44 DEBUG o.apache.catalina.util.LifecycleBase - Setting state for [org.apache.catalina.mapper.MapperListener@5bf9ea6b] to [STARTING_PREP]
2026-05-03 21:34:44 DEBUG o.apache.catalina.util.LifecycleBase - Setting state for [org.apache.catalina.mapper.MapperListener@5bf9ea6b] to [STARTING]
2026-05-03 21:34:44 DEBUG org.apache.catalina.mapper.Mapper - Registered host [localhost]
2026-05-03 21:34:44 DEBUG o.a.catalina.mapper.MapperListener - Register Wrapper [dispatcherServlet] in Context [] for service [StandardService[Tomcat]]
2026-05-03 21:34:44 DEBUG o.a.catalina.mapper.MapperListener - Register Context [] for service [StandardService[Tomcat]]
2026-05-03 21:34:44 DEBUG o.a.catalina.mapper.MapperListener - Register host [localhost] at domain [null] for service [StandardService[Tomcat]]
2026-05-03 21:34:44 DEBUG o.apache.catalina.util.LifecycleBase - Setting state for [org.apache.catalina.mapper.MapperListener@5bf9ea6b] to [STARTED]
2026-05-03 21:34:44 DEBUG o.apache.catalina.util.LifecycleBase - Setting state for [StandardService[Tomcat]] to [STARTED]
2026-05-03 21:34:44 DEBUG o.apache.catalina.util.LifecycleBase - Setting state for [StandardServer[-1]] to [STARTED]
2026-05-03 21:34:45 DEBUG o.apache.catalina.webresources.Cache - Increased cache size by [521] for item [org.apache.catalina.webresources.CachedResource@77c4aeb6] at [/index.html] making total cache size [2204]
2026-05-03 21:34:45 DEBUG o.apache.catalina.webresources.Cache - Increased cache size by [501] for item [org.apache.catalina.webresources.CachedResource@3d7d920b] at [/] making total cache size [2705]
2026-05-03 21:34:46 DEBUG o.apache.catalina.util.LifecycleBase - Setting state for [Connector["http-nio-8080"]] to [STARTING_PREP]
2026-05-03 21:34:46 DEBUG o.apache.catalina.util.LifecycleBase - Setting state for [Connector["http-nio-8080"]] to [STARTING]
2026-05-03 21:34:46 INFO  o.a.coyote.http11.Http11NioProtocol - Starting ProtocolHandler ["http-nio-8080"]
2026-05-03 21:34:46 DEBUG o.apache.catalina.util.LifecycleBase - Setting state for [Connector["http-nio-8080"]] to [STARTED]
2026-05-03 21:35:18 DEBUG o.a.tomcat.util.compat.Jre22Compat - Class not found so assuming code is running on a pre-Java 22 JVM
java.lang.ClassNotFoundException: java.text.ListFormat
	at java.base/jdk.internal.loader.BuiltinClassLoader.loadClass(BuiltinClassLoader.java:641)
	at java.base/jdk.internal.loader.ClassLoaders$AppClassLoader.loadClass(ClassLoaders.java:188)
	at java.base/java.lang.ClassLoader.loadClass(ClassLoader.java:526)
	at java.base/java.lang.Class.forName0(Native Method)
	at java.base/java.lang.Class.forName(Class.java:423)
	at java.base/java.lang.Class.forName(Class.java:414)
	at org.apache.tomcat.util.compat.Jre22Compat.<clinit>(Jre22Compat.java:37)
	at org.apache.tomcat.util.compat.JreCompat.<clinit>(JreCompat.java:75)
	at org.apache.catalina.startup.Tomcat.<clinit>(Tomcat.java:1196)
	at org.springframework.boot.web.embedded.tomcat.TomcatServletWebServerFactory.getWebServer(TomcatServletWebServerFactory.java:200)
	at org.springframework.boot.web.servlet.context.ServletWebServerApplicationContext.createWebServer(ServletWebServerApplicationContext.java:193)
	at org.springframework.boot.web.servlet.context.ServletWebServerApplicationContext.onRefresh(ServletWebServerApplicationContext.java:167)
	at org.springframework.context.support.AbstractApplicationContext.refresh(AbstractApplicationContext.java:622)
	at org.springframework.boot.web.servlet.context.ServletWebServerApplicationContext.refresh(ServletWebServerApplicationContext.java:146)
	at org.springframework.boot.SpringApplication.refresh(SpringApplication.java:752)
	at org.springframework.boot.SpringApplication.refreshContext(SpringApplication.java:439)
	at org.springframework.boot.SpringApplication.run(SpringApplication.java:318)
	at org.springframework.boot.SpringApplication.run(SpringApplication.java:1361)
	at org.springframework.boot.SpringApplication.run(SpringApplication.java:1350)
	at gr.aueb.cf.eduapp.EduAppApplication.main(EduAppApplication.java:12)
2026-05-03 21:35:18 DEBUG o.apache.catalina.core.ContainerBase - Add container child [StandardHost[localhost]] to container [StandardEngine[Tomcat]]
2026-05-03 21:35:18 DEBUG o.apache.catalina.core.ContainerBase - Add container child [TomcatEmbeddedContext[]] to container [StandardEngine[Tomcat].StandardHost[localhost]]
2026-05-03 21:35:18 DEBUG o.apache.catalina.util.LifecycleBase - Setting state for [StandardServer[-1]] to [INITIALIZING]
2026-05-03 21:35:18 DEBUG o.apache.catalina.util.LifecycleBase - Setting state for [org.apache.catalina.deploy.NamingResourcesImpl@6f7a2a5] to [INITIALIZING]
2026-05-03 21:35:18 DEBUG o.apache.catalina.util.LifecycleBase - Setting state for [org.apache.catalina.deploy.NamingResourcesImpl@6f7a2a5] to [INITIALIZED]
2026-05-03 21:35:18 DEBUG o.apache.catalina.util.LifecycleBase - Setting state for [StandardService[Tomcat]] to [INITIALIZING]
2026-05-03 21:35:18 DEBUG o.apache.catalina.util.LifecycleBase - Setting state for [StandardEngine[Tomcat]] to [INITIALIZING]
2026-05-03 21:35:18 DEBUG o.apache.catalina.util.LifecycleBase - Setting state for [StandardEngine[Tomcat]] to [INITIALIZED]
2026-05-03 21:35:18 DEBUG o.apache.catalina.util.LifecycleBase - Setting state for [org.apache.catalina.mapper.MapperListener@65c17e38] to [INITIALIZING]
2026-05-03 21:35:18 DEBUG o.apache.catalina.util.LifecycleBase - Setting state for [org.apache.catalina.mapper.MapperListener@65c17e38] to [INITIALIZED]
2026-05-03 21:35:18 DEBUG o.apache.catalina.util.LifecycleBase - Setting state for [Connector["http-nio-8080"]] to [INITIALIZING]
2026-05-03 21:35:18 INFO  o.a.coyote.http11.Http11NioProtocol - Initializing ProtocolHandler ["http-nio-8080"]
2026-05-03 21:35:18 DEBUG o.apache.catalina.util.LifecycleBase - Setting state for [Connector["http-nio-8080"]] to [INITIALIZED]
2026-05-03 21:35:18 DEBUG o.apache.catalina.util.LifecycleBase - Setting state for [StandardService[Tomcat]] to [INITIALIZED]
2026-05-03 21:35:18 DEBUG o.apache.catalina.util.LifecycleBase - Setting state for [StandardServer[-1]] to [INITIALIZED]
2026-05-03 21:35:18 DEBUG o.apache.catalina.util.LifecycleBase - Setting state for [StandardServer[-1]] to [STARTING_PREP]
2026-05-03 21:35:18 DEBUG o.apache.catalina.util.LifecycleBase - Setting state for [StandardServer[-1]] to [STARTING]
2026-05-03 21:35:18 DEBUG o.apache.catalina.util.LifecycleBase - Setting state for [org.apache.catalina.deploy.NamingResourcesImpl@6f7a2a5] to [STARTING_PREP]
2026-05-03 21:35:18 DEBUG o.apache.catalina.util.LifecycleBase - Setting state for [org.apache.catalina.deploy.NamingResourcesImpl@6f7a2a5] to [STARTING]
2026-05-03 21:35:18 DEBUG o.apache.catalina.util.LifecycleBase - Setting state for [org.apache.catalina.deploy.NamingResourcesImpl@6f7a2a5] to [STARTED]
2026-05-03 21:35:18 DEBUG o.apache.catalina.util.LifecycleBase - Setting state for [StandardService[Tomcat]] to [STARTING_PREP]
2026-05-03 21:35:18 INFO  o.a.catalina.core.StandardService - Starting service [Tomcat]
2026-05-03 21:35:18 DEBUG o.apache.catalina.util.LifecycleBase - Setting state for [StandardService[Tomcat]] to [STARTING]
2026-05-03 21:35:18 DEBUG o.apache.catalina.util.LifecycleBase - Setting state for [StandardEngine[Tomcat]] to [STARTING_PREP]
2026-05-03 21:35:18 INFO  o.a.catalina.core.StandardEngine - Starting Servlet engine: [Apache Tomcat/10.1.52]
2026-05-03 21:35:18 DEBUG o.apache.catalina.util.LifecycleBase - Setting state for [SimpleRealm[StandardEngine[Tomcat]]] to [INITIALIZING]
2026-05-03 21:35:18 DEBUG o.apache.catalina.util.LifecycleBase - Setting state for [SimpleRealm[StandardEngine[Tomcat]]] to [INITIALIZED]
2026-05-03 21:35:18 DEBUG o.apache.catalina.util.LifecycleBase - Setting state for [SimpleRealm[StandardEngine[Tomcat]]] to [STARTING_PREP]
2026-05-03 21:35:18 DEBUG o.apache.catalina.util.LifecycleBase - Setting state for [SimpleRealm[StandardEngine[Tomcat]]] to [STARTING]
2026-05-03 21:35:18 DEBUG o.apache.catalina.util.LifecycleBase - Setting state for [SimpleRealm[StandardEngine[Tomcat]]] to [STARTED]
2026-05-03 21:35:18 DEBUG o.apache.catalina.util.LifecycleBase - Setting state for [StandardEngine[Tomcat].StandardHost[localhost]] to [INITIALIZING]
2026-05-03 21:35:18 DEBUG o.apache.catalina.util.LifecycleBase - Setting state for [StandardEngine[Tomcat].StandardHost[localhost]] to [INITIALIZED]
2026-05-03 21:35:18 DEBUG o.apache.catalina.util.LifecycleBase - Setting state for [StandardEngine[Tomcat].StandardHost[localhost]] to [STARTING_PREP]
2026-05-03 21:35:18 DEBUG o.apache.catalina.util.LifecycleBase - Setting state for [StandardEngine[Tomcat].StandardHost[localhost].TomcatEmbeddedContext[]] to [INITIALIZING]
2026-05-03 21:35:18 DEBUG o.apache.catalina.util.LifecycleBase - Setting state for [StandardEngine[Tomcat].StandardHost[localhost].TomcatEmbeddedContext[]] to [INITIALIZED]
2026-05-03 21:35:18 DEBUG o.apache.catalina.util.LifecycleBase - Setting state for [StandardEngine[Tomcat].StandardHost[localhost].TomcatEmbeddedContext[]] to [STARTING_PREP]
2026-05-03 21:35:18 DEBUG o.apache.catalina.util.LifecycleBase - Setting state for [org.apache.catalina.webresources.StandardRoot@110e9982] to [INITIALIZING]
2026-05-03 21:35:18 DEBUG o.apache.catalina.util.LifecycleBase - Setting state for [org.apache.catalina.webresources.StandardRoot@110e9982] to [INITIALIZED]
2026-05-03 21:35:18 DEBUG o.apache.catalina.util.LifecycleBase - Setting state for [org.apache.catalina.webresources.StandardRoot@110e9982] to [STARTING_PREP]
2026-05-03 21:35:18 DEBUG o.apache.catalina.util.LifecycleBase - Setting state for [org.apache.catalina.webresources.DirResourceSet@1142d377] to [INITIALIZING]
2026-05-03 21:35:18 DEBUG o.apache.catalina.util.LifecycleBase - Setting state for [org.apache.catalina.webresources.DirResourceSet@1142d377] to [INITIALIZED]
2026-05-03 21:35:18 DEBUG o.apache.catalina.util.LifecycleBase - Setting state for [org.apache.catalina.webresources.DirResourceSet@1142d377] to [STARTING_PREP]
2026-05-03 21:35:18 DEBUG o.apache.catalina.util.LifecycleBase - Setting state for [org.apache.catalina.webresources.DirResourceSet@1142d377] to [STARTING]
2026-05-03 21:35:18 DEBUG o.apache.catalina.util.LifecycleBase - Setting state for [org.apache.catalina.webresources.DirResourceSet@1142d377] to [STARTED]
2026-05-03 21:35:18 DEBUG o.apache.catalina.util.LifecycleBase - Setting state for [org.apache.catalina.webresources.StandardRoot@110e9982] to [STARTING]
2026-05-03 21:35:18 DEBUG o.apache.catalina.util.LifecycleBase - Setting state for [org.apache.catalina.webresources.StandardRoot@110e9982] to [STARTED]
2026-05-03 21:35:18 DEBUG o.apache.catalina.util.LifecycleBase - Setting state for [WebappLoader[StandardEngine[Tomcat].StandardHost[localhost].TomcatEmbeddedContext[]]] to [INITIALIZING]
2026-05-03 21:35:18 DEBUG o.apache.catalina.util.LifecycleBase - Setting state for [WebappLoader[StandardEngine[Tomcat].StandardHost[localhost].TomcatEmbeddedContext[]]] to [INITIALIZED]
2026-05-03 21:35:18 DEBUG o.apache.catalina.util.LifecycleBase - Setting state for [WebappLoader[StandardEngine[Tomcat].StandardHost[localhost].TomcatEmbeddedContext[]]] to [STARTING_PREP]
2026-05-03 21:35:18 DEBUG o.a.catalina.loader.WebappLoader - Starting this Loader
2026-05-03 21:35:18 DEBUG o.apache.catalina.webresources.Cache - Increased cache size by [531] for item [org.apache.catalina.webresources.CachedResource@11c78080] at [/WEB-INF/classes] making total cache size [531]
2026-05-03 21:35:18 DEBUG o.apache.catalina.util.LifecycleBase - Setting state for [WebappLoader[StandardEngine[Tomcat].StandardHost[localhost].TomcatEmbeddedContext[]]] to [STARTING]
2026-05-03 21:35:18 DEBUG o.apache.catalina.util.LifecycleBase - Setting state for [WebappLoader[StandardEngine[Tomcat].StandardHost[localhost].TomcatEmbeddedContext[]]] to [STARTED]
2026-05-03 21:35:18 DEBUG o.apache.catalina.util.LifecycleBase - Setting state for [StandardPipeline[StandardEngine[Tomcat].StandardHost[localhost].TomcatEmbeddedContext[]]] to [INITIALIZING]
2026-05-03 21:35:18 DEBUG o.apache.catalina.util.LifecycleBase - Setting state for [StandardPipeline[StandardEngine[Tomcat].StandardHost[localhost].TomcatEmbeddedContext[]]] to [INITIALIZED]
2026-05-03 21:35:18 DEBUG o.apache.catalina.util.LifecycleBase - Setting state for [StandardPipeline[StandardEngine[Tomcat].StandardHost[localhost].TomcatEmbeddedContext[]]] to [STARTING_PREP]
2026-05-03 21:35:18 DEBUG o.apache.catalina.util.LifecycleBase - Setting state for [NonLoginAuthenticator[StandardEngine[Tomcat].StandardHost[localhost].TomcatEmbeddedContext[]]] to [INITIALIZING]
2026-05-03 21:35:18 DEBUG o.apache.catalina.util.LifecycleBase - Setting state for [NonLoginAuthenticator[StandardEngine[Tomcat].StandardHost[localhost].TomcatEmbeddedContext[]]] to [INITIALIZED]
2026-05-03 21:35:18 DEBUG o.apache.catalina.util.LifecycleBase - Setting state for [NonLoginAuthenticator[StandardEngine[Tomcat].StandardHost[localhost].TomcatEmbeddedContext[]]] to [STARTING_PREP]
2026-05-03 21:35:18 DEBUG o.apache.catalina.util.LifecycleBase - Setting state for [NonLoginAuthenticator[StandardEngine[Tomcat].StandardHost[localhost].TomcatEmbeddedContext[]]] to [STARTING]
2026-05-03 21:35:18 DEBUG o.apache.catalina.util.LifecycleBase - Setting state for [NonLoginAuthenticator[StandardEngine[Tomcat].StandardHost[localhost].TomcatEmbeddedContext[]]] to [STARTED]
2026-05-03 21:35:18 DEBUG o.apache.catalina.util.LifecycleBase - Setting state for [StandardContextValve[StandardEngine[Tomcat].StandardHost[localhost].TomcatEmbeddedContext[]]] to [INITIALIZING]
2026-05-03 21:35:18 DEBUG o.apache.catalina.util.LifecycleBase - Setting state for [StandardContextValve[StandardEngine[Tomcat].StandardHost[localhost].TomcatEmbeddedContext[]]] to [INITIALIZED]
2026-05-03 21:35:18 DEBUG o.apache.catalina.util.LifecycleBase - Setting state for [StandardContextValve[StandardEngine[Tomcat].StandardHost[localhost].TomcatEmbeddedContext[]]] to [STARTING_PREP]
2026-05-03 21:35:18 DEBUG o.apache.catalina.util.LifecycleBase - Setting state for [StandardContextValve[StandardEngine[Tomcat].StandardHost[localhost].TomcatEmbeddedContext[]]] to [STARTING]
2026-05-03 21:35:18 DEBUG o.apache.catalina.util.LifecycleBase - Setting state for [StandardContextValve[StandardEngine[Tomcat].StandardHost[localhost].TomcatEmbeddedContext[]]] to [STARTED]
2026-05-03 21:35:18 DEBUG o.apache.catalina.util.LifecycleBase - Setting state for [StandardPipeline[StandardEngine[Tomcat].StandardHost[localhost].TomcatEmbeddedContext[]]] to [STARTING]
2026-05-03 21:35:18 DEBUG o.apache.catalina.util.LifecycleBase - Setting state for [StandardPipeline[StandardEngine[Tomcat].StandardHost[localhost].TomcatEmbeddedContext[]]] to [STARTED]
2026-05-03 21:35:18 DEBUG o.a.catalina.core.StandardContext - No manager found. Checking if cluster manager should be used. Cluster configured: [false], Application distributable: [false]
2026-05-03 21:35:18 DEBUG o.a.catalina.core.StandardContext - Configured a manager of class [org.apache.catalina.session.StandardManager]
2026-05-03 21:35:18 DEBUG o.apache.catalina.util.LifecycleBase - Setting state for [org.apache.catalina.deploy.NamingResourcesImpl@266e9dda] to [INITIALIZING]
2026-05-03 21:35:18 DEBUG o.apache.catalina.util.LifecycleBase - Setting state for [org.apache.catalina.deploy.NamingResourcesImpl@266e9dda] to [INITIALIZED]
2026-05-03 21:35:18 DEBUG o.apache.catalina.util.LifecycleBase - Setting state for [org.apache.catalina.deploy.NamingResourcesImpl@266e9dda] to [STARTING_PREP]
2026-05-03 21:35:18 DEBUG o.apache.catalina.util.LifecycleBase - Setting state for [org.apache.catalina.deploy.NamingResourcesImpl@266e9dda] to [STARTING]
2026-05-03 21:35:18 DEBUG o.apache.catalina.util.LifecycleBase - Setting state for [org.apache.catalina.deploy.NamingResourcesImpl@266e9dda] to [STARTED]
2026-05-03 21:35:18 INFO  o.a.c.c.C.[Tomcat].[localhost].[/] - Initializing Spring embedded WebApplicationContext
2026-05-03 21:35:19 DEBUG o.apache.catalina.webresources.Cache - Increased cache size by [573] for item [org.apache.catalina.webresources.CachedResource@1c58d7be] at [/WEB-INF/classes/hibernate.properties] making total cache size [1104]
2026-05-03 21:35:20 DEBUG o.apache.catalina.webresources.Cache - Increased cache size by [579] for item [org.apache.catalina.webresources.CachedResource@7ffc4195] at [/WEB-INF/classes/META-INF/validation.xml] making total cache size [1683]
2026-05-03 21:35:22 DEBUG o.apache.catalina.core.ContainerBase - Add container child [StandardWrapper[dispatcherServlet]] to container [StandardEngine[Tomcat].StandardHost[localhost].TomcatEmbeddedContext[]]
2026-05-03 21:35:22 DEBUG o.apache.catalina.util.LifecycleBase - Setting state for [StandardEngine[Tomcat].StandardHost[localhost].TomcatEmbeddedContext[].StandardWrapper[dispatcherServlet]] to [INITIALIZING]
2026-05-03 21:35:22 DEBUG o.apache.catalina.util.LifecycleBase - Setting state for [StandardEngine[Tomcat].StandardHost[localhost].TomcatEmbeddedContext[].StandardWrapper[dispatcherServlet]] to [INITIALIZED]
2026-05-03 21:35:22 DEBUG o.apache.catalina.util.LifecycleBase - Setting state for [StandardEngine[Tomcat].StandardHost[localhost].TomcatEmbeddedContext[].StandardWrapper[dispatcherServlet]] to [STARTING_PREP]
2026-05-03 21:35:22 DEBUG o.apache.catalina.util.LifecycleBase - Setting state for [StandardPipeline[StandardEngine[Tomcat].StandardHost[localhost].TomcatEmbeddedContext[].StandardWrapper[dispatcherServlet]]] to [INITIALIZING]
2026-05-03 21:35:22 DEBUG o.apache.catalina.util.LifecycleBase - Setting state for [StandardPipeline[StandardEngine[Tomcat].StandardHost[localhost].TomcatEmbeddedContext[].StandardWrapper[dispatcherServlet]]] to [INITIALIZED]
2026-05-03 21:35:22 DEBUG o.apache.catalina.util.LifecycleBase - Setting state for [StandardPipeline[StandardEngine[Tomcat].StandardHost[localhost].TomcatEmbeddedContext[].StandardWrapper[dispatcherServlet]]] to [STARTING_PREP]
2026-05-03 21:35:22 DEBUG o.apache.catalina.util.LifecycleBase - Setting state for [StandardWrapperValve[StandardEngine[Tomcat].StandardHost[localhost].TomcatEmbeddedContext[].StandardWrapper[dispatcherServlet]]] to [INITIALIZING]
2026-05-03 21:35:22 DEBUG o.apache.catalina.util.LifecycleBase - Setting state for [StandardWrapperValve[StandardEngine[Tomcat].StandardHost[localhost].TomcatEmbeddedContext[].StandardWrapper[dispatcherServlet]]] to [INITIALIZED]
2026-05-03 21:35:22 DEBUG o.apache.catalina.util.LifecycleBase - Setting state for [StandardWrapperValve[StandardEngine[Tomcat].StandardHost[localhost].TomcatEmbeddedContext[].StandardWrapper[dispatcherServlet]]] to [STARTING_PREP]
2026-05-03 21:35:22 DEBUG o.apache.catalina.util.LifecycleBase - Setting state for [StandardWrapperValve[StandardEngine[Tomcat].StandardHost[localhost].TomcatEmbeddedContext[].StandardWrapper[dispatcherServlet]]] to [STARTING]
2026-05-03 21:35:22 DEBUG o.apache.catalina.util.LifecycleBase - Setting state for [StandardWrapperValve[StandardEngine[Tomcat].StandardHost[localhost].TomcatEmbeddedContext[].StandardWrapper[dispatcherServlet]]] to [STARTED]
2026-05-03 21:35:22 DEBUG o.apache.catalina.util.LifecycleBase - Setting state for [StandardPipeline[StandardEngine[Tomcat].StandardHost[localhost].TomcatEmbeddedContext[].StandardWrapper[dispatcherServlet]]] to [STARTING]
2026-05-03 21:35:22 DEBUG o.apache.catalina.util.LifecycleBase - Setting state for [StandardPipeline[StandardEngine[Tomcat].StandardHost[localhost].TomcatEmbeddedContext[].StandardWrapper[dispatcherServlet]]] to [STARTED]
2026-05-03 21:35:22 DEBUG o.apache.catalina.util.LifecycleBase - Setting state for [StandardEngine[Tomcat].StandardHost[localhost].TomcatEmbeddedContext[].StandardWrapper[dispatcherServlet]] to [STARTING]
2026-05-03 21:35:22 DEBUG o.apache.catalina.util.LifecycleBase - Setting state for [StandardEngine[Tomcat].StandardHost[localhost].TomcatEmbeddedContext[].StandardWrapper[dispatcherServlet]] to [STARTED]
2026-05-03 21:35:22 DEBUG o.apache.catalina.util.LifecycleBase - Setting state for [StandardManager[StandardEngine[Tomcat].StandardHost[localhost].TomcatEmbeddedContext[]]] to [INITIALIZING]
2026-05-03 21:35:22 DEBUG o.apache.catalina.util.LifecycleBase - Setting state for [StandardManager[StandardEngine[Tomcat].StandardHost[localhost].TomcatEmbeddedContext[]]] to [INITIALIZED]
2026-05-03 21:35:22 DEBUG o.apache.catalina.util.LifecycleBase - Setting state for [StandardManager[StandardEngine[Tomcat].StandardHost[localhost].TomcatEmbeddedContext[]]] to [STARTING_PREP]
2026-05-03 21:35:22 DEBUG o.apache.catalina.util.LifecycleBase - Setting state for [org.springframework.boot.web.embedded.tomcat.LazySessionIdGenerator@791dcda7] to [INITIALIZING]
2026-05-03 21:35:22 DEBUG o.apache.catalina.util.LifecycleBase - Setting state for [org.springframework.boot.web.embedded.tomcat.LazySessionIdGenerator@791dcda7] to [INITIALIZED]
2026-05-03 21:35:22 DEBUG o.apache.catalina.util.LifecycleBase - Setting state for [org.springframework.boot.web.embedded.tomcat.LazySessionIdGenerator@791dcda7] to [STARTING_PREP]
2026-05-03 21:35:22 DEBUG o.apache.catalina.util.LifecycleBase - Setting state for [org.springframework.boot.web.embedded.tomcat.LazySessionIdGenerator@791dcda7] to [STARTING]
2026-05-03 21:35:22 DEBUG o.apache.catalina.util.LifecycleBase - Setting state for [org.springframework.boot.web.embedded.tomcat.LazySessionIdGenerator@791dcda7] to [STARTED]
2026-05-03 21:35:22 DEBUG o.apache.catalina.util.LifecycleBase - Setting state for [StandardManager[StandardEngine[Tomcat].StandardHost[localhost].TomcatEmbeddedContext[]]] to [STARTING]
2026-05-03 21:35:22 DEBUG o.apache.catalina.util.LifecycleBase - Setting state for [StandardManager[StandardEngine[Tomcat].StandardHost[localhost].TomcatEmbeddedContext[]]] to [STARTED]
2026-05-03 21:35:22 DEBUG o.apache.catalina.util.LifecycleBase - Setting state for [StandardEngine[Tomcat].StandardHost[localhost].TomcatEmbeddedContext[]] to [STARTING]
2026-05-03 21:35:22 DEBUG o.apache.catalina.util.LifecycleBase - Setting state for [StandardEngine[Tomcat].StandardHost[localhost].TomcatEmbeddedContext[]] to [STARTED]
2026-05-03 21:35:22 DEBUG o.apache.catalina.util.LifecycleBase - Setting state for [StandardPipeline[StandardEngine[Tomcat].StandardHost[localhost]]] to [INITIALIZING]
2026-05-03 21:35:22 DEBUG o.apache.catalina.util.LifecycleBase - Setting state for [StandardPipeline[StandardEngine[Tomcat].StandardHost[localhost]]] to [INITIALIZED]
2026-05-03 21:35:22 DEBUG o.apache.catalina.util.LifecycleBase - Setting state for [StandardPipeline[StandardEngine[Tomcat].StandardHost[localhost]]] to [STARTING_PREP]
2026-05-03 21:35:22 DEBUG o.apache.catalina.util.LifecycleBase - Setting state for [ErrorReportValve[StandardEngine[Tomcat].StandardHost[localhost]]] to [INITIALIZING]
2026-05-03 21:35:22 DEBUG o.apache.catalina.util.LifecycleBase - Setting state for [ErrorReportValve[StandardEngine[Tomcat].StandardHost[localhost]]] to [INITIALIZED]
2026-05-03 21:35:22 DEBUG o.apache.catalina.util.LifecycleBase - Setting state for [ErrorReportValve[StandardEngine[Tomcat].StandardHost[localhost]]] to [STARTING_PREP]
2026-05-03 21:35:22 DEBUG o.apache.catalina.util.LifecycleBase - Setting state for [ErrorReportValve[StandardEngine[Tomcat].StandardHost[localhost]]] to [STARTING]
2026-05-03 21:35:22 DEBUG o.apache.catalina.util.LifecycleBase - Setting state for [ErrorReportValve[StandardEngine[Tomcat].StandardHost[localhost]]] to [STARTED]
2026-05-03 21:35:22 DEBUG o.apache.catalina.util.LifecycleBase - Setting state for [StandardHostValve[StandardEngine[Tomcat].StandardHost[localhost]]] to [INITIALIZING]
2026-05-03 21:35:22 DEBUG o.apache.catalina.util.LifecycleBase - Setting state for [StandardHostValve[StandardEngine[Tomcat].StandardHost[localhost]]] to [INITIALIZED]
2026-05-03 21:35:22 DEBUG o.apache.catalina.util.LifecycleBase - Setting state for [StandardHostValve[StandardEngine[Tomcat].StandardHost[localhost]]] to [STARTING_PREP]
2026-05-03 21:35:22 DEBUG o.apache.catalina.util.LifecycleBase - Setting state for [StandardHostValve[StandardEngine[Tomcat].StandardHost[localhost]]] to [STARTING]
2026-05-03 21:35:22 DEBUG o.apache.catalina.util.LifecycleBase - Setting state for [StandardHostValve[StandardEngine[Tomcat].StandardHost[localhost]]] to [STARTED]
2026-05-03 21:35:22 DEBUG o.apache.catalina.util.LifecycleBase - Setting state for [StandardPipeline[StandardEngine[Tomcat].StandardHost[localhost]]] to [STARTING]
2026-05-03 21:35:22 DEBUG o.apache.catalina.util.LifecycleBase - Setting state for [StandardPipeline[StandardEngine[Tomcat].StandardHost[localhost]]] to [STARTED]
2026-05-03 21:35:22 DEBUG o.apache.catalina.util.LifecycleBase - Setting state for [StandardEngine[Tomcat].StandardHost[localhost]] to [STARTING]
2026-05-03 21:35:22 DEBUG o.apache.catalina.util.LifecycleBase - Setting state for [StandardEngine[Tomcat].StandardHost[localhost]] to [STARTED]
2026-05-03 21:35:22 DEBUG o.apache.catalina.util.LifecycleBase - Setting state for [StandardPipeline[StandardEngine[Tomcat]]] to [INITIALIZING]
2026-05-03 21:35:22 DEBUG o.apache.catalina.util.LifecycleBase - Setting state for [StandardPipeline[StandardEngine[Tomcat]]] to [INITIALIZED]
2026-05-03 21:35:22 DEBUG o.apache.catalina.util.LifecycleBase - Setting state for [StandardPipeline[StandardEngine[Tomcat]]] to [STARTING_PREP]
2026-05-03 21:35:22 DEBUG o.apache.catalina.util.LifecycleBase - Setting state for [StandardEngineValve[StandardEngine[Tomcat]]] to [INITIALIZING]
2026-05-03 21:35:22 DEBUG o.apache.catalina.util.LifecycleBase - Setting state for [StandardEngineValve[StandardEngine[Tomcat]]] to [INITIALIZED]
2026-05-03 21:35:22 DEBUG o.apache.catalina.util.LifecycleBase - Setting state for [StandardEngineValve[StandardEngine[Tomcat]]] to [STARTING_PREP]
2026-05-03 21:35:22 DEBUG o.apache.catalina.util.LifecycleBase - Setting state for [StandardEngineValve[StandardEngine[Tomcat]]] to [STARTING]
2026-05-03 21:35:22 DEBUG o.apache.catalina.util.LifecycleBase - Setting state for [StandardEngineValve[StandardEngine[Tomcat]]] to [STARTED]
2026-05-03 21:35:22 DEBUG o.apache.catalina.util.LifecycleBase - Setting state for [StandardPipeline[StandardEngine[Tomcat]]] to [STARTING]
2026-05-03 21:35:22 DEBUG o.apache.catalina.util.LifecycleBase - Setting state for [StandardPipeline[StandardEngine[Tomcat]]] to [STARTED]
2026-05-03 21:35:22 DEBUG o.apache.catalina.util.LifecycleBase - Setting state for [StandardEngine[Tomcat]] to [STARTING]
2026-05-03 21:35:22 DEBUG o.apache.catalina.util.LifecycleBase - Setting state for [StandardEngine[Tomcat]] to [STARTED]
2026-05-03 21:35:22 DEBUG o.apache.catalina.util.LifecycleBase - Setting state for [org.apache.catalina.mapper.MapperListener@65c17e38] to [STARTING_PREP]
2026-05-03 21:35:22 DEBUG o.apache.catalina.util.LifecycleBase - Setting state for [org.apache.catalina.mapper.MapperListener@65c17e38] to [STARTING]
2026-05-03 21:35:22 DEBUG org.apache.catalina.mapper.Mapper - Registered host [localhost]
2026-05-03 21:35:22 DEBUG o.a.catalina.mapper.MapperListener - Register Wrapper [dispatcherServlet] in Context [] for service [StandardService[Tomcat]]
2026-05-03 21:35:22 DEBUG o.a.catalina.mapper.MapperListener - Register Context [] for service [StandardService[Tomcat]]
2026-05-03 21:35:22 DEBUG o.a.catalina.mapper.MapperListener - Register host [localhost] at domain [null] for service [StandardService[Tomcat]]
2026-05-03 21:35:22 DEBUG o.apache.catalina.util.LifecycleBase - Setting state for [org.apache.catalina.mapper.MapperListener@65c17e38] to [STARTED]
2026-05-03 21:35:22 DEBUG o.apache.catalina.util.LifecycleBase - Setting state for [StandardService[Tomcat]] to [STARTED]
2026-05-03 21:35:22 DEBUG o.apache.catalina.util.LifecycleBase - Setting state for [StandardServer[-1]] to [STARTED]
2026-05-03 21:35:23 DEBUG o.apache.catalina.webresources.Cache - Increased cache size by [521] for item [org.apache.catalina.webresources.CachedResource@529b8e41] at [/index.html] making total cache size [2204]
2026-05-03 21:35:23 DEBUG o.apache.catalina.webresources.Cache - Increased cache size by [501] for item [org.apache.catalina.webresources.CachedResource@77b7a4b2] at [/] making total cache size [2705]
2026-05-03 21:35:24 DEBUG o.apache.catalina.util.LifecycleBase - Setting state for [Connector["http-nio-8080"]] to [STARTING_PREP]
2026-05-03 21:35:24 DEBUG o.apache.catalina.util.LifecycleBase - Setting state for [Connector["http-nio-8080"]] to [STARTING]
2026-05-03 21:35:24 INFO  o.a.coyote.http11.Http11NioProtocol - Starting ProtocolHandler ["http-nio-8080"]
2026-05-03 21:35:24 DEBUG o.apache.catalina.util.LifecycleBase - Setting state for [Connector["http-nio-8080"]] to [STARTED]
2026-05-03 21:41:53 DEBUG o.a.coyote.http11.Http11Processor - Error parsing HTTP request header
java.io.EOFException
	at org.apache.tomcat.util.net.NioEndpoint$NioSocketWrapper.fillReadBuffer(NioEndpoint.java:1334)
	at org.apache.tomcat.util.net.NioEndpoint$NioSocketWrapper.read(NioEndpoint.java:1218)
	at org.apache.coyote.http11.Http11InputBuffer.fill(Http11InputBuffer.java:780)
	at org.apache.coyote.http11.Http11InputBuffer.parseRequestLine(Http11InputBuffer.java:345)
	at org.apache.coyote.http11.Http11Processor.service(Http11Processor.java:272)
	at org.apache.coyote.AbstractProcessorLight.process(AbstractProcessorLight.java:63)
	at org.apache.coyote.AbstractProtocol$ConnectionHandler.process(AbstractProtocol.java:903)
	at org.apache.tomcat.util.net.NioEndpoint$SocketProcessor.doRun(NioEndpoint.java:1775)
	at org.apache.tomcat.util.net.SocketProcessorBase.run(SocketProcessorBase.java:52)
	at org.apache.tomcat.util.threads.ThreadPoolExecutor.runWorker(ThreadPoolExecutor.java:973)
	at org.apache.tomcat.util.threads.ThreadPoolExecutor$Worker.run(ThreadPoolExecutor.java:491)
	at org.apache.tomcat.util.threads.TaskThread$WrappingRunnable.run(TaskThread.java:63)
	at java.base/java.lang.Thread.run(Thread.java:1583)
2026-05-03 21:41:53 DEBUG o.a.coyote.http11.Http11Processor - Error state [CLOSE_CONNECTION_NOW] reported while processing request
java.io.EOFException
	at org.apache.tomcat.util.net.NioEndpoint$NioSocketWrapper.fillReadBuffer(NioEndpoint.java:1334)
	at org.apache.tomcat.util.net.NioEndpoint$NioSocketWrapper.read(NioEndpoint.java:1218)
	at org.apache.coyote.http11.Http11InputBuffer.fill(Http11InputBuffer.java:780)
	at org.apache.coyote.http11.Http11InputBuffer.parseRequestLine(Http11InputBuffer.java:345)
	at org.apache.coyote.http11.Http11Processor.service(Http11Processor.java:272)
	at org.apache.coyote.AbstractProcessorLight.process(AbstractProcessorLight.java:63)
	at org.apache.coyote.AbstractProtocol$ConnectionHandler.process(AbstractProtocol.java:903)
	at org.apache.tomcat.util.net.NioEndpoint$SocketProcessor.doRun(NioEndpoint.java:1775)
	at org.apache.tomcat.util.net.SocketProcessorBase.run(SocketProcessorBase.java:52)
	at org.apache.tomcat.util.threads.ThreadPoolExecutor.runWorker(ThreadPoolExecutor.java:973)
	at org.apache.tomcat.util.threads.ThreadPoolExecutor$Worker.run(ThreadPoolExecutor.java:491)
	at org.apache.tomcat.util.threads.TaskThread$WrappingRunnable.run(TaskThread.java:63)
	at java.base/java.lang.Thread.run(Thread.java:1583)
2026-05-03 21:41:53 DEBUG o.a.c.a.jaspic.AuthConfigFactoryImpl - Loading persistent provider registrations from [C:\Users\CyberPirate\AppData\Local\Temp\tomcat.8080.4770173913050049703\conf\jaspic-providers.xml]
2026-05-03 21:41:53 INFO  o.a.c.c.C.[Tomcat].[localhost].[/] - Initializing Spring DispatcherServlet 'dispatcherServlet'
2026-05-03 21:43:25 DEBUG o.a.coyote.http11.Http11Processor - Error parsing HTTP request header
java.io.EOFException
	at org.apache.tomcat.util.net.NioEndpoint$NioSocketWrapper.fillReadBuffer(NioEndpoint.java:1334)
	at org.apache.tomcat.util.net.NioEndpoint$NioSocketWrapper.read(NioEndpoint.java:1218)
	at org.apache.coyote.http11.Http11InputBuffer.fill(Http11InputBuffer.java:780)
	at org.apache.coyote.http11.Http11InputBuffer.parseRequestLine(Http11InputBuffer.java:345)
	at org.apache.coyote.http11.Http11Processor.service(Http11Processor.java:272)
	at org.apache.coyote.AbstractProcessorLight.process(AbstractProcessorLight.java:63)
	at org.apache.coyote.AbstractProtocol$ConnectionHandler.process(AbstractProtocol.java:903)
	at org.apache.tomcat.util.net.NioEndpoint$SocketProcessor.doRun(NioEndpoint.java:1775)
	at org.apache.tomcat.util.net.SocketProcessorBase.run(SocketProcessorBase.java:52)
	at org.apache.tomcat.util.threads.ThreadPoolExecutor.runWorker(ThreadPoolExecutor.java:973)
	at org.apache.tomcat.util.threads.ThreadPoolExecutor$Worker.run(ThreadPoolExecutor.java:491)
	at org.apache.tomcat.util.threads.TaskThread$WrappingRunnable.run(TaskThread.java:63)
	at java.base/java.lang.Thread.run(Thread.java:1583)
2026-05-03 21:43:25 DEBUG o.a.coyote.http11.Http11Processor - Error state [CLOSE_CONNECTION_NOW] reported while processing request
java.io.EOFException
	at org.apache.tomcat.util.net.NioEndpoint$NioSocketWrapper.fillReadBuffer(NioEndpoint.java:1334)
	at org.apache.tomcat.util.net.NioEndpoint$NioSocketWrapper.read(NioEndpoint.java:1218)
	at org.apache.coyote.http11.Http11InputBuffer.fill(Http11InputBuffer.java:780)
	at org.apache.coyote.http11.Http11InputBuffer.parseRequestLine(Http11InputBuffer.java:345)
	at org.apache.coyote.http11.Http11Processor.service(Http11Processor.java:272)
	at org.apache.coyote.AbstractProcessorLight.process(AbstractProcessorLight.java:63)
	at org.apache.coyote.AbstractProtocol$ConnectionHandler.process(AbstractProtocol.java:903)
	at org.apache.tomcat.util.net.NioEndpoint$SocketProcessor.doRun(NioEndpoint.java:1775)
	at org.apache.tomcat.util.net.SocketProcessorBase.run(SocketProcessorBase.java:52)
	at org.apache.tomcat.util.threads.ThreadPoolExecutor.runWorker(ThreadPoolExecutor.java:973)
	at org.apache.tomcat.util.threads.ThreadPoolExecutor$Worker.run(ThreadPoolExecutor.java:491)
	at org.apache.tomcat.util.threads.TaskThread$WrappingRunnable.run(TaskThread.java:63)
	at java.base/java.lang.Thread.run(Thread.java:1583)
2026-05-03 21:44:09 DEBUG o.a.tomcat.util.compat.Jre22Compat - Class not found so assuming code is running on a pre-Java 22 JVM
java.lang.ClassNotFoundException: java.text.ListFormat
	at java.base/jdk.internal.loader.BuiltinClassLoader.loadClass(BuiltinClassLoader.java:641)
	at java.base/jdk.internal.loader.ClassLoaders$AppClassLoader.loadClass(ClassLoaders.java:188)
	at java.base/java.lang.ClassLoader.loadClass(ClassLoader.java:526)
	at java.base/java.lang.Class.forName0(Native Method)
	at java.base/java.lang.Class.forName(Class.java:423)
	at java.base/java.lang.Class.forName(Class.java:414)
	at org.apache.tomcat.util.compat.Jre22Compat.<clinit>(Jre22Compat.java:37)
	at org.apache.tomcat.util.compat.JreCompat.<clinit>(JreCompat.java:75)
	at org.apache.catalina.startup.Tomcat.<clinit>(Tomcat.java:1196)
	at org.springframework.boot.web.embedded.tomcat.TomcatServletWebServerFactory.getWebServer(TomcatServletWebServerFactory.java:200)
	at org.springframework.boot.web.servlet.context.ServletWebServerApplicationContext.createWebServer(ServletWebServerApplicationContext.java:193)
	at org.springframework.boot.web.servlet.context.ServletWebServerApplicationContext.onRefresh(ServletWebServerApplicationContext.java:167)
	at org.springframework.context.support.AbstractApplicationContext.refresh(AbstractApplicationContext.java:622)
	at org.springframework.boot.web.servlet.context.ServletWebServerApplicationContext.refresh(ServletWebServerApplicationContext.java:146)
	at org.springframework.boot.SpringApplication.refresh(SpringApplication.java:752)
	at org.springframework.boot.SpringApplication.refreshContext(SpringApplication.java:439)
	at org.springframework.boot.SpringApplication.run(SpringApplication.java:318)
	at org.springframework.boot.SpringApplication.run(SpringApplication.java:1361)
	at org.springframework.boot.SpringApplication.run(SpringApplication.java:1350)
	at gr.aueb.cf.eduapp.EduAppApplication.main(EduAppApplication.java:12)
2026-05-03 21:44:09 DEBUG o.apache.catalina.core.ContainerBase - Add container child [StandardHost[localhost]] to container [StandardEngine[Tomcat]]
2026-05-03 21:44:09 DEBUG o.apache.catalina.core.ContainerBase - Add container child [TomcatEmbeddedContext[]] to container [StandardEngine[Tomcat].StandardHost[localhost]]
2026-05-03 21:44:09 DEBUG o.apache.catalina.util.LifecycleBase - Setting state for [StandardServer[-1]] to [INITIALIZING]
2026-05-03 21:44:09 DEBUG o.apache.catalina.util.LifecycleBase - Setting state for [org.apache.catalina.deploy.NamingResourcesImpl@7135ce0a] to [INITIALIZING]
2026-05-03 21:44:09 DEBUG o.apache.catalina.util.LifecycleBase - Setting state for [org.apache.catalina.deploy.NamingResourcesImpl@7135ce0a] to [INITIALIZED]
2026-05-03 21:44:09 DEBUG o.apache.catalina.util.LifecycleBase - Setting state for [StandardService[Tomcat]] to [INITIALIZING]
2026-05-03 21:44:09 DEBUG o.apache.catalina.util.LifecycleBase - Setting state for [StandardEngine[Tomcat]] to [INITIALIZING]
2026-05-03 21:44:09 DEBUG o.apache.catalina.util.LifecycleBase - Setting state for [StandardEngine[Tomcat]] to [INITIALIZED]
2026-05-03 21:44:09 DEBUG o.apache.catalina.util.LifecycleBase - Setting state for [org.apache.catalina.mapper.MapperListener@42ef042a] to [INITIALIZING]
2026-05-03 21:44:09 DEBUG o.apache.catalina.util.LifecycleBase - Setting state for [org.apache.catalina.mapper.MapperListener@42ef042a] to [INITIALIZED]
2026-05-03 21:44:09 DEBUG o.apache.catalina.util.LifecycleBase - Setting state for [Connector["http-nio-8080"]] to [INITIALIZING]
2026-05-03 21:44:09 INFO  o.a.coyote.http11.Http11NioProtocol - Initializing ProtocolHandler ["http-nio-8080"]
2026-05-03 21:44:09 DEBUG o.apache.catalina.util.LifecycleBase - Setting state for [Connector["http-nio-8080"]] to [INITIALIZED]
2026-05-03 21:44:09 DEBUG o.apache.catalina.util.LifecycleBase - Setting state for [StandardService[Tomcat]] to [INITIALIZED]
2026-05-03 21:44:09 DEBUG o.apache.catalina.util.LifecycleBase - Setting state for [StandardServer[-1]] to [INITIALIZED]
2026-05-03 21:44:09 DEBUG o.apache.catalina.util.LifecycleBase - Setting state for [StandardServer[-1]] to [STARTING_PREP]
2026-05-03 21:44:09 DEBUG o.apache.catalina.util.LifecycleBase - Setting state for [StandardServer[-1]] to [STARTING]
2026-05-03 21:44:09 DEBUG o.apache.catalina.util.LifecycleBase - Setting state for [org.apache.catalina.deploy.NamingResourcesImpl@7135ce0a] to [STARTING_PREP]
2026-05-03 21:44:09 DEBUG o.apache.catalina.util.LifecycleBase - Setting state for [org.apache.catalina.deploy.NamingResourcesImpl@7135ce0a] to [STARTING]
2026-05-03 21:44:09 DEBUG o.apache.catalina.util.LifecycleBase - Setting state for [org.apache.catalina.deploy.NamingResourcesImpl@7135ce0a] to [STARTED]
2026-05-03 21:44:09 DEBUG o.apache.catalina.util.LifecycleBase - Setting state for [StandardService[Tomcat]] to [STARTING_PREP]
2026-05-03 21:44:09 INFO  o.a.catalina.core.StandardService - Starting service [Tomcat]
2026-05-03 21:44:09 DEBUG o.apache.catalina.util.LifecycleBase - Setting state for [StandardService[Tomcat]] to [STARTING]
2026-05-03 21:44:09 DEBUG o.apache.catalina.util.LifecycleBase - Setting state for [StandardEngine[Tomcat]] to [STARTING_PREP]
2026-05-03 21:44:09 INFO  o.a.catalina.core.StandardEngine - Starting Servlet engine: [Apache Tomcat/10.1.52]
2026-05-03 21:44:09 DEBUG o.apache.catalina.util.LifecycleBase - Setting state for [SimpleRealm[StandardEngine[Tomcat]]] to [INITIALIZING]
2026-05-03 21:44:09 DEBUG o.apache.catalina.util.LifecycleBase - Setting state for [SimpleRealm[StandardEngine[Tomcat]]] to [INITIALIZED]
2026-05-03 21:44:09 DEBUG o.apache.catalina.util.LifecycleBase - Setting state for [SimpleRealm[StandardEngine[Tomcat]]] to [STARTING_PREP]
2026-05-03 21:44:09 DEBUG o.apache.catalina.util.LifecycleBase - Setting state for [SimpleRealm[StandardEngine[Tomcat]]] to [STARTING]
2026-05-03 21:44:09 DEBUG o.apache.catalina.util.LifecycleBase - Setting state for [SimpleRealm[StandardEngine[Tomcat]]] to [STARTED]
2026-05-03 21:44:09 DEBUG o.apache.catalina.util.LifecycleBase - Setting state for [StandardEngine[Tomcat].StandardHost[localhost]] to [INITIALIZING]
2026-05-03 21:44:09 DEBUG o.apache.catalina.util.LifecycleBase - Setting state for [StandardEngine[Tomcat].StandardHost[localhost]] to [INITIALIZED]
2026-05-03 21:44:09 DEBUG o.apache.catalina.util.LifecycleBase - Setting state for [StandardEngine[Tomcat].StandardHost[localhost]] to [STARTING_PREP]
2026-05-03 21:44:09 DEBUG o.apache.catalina.util.LifecycleBase - Setting state for [StandardEngine[Tomcat].StandardHost[localhost].TomcatEmbeddedContext[]] to [INITIALIZING]
2026-05-03 21:44:09 DEBUG o.apache.catalina.util.LifecycleBase - Setting state for [StandardEngine[Tomcat].StandardHost[localhost].TomcatEmbeddedContext[]] to [INITIALIZED]
2026-05-03 21:44:09 DEBUG o.apache.catalina.util.LifecycleBase - Setting state for [StandardEngine[Tomcat].StandardHost[localhost].TomcatEmbeddedContext[]] to [STARTING_PREP]
2026-05-03 21:44:09 DEBUG o.apache.catalina.util.LifecycleBase - Setting state for [org.apache.catalina.webresources.StandardRoot@5a1dddba] to [INITIALIZING]
2026-05-03 21:44:09 DEBUG o.apache.catalina.util.LifecycleBase - Setting state for [org.apache.catalina.webresources.StandardRoot@5a1dddba] to [INITIALIZED]
2026-05-03 21:44:09 DEBUG o.apache.catalina.util.LifecycleBase - Setting state for [org.apache.catalina.webresources.StandardRoot@5a1dddba] to [STARTING_PREP]
2026-05-03 21:44:09 DEBUG o.apache.catalina.util.LifecycleBase - Setting state for [org.apache.catalina.webresources.DirResourceSet@243bf087] to [INITIALIZING]
2026-05-03 21:44:09 DEBUG o.apache.catalina.util.LifecycleBase - Setting state for [org.apache.catalina.webresources.DirResourceSet@243bf087] to [INITIALIZED]
2026-05-03 21:44:09 DEBUG o.apache.catalina.util.LifecycleBase - Setting state for [org.apache.catalina.webresources.DirResourceSet@243bf087] to [STARTING_PREP]
2026-05-03 21:44:09 DEBUG o.apache.catalina.util.LifecycleBase - Setting state for [org.apache.catalina.webresources.DirResourceSet@243bf087] to [STARTING]
2026-05-03 21:44:09 DEBUG o.apache.catalina.util.LifecycleBase - Setting state for [org.apache.catalina.webresources.DirResourceSet@243bf087] to [STARTED]
2026-05-03 21:44:09 DEBUG o.apache.catalina.util.LifecycleBase - Setting state for [org.apache.catalina.webresources.StandardRoot@5a1dddba] to [STARTING]
2026-05-03 21:44:09 DEBUG o.apache.catalina.util.LifecycleBase - Setting state for [org.apache.catalina.webresources.StandardRoot@5a1dddba] to [STARTED]
2026-05-03 21:44:09 DEBUG o.apache.catalina.util.LifecycleBase - Setting state for [WebappLoader[StandardEngine[Tomcat].StandardHost[localhost].TomcatEmbeddedContext[]]] to [INITIALIZING]
2026-05-03 21:44:09 DEBUG o.apache.catalina.util.LifecycleBase - Setting state for [WebappLoader[StandardEngine[Tomcat].StandardHost[localhost].TomcatEmbeddedContext[]]] to [INITIALIZED]
2026-05-03 21:44:09 DEBUG o.apache.catalina.util.LifecycleBase - Setting state for [WebappLoader[StandardEngine[Tomcat].StandardHost[localhost].TomcatEmbeddedContext[]]] to [STARTING_PREP]
2026-05-03 21:44:09 DEBUG o.a.catalina.loader.WebappLoader - Starting this Loader
2026-05-03 21:44:09 DEBUG o.apache.catalina.webresources.Cache - Increased cache size by [531] for item [org.apache.catalina.webresources.CachedResource@31f77791] at [/WEB-INF/classes] making total cache size [531]
2026-05-03 21:44:09 DEBUG o.apache.catalina.util.LifecycleBase - Setting state for [WebappLoader[StandardEngine[Tomcat].StandardHost[localhost].TomcatEmbeddedContext[]]] to [STARTING]
2026-05-03 21:44:09 DEBUG o.apache.catalina.util.LifecycleBase - Setting state for [WebappLoader[StandardEngine[Tomcat].StandardHost[localhost].TomcatEmbeddedContext[]]] to [STARTED]
2026-05-03 21:44:09 DEBUG o.apache.catalina.util.LifecycleBase - Setting state for [StandardPipeline[StandardEngine[Tomcat].StandardHost[localhost].TomcatEmbeddedContext[]]] to [INITIALIZING]
2026-05-03 21:44:09 DEBUG o.apache.catalina.util.LifecycleBase - Setting state for [StandardPipeline[StandardEngine[Tomcat].StandardHost[localhost].TomcatEmbeddedContext[]]] to [INITIALIZED]
2026-05-03 21:44:09 DEBUG o.apache.catalina.util.LifecycleBase - Setting state for [StandardPipeline[StandardEngine[Tomcat].StandardHost[localhost].TomcatEmbeddedContext[]]] to [STARTING_PREP]
2026-05-03 21:44:09 DEBUG o.apache.catalina.util.LifecycleBase - Setting state for [NonLoginAuthenticator[StandardEngine[Tomcat].StandardHost[localhost].TomcatEmbeddedContext[]]] to [INITIALIZING]
2026-05-03 21:44:09 DEBUG o.apache.catalina.util.LifecycleBase - Setting state for [NonLoginAuthenticator[StandardEngine[Tomcat].StandardHost[localhost].TomcatEmbeddedContext[]]] to [INITIALIZED]
2026-05-03 21:44:09 DEBUG o.apache.catalina.util.LifecycleBase - Setting state for [NonLoginAuthenticator[StandardEngine[Tomcat].StandardHost[localhost].TomcatEmbeddedContext[]]] to [STARTING_PREP]
2026-05-03 21:44:09 DEBUG o.apache.catalina.util.LifecycleBase - Setting state for [NonLoginAuthenticator[StandardEngine[Tomcat].StandardHost[localhost].TomcatEmbeddedContext[]]] to [STARTING]
2026-05-03 21:44:09 DEBUG o.apache.catalina.util.LifecycleBase - Setting state for [NonLoginAuthenticator[StandardEngine[Tomcat].StandardHost[localhost].TomcatEmbeddedContext[]]] to [STARTED]
2026-05-03 21:44:09 DEBUG o.apache.catalina.util.LifecycleBase - Setting state for [StandardContextValve[StandardEngine[Tomcat].StandardHost[localhost].TomcatEmbeddedContext[]]] to [INITIALIZING]
2026-05-03 21:44:09 DEBUG o.apache.catalina.util.LifecycleBase - Setting state for [StandardContextValve[StandardEngine[Tomcat].StandardHost[localhost].TomcatEmbeddedContext[]]] to [INITIALIZED]
2026-05-03 21:44:09 DEBUG o.apache.catalina.util.LifecycleBase - Setting state for [StandardContextValve[StandardEngine[Tomcat].StandardHost[localhost].TomcatEmbeddedContext[]]] to [STARTING_PREP]
2026-05-03 21:44:09 DEBUG o.apache.catalina.util.LifecycleBase - Setting state for [StandardContextValve[StandardEngine[Tomcat].StandardHost[localhost].TomcatEmbeddedContext[]]] to [STARTING]
2026-05-03 21:44:09 DEBUG o.apache.catalina.util.LifecycleBase - Setting state for [StandardContextValve[StandardEngine[Tomcat].StandardHost[localhost].TomcatEmbeddedContext[]]] to [STARTED]
2026-05-03 21:44:09 DEBUG o.apache.catalina.util.LifecycleBase - Setting state for [StandardPipeline[StandardEngine[Tomcat].StandardHost[localhost].TomcatEmbeddedContext[]]] to [STARTING]
2026-05-03 21:44:09 DEBUG o.apache.catalina.util.LifecycleBase - Setting state for [StandardPipeline[StandardEngine[Tomcat].StandardHost[localhost].TomcatEmbeddedContext[]]] to [STARTED]
2026-05-03 21:44:09 DEBUG o.a.catalina.core.StandardContext - No manager found. Checking if cluster manager should be used. Cluster configured: [false], Application distributable: [false]
2026-05-03 21:44:09 DEBUG o.a.catalina.core.StandardContext - Configured a manager of class [org.apache.catalina.session.StandardManager]
2026-05-03 21:44:09 DEBUG o.apache.catalina.util.LifecycleBase - Setting state for [org.apache.catalina.deploy.NamingResourcesImpl@44b940a2] to [INITIALIZING]
2026-05-03 21:44:09 DEBUG o.apache.catalina.util.LifecycleBase - Setting state for [org.apache.catalina.deploy.NamingResourcesImpl@44b940a2] to [INITIALIZED]
2026-05-03 21:44:09 DEBUG o.apache.catalina.util.LifecycleBase - Setting state for [org.apache.catalina.deploy.NamingResourcesImpl@44b940a2] to [STARTING_PREP]
2026-05-03 21:44:09 DEBUG o.apache.catalina.util.LifecycleBase - Setting state for [org.apache.catalina.deploy.NamingResourcesImpl@44b940a2] to [STARTING]
2026-05-03 21:44:09 DEBUG o.apache.catalina.util.LifecycleBase - Setting state for [org.apache.catalina.deploy.NamingResourcesImpl@44b940a2] to [STARTED]
2026-05-03 21:44:09 INFO  o.a.c.c.C.[Tomcat].[localhost].[/] - Initializing Spring embedded WebApplicationContext
2026-05-03 21:44:10 DEBUG o.apache.catalina.webresources.Cache - Increased cache size by [573] for item [org.apache.catalina.webresources.CachedResource@290c266c] at [/WEB-INF/classes/hibernate.properties] making total cache size [1104]
2026-05-03 21:44:12 DEBUG o.apache.catalina.webresources.Cache - Increased cache size by [579] for item [org.apache.catalina.webresources.CachedResource@2d33795c] at [/WEB-INF/classes/META-INF/validation.xml] making total cache size [1683]
2026-05-03 21:44:13 DEBUG o.apache.catalina.core.ContainerBase - Add container child [StandardWrapper[dispatcherServlet]] to container [StandardEngine[Tomcat].StandardHost[localhost].TomcatEmbeddedContext[]]
2026-05-03 21:44:13 DEBUG o.apache.catalina.util.LifecycleBase - Setting state for [StandardEngine[Tomcat].StandardHost[localhost].TomcatEmbeddedContext[].StandardWrapper[dispatcherServlet]] to [INITIALIZING]
2026-05-03 21:44:13 DEBUG o.apache.catalina.util.LifecycleBase - Setting state for [StandardEngine[Tomcat].StandardHost[localhost].TomcatEmbeddedContext[].StandardWrapper[dispatcherServlet]] to [INITIALIZED]
2026-05-03 21:44:13 DEBUG o.apache.catalina.util.LifecycleBase - Setting state for [StandardEngine[Tomcat].StandardHost[localhost].TomcatEmbeddedContext[].StandardWrapper[dispatcherServlet]] to [STARTING_PREP]
2026-05-03 21:44:13 DEBUG o.apache.catalina.util.LifecycleBase - Setting state for [StandardPipeline[StandardEngine[Tomcat].StandardHost[localhost].TomcatEmbeddedContext[].StandardWrapper[dispatcherServlet]]] to [INITIALIZING]
2026-05-03 21:44:13 DEBUG o.apache.catalina.util.LifecycleBase - Setting state for [StandardPipeline[StandardEngine[Tomcat].StandardHost[localhost].TomcatEmbeddedContext[].StandardWrapper[dispatcherServlet]]] to [INITIALIZED]
2026-05-03 21:44:13 DEBUG o.apache.catalina.util.LifecycleBase - Setting state for [StandardPipeline[StandardEngine[Tomcat].StandardHost[localhost].TomcatEmbeddedContext[].StandardWrapper[dispatcherServlet]]] to [STARTING_PREP]
2026-05-03 21:44:13 DEBUG o.apache.catalina.util.LifecycleBase - Setting state for [StandardWrapperValve[StandardEngine[Tomcat].StandardHost[localhost].TomcatEmbeddedContext[].StandardWrapper[dispatcherServlet]]] to [INITIALIZING]
2026-05-03 21:44:13 DEBUG o.apache.catalina.util.LifecycleBase - Setting state for [StandardWrapperValve[StandardEngine[Tomcat].StandardHost[localhost].TomcatEmbeddedContext[].StandardWrapper[dispatcherServlet]]] to [INITIALIZED]
2026-05-03 21:44:13 DEBUG o.apache.catalina.util.LifecycleBase - Setting state for [StandardWrapperValve[StandardEngine[Tomcat].StandardHost[localhost].TomcatEmbeddedContext[].StandardWrapper[dispatcherServlet]]] to [STARTING_PREP]
2026-05-03 21:44:13 DEBUG o.apache.catalina.util.LifecycleBase - Setting state for [StandardWrapperValve[StandardEngine[Tomcat].StandardHost[localhost].TomcatEmbeddedContext[].StandardWrapper[dispatcherServlet]]] to [STARTING]
2026-05-03 21:44:13 DEBUG o.apache.catalina.util.LifecycleBase - Setting state for [StandardWrapperValve[StandardEngine[Tomcat].StandardHost[localhost].TomcatEmbeddedContext[].StandardWrapper[dispatcherServlet]]] to [STARTED]
2026-05-03 21:44:13 DEBUG o.apache.catalina.util.LifecycleBase - Setting state for [StandardPipeline[StandardEngine[Tomcat].StandardHost[localhost].TomcatEmbeddedContext[].StandardWrapper[dispatcherServlet]]] to [STARTING]
2026-05-03 21:44:13 DEBUG o.apache.catalina.util.LifecycleBase - Setting state for [StandardPipeline[StandardEngine[Tomcat].StandardHost[localhost].TomcatEmbeddedContext[].StandardWrapper[dispatcherServlet]]] to [STARTED]
2026-05-03 21:44:13 DEBUG o.apache.catalina.util.LifecycleBase - Setting state for [StandardEngine[Tomcat].StandardHost[localhost].TomcatEmbeddedContext[].StandardWrapper[dispatcherServlet]] to [STARTING]
2026-05-03 21:44:13 DEBUG o.apache.catalina.util.LifecycleBase - Setting state for [StandardEngine[Tomcat].StandardHost[localhost].TomcatEmbeddedContext[].StandardWrapper[dispatcherServlet]] to [STARTED]
2026-05-03 21:44:13 DEBUG o.apache.catalina.util.LifecycleBase - Setting state for [StandardManager[StandardEngine[Tomcat].StandardHost[localhost].TomcatEmbeddedContext[]]] to [INITIALIZING]
2026-05-03 21:44:13 DEBUG o.apache.catalina.util.LifecycleBase - Setting state for [StandardManager[StandardEngine[Tomcat].StandardHost[localhost].TomcatEmbeddedContext[]]] to [INITIALIZED]
2026-05-03 21:44:13 DEBUG o.apache.catalina.util.LifecycleBase - Setting state for [StandardManager[StandardEngine[Tomcat].StandardHost[localhost].TomcatEmbeddedContext[]]] to [STARTING_PREP]
2026-05-03 21:44:13 DEBUG o.apache.catalina.util.LifecycleBase - Setting state for [org.springframework.boot.web.embedded.tomcat.LazySessionIdGenerator@58e46572] to [INITIALIZING]
2026-05-03 21:44:13 DEBUG o.apache.catalina.util.LifecycleBase - Setting state for [org.springframework.boot.web.embedded.tomcat.LazySessionIdGenerator@58e46572] to [INITIALIZED]
2026-05-03 21:44:13 DEBUG o.apache.catalina.util.LifecycleBase - Setting state for [org.springframework.boot.web.embedded.tomcat.LazySessionIdGenerator@58e46572] to [STARTING_PREP]
2026-05-03 21:44:13 DEBUG o.apache.catalina.util.LifecycleBase - Setting state for [org.springframework.boot.web.embedded.tomcat.LazySessionIdGenerator@58e46572] to [STARTING]
2026-05-03 21:44:13 DEBUG o.apache.catalina.util.LifecycleBase - Setting state for [org.springframework.boot.web.embedded.tomcat.LazySessionIdGenerator@58e46572] to [STARTED]
2026-05-03 21:44:13 DEBUG o.apache.catalina.util.LifecycleBase - Setting state for [StandardManager[StandardEngine[Tomcat].StandardHost[localhost].TomcatEmbeddedContext[]]] to [STARTING]
2026-05-03 21:44:13 DEBUG o.apache.catalina.util.LifecycleBase - Setting state for [StandardManager[StandardEngine[Tomcat].StandardHost[localhost].TomcatEmbeddedContext[]]] to [STARTED]
2026-05-03 21:44:13 DEBUG o.apache.catalina.util.LifecycleBase - Setting state for [StandardEngine[Tomcat].StandardHost[localhost].TomcatEmbeddedContext[]] to [STARTING]
2026-05-03 21:44:13 DEBUG o.apache.catalina.util.LifecycleBase - Setting state for [StandardEngine[Tomcat].StandardHost[localhost].TomcatEmbeddedContext[]] to [STARTED]
2026-05-03 21:44:13 DEBUG o.apache.catalina.util.LifecycleBase - Setting state for [StandardPipeline[StandardEngine[Tomcat].StandardHost[localhost]]] to [INITIALIZING]
2026-05-03 21:44:13 DEBUG o.apache.catalina.util.LifecycleBase - Setting state for [StandardPipeline[StandardEngine[Tomcat].StandardHost[localhost]]] to [INITIALIZED]
2026-05-03 21:44:13 DEBUG o.apache.catalina.util.LifecycleBase - Setting state for [StandardPipeline[StandardEngine[Tomcat].StandardHost[localhost]]] to [STARTING_PREP]
2026-05-03 21:44:13 DEBUG o.apache.catalina.util.LifecycleBase - Setting state for [ErrorReportValve[StandardEngine[Tomcat].StandardHost[localhost]]] to [INITIALIZING]
2026-05-03 21:44:13 DEBUG o.apache.catalina.util.LifecycleBase - Setting state for [ErrorReportValve[StandardEngine[Tomcat].StandardHost[localhost]]] to [INITIALIZED]
2026-05-03 21:44:13 DEBUG o.apache.catalina.util.LifecycleBase - Setting state for [ErrorReportValve[StandardEngine[Tomcat].StandardHost[localhost]]] to [STARTING_PREP]
2026-05-03 21:44:13 DEBUG o.apache.catalina.util.LifecycleBase - Setting state for [ErrorReportValve[StandardEngine[Tomcat].StandardHost[localhost]]] to [STARTING]
2026-05-03 21:44:13 DEBUG o.apache.catalina.util.LifecycleBase - Setting state for [ErrorReportValve[StandardEngine[Tomcat].StandardHost[localhost]]] to [STARTED]
2026-05-03 21:44:13 DEBUG o.apache.catalina.util.LifecycleBase - Setting state for [StandardHostValve[StandardEngine[Tomcat].StandardHost[localhost]]] to [INITIALIZING]
2026-05-03 21:44:13 DEBUG o.apache.catalina.util.LifecycleBase - Setting state for [StandardHostValve[StandardEngine[Tomcat].StandardHost[localhost]]] to [INITIALIZED]
2026-05-03 21:44:13 DEBUG o.apache.catalina.util.LifecycleBase - Setting state for [StandardHostValve[StandardEngine[Tomcat].StandardHost[localhost]]] to [STARTING_PREP]
2026-05-03 21:44:13 DEBUG o.apache.catalina.util.LifecycleBase - Setting state for [StandardHostValve[StandardEngine[Tomcat].StandardHost[localhost]]] to [STARTING]
2026-05-03 21:44:13 DEBUG o.apache.catalina.util.LifecycleBase - Setting state for [StandardHostValve[StandardEngine[Tomcat].StandardHost[localhost]]] to [STARTED]
2026-05-03 21:44:13 DEBUG o.apache.catalina.util.LifecycleBase - Setting state for [StandardPipeline[StandardEngine[Tomcat].StandardHost[localhost]]] to [STARTING]
2026-05-03 21:44:13 DEBUG o.apache.catalina.util.LifecycleBase - Setting state for [StandardPipeline[StandardEngine[Tomcat].StandardHost[localhost]]] to [STARTED]
2026-05-03 21:44:13 DEBUG o.apache.catalina.util.LifecycleBase - Setting state for [StandardEngine[Tomcat].StandardHost[localhost]] to [STARTING]
2026-05-03 21:44:13 DEBUG o.apache.catalina.util.LifecycleBase - Setting state for [StandardEngine[Tomcat].StandardHost[localhost]] to [STARTED]
2026-05-03 21:44:13 DEBUG o.apache.catalina.util.LifecycleBase - Setting state for [StandardPipeline[StandardEngine[Tomcat]]] to [INITIALIZING]
2026-05-03 21:44:13 DEBUG o.apache.catalina.util.LifecycleBase - Setting state for [StandardPipeline[StandardEngine[Tomcat]]] to [INITIALIZED]
2026-05-03 21:44:13 DEBUG o.apache.catalina.util.LifecycleBase - Setting state for [StandardPipeline[StandardEngine[Tomcat]]] to [STARTING_PREP]
2026-05-03 21:44:13 DEBUG o.apache.catalina.util.LifecycleBase - Setting state for [StandardEngineValve[StandardEngine[Tomcat]]] to [INITIALIZING]
2026-05-03 21:44:13 DEBUG o.apache.catalina.util.LifecycleBase - Setting state for [StandardEngineValve[StandardEngine[Tomcat]]] to [INITIALIZED]
2026-05-03 21:44:13 DEBUG o.apache.catalina.util.LifecycleBase - Setting state for [StandardEngineValve[StandardEngine[Tomcat]]] to [STARTING_PREP]
2026-05-03 21:44:13 DEBUG o.apache.catalina.util.LifecycleBase - Setting state for [StandardEngineValve[StandardEngine[Tomcat]]] to [STARTING]
2026-05-03 21:44:13 DEBUG o.apache.catalina.util.LifecycleBase - Setting state for [StandardEngineValve[StandardEngine[Tomcat]]] to [STARTED]
2026-05-03 21:44:13 DEBUG o.apache.catalina.util.LifecycleBase - Setting state for [StandardPipeline[StandardEngine[Tomcat]]] to [STARTING]
2026-05-03 21:44:13 DEBUG o.apache.catalina.util.LifecycleBase - Setting state for [StandardPipeline[StandardEngine[Tomcat]]] to [STARTED]
2026-05-03 21:44:13 DEBUG o.apache.catalina.util.LifecycleBase - Setting state for [StandardEngine[Tomcat]] to [STARTING]
2026-05-03 21:44:13 DEBUG o.apache.catalina.util.LifecycleBase - Setting state for [StandardEngine[Tomcat]] to [STARTED]
2026-05-03 21:44:13 DEBUG o.apache.catalina.util.LifecycleBase - Setting state for [org.apache.catalina.mapper.MapperListener@42ef042a] to [STARTING_PREP]
2026-05-03 21:44:13 DEBUG o.apache.catalina.util.LifecycleBase - Setting state for [org.apache.catalina.mapper.MapperListener@42ef042a] to [STARTING]
2026-05-03 21:44:13 DEBUG org.apache.catalina.mapper.Mapper - Registered host [localhost]
2026-05-03 21:44:13 DEBUG o.a.catalina.mapper.MapperListener - Register Wrapper [dispatcherServlet] in Context [] for service [StandardService[Tomcat]]
2026-05-03 21:44:13 DEBUG o.a.catalina.mapper.MapperListener - Register Context [] for service [StandardService[Tomcat]]
2026-05-03 21:44:13 DEBUG o.a.catalina.mapper.MapperListener - Register host [localhost] at domain [null] for service [StandardService[Tomcat]]
2026-05-03 21:44:13 DEBUG o.apache.catalina.util.LifecycleBase - Setting state for [org.apache.catalina.mapper.MapperListener@42ef042a] to [STARTED]
2026-05-03 21:44:13 DEBUG o.apache.catalina.util.LifecycleBase - Setting state for [StandardService[Tomcat]] to [STARTED]
2026-05-03 21:44:13 DEBUG o.apache.catalina.util.LifecycleBase - Setting state for [StandardServer[-1]] to [STARTED]
2026-05-03 21:44:14 DEBUG o.apache.catalina.webresources.Cache - Increased cache size by [521] for item [org.apache.catalina.webresources.CachedResource@121fe002] at [/index.html] making total cache size [2204]
2026-05-03 21:44:14 DEBUG o.apache.catalina.webresources.Cache - Increased cache size by [501] for item [org.apache.catalina.webresources.CachedResource@10fa270e] at [/] making total cache size [2705]
2026-05-03 21:44:15 DEBUG o.apache.catalina.util.LifecycleBase - Setting state for [Connector["http-nio-8080"]] to [STARTING_PREP]
2026-05-03 21:44:15 DEBUG o.apache.catalina.util.LifecycleBase - Setting state for [Connector["http-nio-8080"]] to [STARTING]
2026-05-03 21:44:15 INFO  o.a.coyote.http11.Http11NioProtocol - Starting ProtocolHandler ["http-nio-8080"]
2026-05-03 21:44:15 DEBUG o.apache.catalina.util.LifecycleBase - Setting state for [Connector["http-nio-8080"]] to [STARTED]
2026-05-03 21:44:22 DEBUG o.a.coyote.http11.Http11Processor - Error parsing HTTP request header
java.io.EOFException
	at org.apache.tomcat.util.net.NioEndpoint$NioSocketWrapper.fillReadBuffer(NioEndpoint.java:1334)
	at org.apache.tomcat.util.net.NioEndpoint$NioSocketWrapper.read(NioEndpoint.java:1218)
	at org.apache.coyote.http11.Http11InputBuffer.fill(Http11InputBuffer.java:780)
	at org.apache.coyote.http11.Http11InputBuffer.parseRequestLine(Http11InputBuffer.java:345)
	at org.apache.coyote.http11.Http11Processor.service(Http11Processor.java:272)
	at org.apache.coyote.AbstractProcessorLight.process(AbstractProcessorLight.java:63)
	at org.apache.coyote.AbstractProtocol$ConnectionHandler.process(AbstractProtocol.java:903)
	at org.apache.tomcat.util.net.NioEndpoint$SocketProcessor.doRun(NioEndpoint.java:1775)
	at org.apache.tomcat.util.net.SocketProcessorBase.run(SocketProcessorBase.java:52)
	at org.apache.tomcat.util.threads.ThreadPoolExecutor.runWorker(ThreadPoolExecutor.java:973)
	at org.apache.tomcat.util.threads.ThreadPoolExecutor$Worker.run(ThreadPoolExecutor.java:491)
	at org.apache.tomcat.util.threads.TaskThread$WrappingRunnable.run(TaskThread.java:63)
	at java.base/java.lang.Thread.run(Thread.java:1583)
2026-05-03 21:44:22 DEBUG o.a.coyote.http11.Http11Processor - Error state [CLOSE_CONNECTION_NOW] reported while processing request
java.io.EOFException
	at org.apache.tomcat.util.net.NioEndpoint$NioSocketWrapper.fillReadBuffer(NioEndpoint.java:1334)
	at org.apache.tomcat.util.net.NioEndpoint$NioSocketWrapper.read(NioEndpoint.java:1218)
	at org.apache.coyote.http11.Http11InputBuffer.fill(Http11InputBuffer.java:780)
	at org.apache.coyote.http11.Http11InputBuffer.parseRequestLine(Http11InputBuffer.java:345)
	at org.apache.coyote.http11.Http11Processor.service(Http11Processor.java:272)
	at org.apache.coyote.AbstractProcessorLight.process(AbstractProcessorLight.java:63)
	at org.apache.coyote.AbstractProtocol$ConnectionHandler.process(AbstractProtocol.java:903)
	at org.apache.tomcat.util.net.NioEndpoint$SocketProcessor.doRun(NioEndpoint.java:1775)
	at org.apache.tomcat.util.net.SocketProcessorBase.run(SocketProcessorBase.java:52)
	at org.apache.tomcat.util.threads.ThreadPoolExecutor.runWorker(ThreadPoolExecutor.java:973)
	at org.apache.tomcat.util.threads.ThreadPoolExecutor$Worker.run(ThreadPoolExecutor.java:491)
	at org.apache.tomcat.util.threads.TaskThread$WrappingRunnable.run(TaskThread.java:63)
	at java.base/java.lang.Thread.run(Thread.java:1583)
2026-05-03 21:44:22 DEBUG o.a.c.a.jaspic.AuthConfigFactoryImpl - Loading persistent provider registrations from [C:\Users\CyberPirate\AppData\Local\Temp\tomcat.8080.5521078509644874562\conf\jaspic-providers.xml]
2026-05-03 21:44:22 INFO  o.a.c.c.C.[Tomcat].[localhost].[/] - Initializing Spring DispatcherServlet 'dispatcherServlet'
2026-05-03 21:46:44 DEBUG o.a.tomcat.util.compat.Jre22Compat - Class not found so assuming code is running on a pre-Java 22 JVM
java.lang.ClassNotFoundException: java.text.ListFormat
	at java.base/jdk.internal.loader.BuiltinClassLoader.loadClass(BuiltinClassLoader.java:641)
	at java.base/jdk.internal.loader.ClassLoaders$AppClassLoader.loadClass(ClassLoaders.java:188)
	at java.base/java.lang.ClassLoader.loadClass(ClassLoader.java:526)
	at java.base/java.lang.Class.forName0(Native Method)
	at java.base/java.lang.Class.forName(Class.java:423)
	at java.base/java.lang.Class.forName(Class.java:414)
	at org.apache.tomcat.util.compat.Jre22Compat.<clinit>(Jre22Compat.java:37)
	at org.apache.tomcat.util.compat.JreCompat.<clinit>(JreCompat.java:75)
	at org.apache.catalina.startup.Tomcat.<clinit>(Tomcat.java:1196)
	at org.springframework.boot.web.embedded.tomcat.TomcatServletWebServerFactory.getWebServer(TomcatServletWebServerFactory.java:200)
	at org.springframework.boot.web.servlet.context.ServletWebServerApplicationContext.createWebServer(ServletWebServerApplicationContext.java:193)
	at org.springframework.boot.web.servlet.context.ServletWebServerApplicationContext.onRefresh(ServletWebServerApplicationContext.java:167)
	at org.springframework.context.support.AbstractApplicationContext.refresh(AbstractApplicationContext.java:622)
	at org.springframework.boot.web.servlet.context.ServletWebServerApplicationContext.refresh(ServletWebServerApplicationContext.java:146)
	at org.springframework.boot.SpringApplication.refresh(SpringApplication.java:752)
	at org.springframework.boot.SpringApplication.refreshContext(SpringApplication.java:439)
	at org.springframework.boot.SpringApplication.run(SpringApplication.java:318)
	at org.springframework.boot.SpringApplication.run(SpringApplication.java:1361)
	at org.springframework.boot.SpringApplication.run(SpringApplication.java:1350)
	at gr.aueb.cf.eduapp.EduAppApplication.main(EduAppApplication.java:12)
2026-05-03 21:46:44 DEBUG o.apache.catalina.core.ContainerBase - Add container child [StandardHost[localhost]] to container [StandardEngine[Tomcat]]
2026-05-03 21:46:44 DEBUG o.apache.catalina.core.ContainerBase - Add container child [TomcatEmbeddedContext[]] to container [StandardEngine[Tomcat].StandardHost[localhost]]
2026-05-03 21:46:44 DEBUG o.apache.catalina.util.LifecycleBase - Setting state for [StandardServer[-1]] to [INITIALIZING]
2026-05-03 21:46:44 DEBUG o.apache.catalina.util.LifecycleBase - Setting state for [org.apache.catalina.deploy.NamingResourcesImpl@798deee8] to [INITIALIZING]
2026-05-03 21:46:44 DEBUG o.apache.catalina.util.LifecycleBase - Setting state for [org.apache.catalina.deploy.NamingResourcesImpl@798deee8] to [INITIALIZED]
2026-05-03 21:46:44 DEBUG o.apache.catalina.util.LifecycleBase - Setting state for [StandardService[Tomcat]] to [INITIALIZING]
2026-05-03 21:46:44 DEBUG o.apache.catalina.util.LifecycleBase - Setting state for [StandardEngine[Tomcat]] to [INITIALIZING]
2026-05-03 21:46:44 DEBUG o.apache.catalina.util.LifecycleBase - Setting state for [StandardEngine[Tomcat]] to [INITIALIZED]
2026-05-03 21:46:44 DEBUG o.apache.catalina.util.LifecycleBase - Setting state for [org.apache.catalina.mapper.MapperListener@22d8f4ed] to [INITIALIZING]
2026-05-03 21:46:44 DEBUG o.apache.catalina.util.LifecycleBase - Setting state for [org.apache.catalina.mapper.MapperListener@22d8f4ed] to [INITIALIZED]
2026-05-03 21:46:44 DEBUG o.apache.catalina.util.LifecycleBase - Setting state for [Connector["http-nio-8080"]] to [INITIALIZING]
2026-05-03 21:46:44 INFO  o.a.coyote.http11.Http11NioProtocol - Initializing ProtocolHandler ["http-nio-8080"]
2026-05-03 21:46:44 DEBUG o.apache.catalina.util.LifecycleBase - Setting state for [Connector["http-nio-8080"]] to [INITIALIZED]
2026-05-03 21:46:44 DEBUG o.apache.catalina.util.LifecycleBase - Setting state for [StandardService[Tomcat]] to [INITIALIZED]
2026-05-03 21:46:44 DEBUG o.apache.catalina.util.LifecycleBase - Setting state for [StandardServer[-1]] to [INITIALIZED]
2026-05-03 21:46:44 DEBUG o.apache.catalina.util.LifecycleBase - Setting state for [StandardServer[-1]] to [STARTING_PREP]
2026-05-03 21:46:44 DEBUG o.apache.catalina.util.LifecycleBase - Setting state for [StandardServer[-1]] to [STARTING]
2026-05-03 21:46:44 DEBUG o.apache.catalina.util.LifecycleBase - Setting state for [org.apache.catalina.deploy.NamingResourcesImpl@798deee8] to [STARTING_PREP]
2026-05-03 21:46:44 DEBUG o.apache.catalina.util.LifecycleBase - Setting state for [org.apache.catalina.deploy.NamingResourcesImpl@798deee8] to [STARTING]
2026-05-03 21:46:44 DEBUG o.apache.catalina.util.LifecycleBase - Setting state for [org.apache.catalina.deploy.NamingResourcesImpl@798deee8] to [STARTED]
2026-05-03 21:46:44 DEBUG o.apache.catalina.util.LifecycleBase - Setting state for [StandardService[Tomcat]] to [STARTING_PREP]
2026-05-03 21:46:44 INFO  o.a.catalina.core.StandardService - Starting service [Tomcat]
2026-05-03 21:46:44 DEBUG o.apache.catalina.util.LifecycleBase - Setting state for [StandardService[Tomcat]] to [STARTING]
2026-05-03 21:46:44 DEBUG o.apache.catalina.util.LifecycleBase - Setting state for [StandardEngine[Tomcat]] to [STARTING_PREP]
2026-05-03 21:46:44 INFO  o.a.catalina.core.StandardEngine - Starting Servlet engine: [Apache Tomcat/10.1.52]
2026-05-03 21:46:44 DEBUG o.apache.catalina.util.LifecycleBase - Setting state for [SimpleRealm[StandardEngine[Tomcat]]] to [INITIALIZING]
2026-05-03 21:46:44 DEBUG o.apache.catalina.util.LifecycleBase - Setting state for [SimpleRealm[StandardEngine[Tomcat]]] to [INITIALIZED]
2026-05-03 21:46:44 DEBUG o.apache.catalina.util.LifecycleBase - Setting state for [SimpleRealm[StandardEngine[Tomcat]]] to [STARTING_PREP]
2026-05-03 21:46:44 DEBUG o.apache.catalina.util.LifecycleBase - Setting state for [SimpleRealm[StandardEngine[Tomcat]]] to [STARTING]
2026-05-03 21:46:44 DEBUG o.apache.catalina.util.LifecycleBase - Setting state for [SimpleRealm[StandardEngine[Tomcat]]] to [STARTED]
2026-05-03 21:46:44 DEBUG o.apache.catalina.util.LifecycleBase - Setting state for [StandardEngine[Tomcat].StandardHost[localhost]] to [INITIALIZING]
2026-05-03 21:46:44 DEBUG o.apache.catalina.util.LifecycleBase - Setting state for [StandardEngine[Tomcat].StandardHost[localhost]] to [INITIALIZED]
2026-05-03 21:46:44 DEBUG o.apache.catalina.util.LifecycleBase - Setting state for [StandardEngine[Tomcat].StandardHost[localhost]] to [STARTING_PREP]
2026-05-03 21:46:44 DEBUG o.apache.catalina.util.LifecycleBase - Setting state for [StandardEngine[Tomcat].StandardHost[localhost].TomcatEmbeddedContext[]] to [INITIALIZING]
2026-05-03 21:46:45 DEBUG o.apache.catalina.util.LifecycleBase - Setting state for [StandardEngine[Tomcat].StandardHost[localhost].TomcatEmbeddedContext[]] to [INITIALIZED]
2026-05-03 21:46:45 DEBUG o.apache.catalina.util.LifecycleBase - Setting state for [StandardEngine[Tomcat].StandardHost[localhost].TomcatEmbeddedContext[]] to [STARTING_PREP]
2026-05-03 21:46:45 DEBUG o.apache.catalina.util.LifecycleBase - Setting state for [org.apache.catalina.webresources.StandardRoot@6b8d54da] to [INITIALIZING]
2026-05-03 21:46:45 DEBUG o.apache.catalina.util.LifecycleBase - Setting state for [org.apache.catalina.webresources.StandardRoot@6b8d54da] to [INITIALIZED]
2026-05-03 21:46:45 DEBUG o.apache.catalina.util.LifecycleBase - Setting state for [org.apache.catalina.webresources.StandardRoot@6b8d54da] to [STARTING_PREP]
2026-05-03 21:46:45 DEBUG o.apache.catalina.util.LifecycleBase - Setting state for [org.apache.catalina.webresources.DirResourceSet@1a7cb3a4] to [INITIALIZING]
2026-05-03 21:46:45 DEBUG o.apache.catalina.util.LifecycleBase - Setting state for [org.apache.catalina.webresources.DirResourceSet@1a7cb3a4] to [INITIALIZED]
2026-05-03 21:46:45 DEBUG o.apache.catalina.util.LifecycleBase - Setting state for [org.apache.catalina.webresources.DirResourceSet@1a7cb3a4] to [STARTING_PREP]
2026-05-03 21:46:45 DEBUG o.apache.catalina.util.LifecycleBase - Setting state for [org.apache.catalina.webresources.DirResourceSet@1a7cb3a4] to [STARTING]
2026-05-03 21:46:45 DEBUG o.apache.catalina.util.LifecycleBase - Setting state for [org.apache.catalina.webresources.DirResourceSet@1a7cb3a4] to [STARTED]
2026-05-03 21:46:45 DEBUG o.apache.catalina.util.LifecycleBase - Setting state for [org.apache.catalina.webresources.StandardRoot@6b8d54da] to [STARTING]
2026-05-03 21:46:45 DEBUG o.apache.catalina.util.LifecycleBase - Setting state for [org.apache.catalina.webresources.StandardRoot@6b8d54da] to [STARTED]
2026-05-03 21:46:45 DEBUG o.apache.catalina.util.LifecycleBase - Setting state for [WebappLoader[StandardEngine[Tomcat].StandardHost[localhost].TomcatEmbeddedContext[]]] to [INITIALIZING]
2026-05-03 21:46:45 DEBUG o.apache.catalina.util.LifecycleBase - Setting state for [WebappLoader[StandardEngine[Tomcat].StandardHost[localhost].TomcatEmbeddedContext[]]] to [INITIALIZED]
2026-05-03 21:46:45 DEBUG o.apache.catalina.util.LifecycleBase - Setting state for [WebappLoader[StandardEngine[Tomcat].StandardHost[localhost].TomcatEmbeddedContext[]]] to [STARTING_PREP]
2026-05-03 21:46:45 DEBUG o.a.catalina.loader.WebappLoader - Starting this Loader
2026-05-03 21:46:45 DEBUG o.apache.catalina.webresources.Cache - Increased cache size by [531] for item [org.apache.catalina.webresources.CachedResource@446e7065] at [/WEB-INF/classes] making total cache size [531]
2026-05-03 21:46:45 DEBUG o.apache.catalina.util.LifecycleBase - Setting state for [WebappLoader[StandardEngine[Tomcat].StandardHost[localhost].TomcatEmbeddedContext[]]] to [STARTING]
2026-05-03 21:46:45 DEBUG o.apache.catalina.util.LifecycleBase - Setting state for [WebappLoader[StandardEngine[Tomcat].StandardHost[localhost].TomcatEmbeddedContext[]]] to [STARTED]
2026-05-03 21:46:45 DEBUG o.apache.catalina.util.LifecycleBase - Setting state for [StandardPipeline[StandardEngine[Tomcat].StandardHost[localhost].TomcatEmbeddedContext[]]] to [INITIALIZING]
2026-05-03 21:46:45 DEBUG o.apache.catalina.util.LifecycleBase - Setting state for [StandardPipeline[StandardEngine[Tomcat].StandardHost[localhost].TomcatEmbeddedContext[]]] to [INITIALIZED]
2026-05-03 21:46:45 DEBUG o.apache.catalina.util.LifecycleBase - Setting state for [StandardPipeline[StandardEngine[Tomcat].StandardHost[localhost].TomcatEmbeddedContext[]]] to [STARTING_PREP]
2026-05-03 21:46:45 DEBUG o.apache.catalina.util.LifecycleBase - Setting state for [NonLoginAuthenticator[StandardEngine[Tomcat].StandardHost[localhost].TomcatEmbeddedContext[]]] to [INITIALIZING]
2026-05-03 21:46:45 DEBUG o.apache.catalina.util.LifecycleBase - Setting state for [NonLoginAuthenticator[StandardEngine[Tomcat].StandardHost[localhost].TomcatEmbeddedContext[]]] to [INITIALIZED]
2026-05-03 21:46:45 DEBUG o.apache.catalina.util.LifecycleBase - Setting state for [NonLoginAuthenticator[StandardEngine[Tomcat].StandardHost[localhost].TomcatEmbeddedContext[]]] to [STARTING_PREP]
2026-05-03 21:46:45 DEBUG o.apache.catalina.util.LifecycleBase - Setting state for [NonLoginAuthenticator[StandardEngine[Tomcat].StandardHost[localhost].TomcatEmbeddedContext[]]] to [STARTING]
2026-05-03 21:46:45 DEBUG o.apache.catalina.util.LifecycleBase - Setting state for [NonLoginAuthenticator[StandardEngine[Tomcat].StandardHost[localhost].TomcatEmbeddedContext[]]] to [STARTED]
2026-05-03 21:46:45 DEBUG o.apache.catalina.util.LifecycleBase - Setting state for [StandardContextValve[StandardEngine[Tomcat].StandardHost[localhost].TomcatEmbeddedContext[]]] to [INITIALIZING]
2026-05-03 21:46:45 DEBUG o.apache.catalina.util.LifecycleBase - Setting state for [StandardContextValve[StandardEngine[Tomcat].StandardHost[localhost].TomcatEmbeddedContext[]]] to [INITIALIZED]
2026-05-03 21:46:45 DEBUG o.apache.catalina.util.LifecycleBase - Setting state for [StandardContextValve[StandardEngine[Tomcat].StandardHost[localhost].TomcatEmbeddedContext[]]] to [STARTING_PREP]
2026-05-03 21:46:45 DEBUG o.apache.catalina.util.LifecycleBase - Setting state for [StandardContextValve[StandardEngine[Tomcat].StandardHost[localhost].TomcatEmbeddedContext[]]] to [STARTING]
2026-05-03 21:46:45 DEBUG o.apache.catalina.util.LifecycleBase - Setting state for [StandardContextValve[StandardEngine[Tomcat].StandardHost[localhost].TomcatEmbeddedContext[]]] to [STARTED]
2026-05-03 21:46:45 DEBUG o.apache.catalina.util.LifecycleBase - Setting state for [StandardPipeline[StandardEngine[Tomcat].StandardHost[localhost].TomcatEmbeddedContext[]]] to [STARTING]
2026-05-03 21:46:45 DEBUG o.apache.catalina.util.LifecycleBase - Setting state for [StandardPipeline[StandardEngine[Tomcat].StandardHost[localhost].TomcatEmbeddedContext[]]] to [STARTED]
2026-05-03 21:46:45 DEBUG o.a.catalina.core.StandardContext - No manager found. Checking if cluster manager should be used. Cluster configured: [false], Application distributable: [false]
2026-05-03 21:46:45 DEBUG o.a.catalina.core.StandardContext - Configured a manager of class [org.apache.catalina.session.StandardManager]
2026-05-03 21:46:45 DEBUG o.apache.catalina.util.LifecycleBase - Setting state for [org.apache.catalina.deploy.NamingResourcesImpl@7fbf26fc] to [INITIALIZING]
2026-05-03 21:46:45 DEBUG o.apache.catalina.util.LifecycleBase - Setting state for [org.apache.catalina.deploy.NamingResourcesImpl@7fbf26fc] to [INITIALIZED]
2026-05-03 21:46:45 DEBUG o.apache.catalina.util.LifecycleBase - Setting state for [org.apache.catalina.deploy.NamingResourcesImpl@7fbf26fc] to [STARTING_PREP]
2026-05-03 21:46:45 DEBUG o.apache.catalina.util.LifecycleBase - Setting state for [org.apache.catalina.deploy.NamingResourcesImpl@7fbf26fc] to [STARTING]
2026-05-03 21:46:45 DEBUG o.apache.catalina.util.LifecycleBase - Setting state for [org.apache.catalina.deploy.NamingResourcesImpl@7fbf26fc] to [STARTED]
2026-05-03 21:46:45 INFO  o.a.c.c.C.[Tomcat].[localhost].[/] - Initializing Spring embedded WebApplicationContext
2026-05-03 21:46:46 DEBUG o.apache.catalina.webresources.Cache - Increased cache size by [573] for item [org.apache.catalina.webresources.CachedResource@79b8ecb] at [/WEB-INF/classes/hibernate.properties] making total cache size [1104]
2026-05-03 21:46:47 DEBUG o.apache.catalina.webresources.Cache - Increased cache size by [579] for item [org.apache.catalina.webresources.CachedResource@3c9cfcde] at [/WEB-INF/classes/META-INF/validation.xml] making total cache size [1683]
2026-05-03 21:46:49 DEBUG o.apache.catalina.core.ContainerBase - Add container child [StandardWrapper[dispatcherServlet]] to container [StandardEngine[Tomcat].StandardHost[localhost].TomcatEmbeddedContext[]]
2026-05-03 21:46:49 DEBUG o.apache.catalina.util.LifecycleBase - Setting state for [StandardEngine[Tomcat].StandardHost[localhost].TomcatEmbeddedContext[].StandardWrapper[dispatcherServlet]] to [INITIALIZING]
2026-05-03 21:46:49 DEBUG o.apache.catalina.util.LifecycleBase - Setting state for [StandardEngine[Tomcat].StandardHost[localhost].TomcatEmbeddedContext[].StandardWrapper[dispatcherServlet]] to [INITIALIZED]
2026-05-03 21:46:49 DEBUG o.apache.catalina.util.LifecycleBase - Setting state for [StandardEngine[Tomcat].StandardHost[localhost].TomcatEmbeddedContext[].StandardWrapper[dispatcherServlet]] to [STARTING_PREP]
2026-05-03 21:46:49 DEBUG o.apache.catalina.util.LifecycleBase - Setting state for [StandardPipeline[StandardEngine[Tomcat].StandardHost[localhost].TomcatEmbeddedContext[].StandardWrapper[dispatcherServlet]]] to [INITIALIZING]
2026-05-03 21:46:49 DEBUG o.apache.catalina.util.LifecycleBase - Setting state for [StandardPipeline[StandardEngine[Tomcat].StandardHost[localhost].TomcatEmbeddedContext[].StandardWrapper[dispatcherServlet]]] to [INITIALIZED]
2026-05-03 21:46:49 DEBUG o.apache.catalina.util.LifecycleBase - Setting state for [StandardPipeline[StandardEngine[Tomcat].StandardHost[localhost].TomcatEmbeddedContext[].StandardWrapper[dispatcherServlet]]] to [STARTING_PREP]
2026-05-03 21:46:49 DEBUG o.apache.catalina.util.LifecycleBase - Setting state for [StandardWrapperValve[StandardEngine[Tomcat].StandardHost[localhost].TomcatEmbeddedContext[].StandardWrapper[dispatcherServlet]]] to [INITIALIZING]
2026-05-03 21:46:49 DEBUG o.apache.catalina.util.LifecycleBase - Setting state for [StandardWrapperValve[StandardEngine[Tomcat].StandardHost[localhost].TomcatEmbeddedContext[].StandardWrapper[dispatcherServlet]]] to [INITIALIZED]
2026-05-03 21:46:49 DEBUG o.apache.catalina.util.LifecycleBase - Setting state for [StandardWrapperValve[StandardEngine[Tomcat].StandardHost[localhost].TomcatEmbeddedContext[].StandardWrapper[dispatcherServlet]]] to [STARTING_PREP]
2026-05-03 21:46:49 DEBUG o.apache.catalina.util.LifecycleBase - Setting state for [StandardWrapperValve[StandardEngine[Tomcat].StandardHost[localhost].TomcatEmbeddedContext[].StandardWrapper[dispatcherServlet]]] to [STARTING]
2026-05-03 21:46:49 DEBUG o.apache.catalina.util.LifecycleBase - Setting state for [StandardWrapperValve[StandardEngine[Tomcat].StandardHost[localhost].TomcatEmbeddedContext[].StandardWrapper[dispatcherServlet]]] to [STARTED]
2026-05-03 21:46:49 DEBUG o.apache.catalina.util.LifecycleBase - Setting state for [StandardPipeline[StandardEngine[Tomcat].StandardHost[localhost].TomcatEmbeddedContext[].StandardWrapper[dispatcherServlet]]] to [STARTING]
2026-05-03 21:46:49 DEBUG o.apache.catalina.util.LifecycleBase - Setting state for [StandardPipeline[StandardEngine[Tomcat].StandardHost[localhost].TomcatEmbeddedContext[].StandardWrapper[dispatcherServlet]]] to [STARTED]
2026-05-03 21:46:49 DEBUG o.apache.catalina.util.LifecycleBase - Setting state for [StandardEngine[Tomcat].StandardHost[localhost].TomcatEmbeddedContext[].StandardWrapper[dispatcherServlet]] to [STARTING]
2026-05-03 21:46:49 DEBUG o.apache.catalina.util.LifecycleBase - Setting state for [StandardEngine[Tomcat].StandardHost[localhost].TomcatEmbeddedContext[].StandardWrapper[dispatcherServlet]] to [STARTED]
2026-05-03 21:46:49 DEBUG o.apache.catalina.util.LifecycleBase - Setting state for [StandardManager[StandardEngine[Tomcat].StandardHost[localhost].TomcatEmbeddedContext[]]] to [INITIALIZING]
2026-05-03 21:46:49 DEBUG o.apache.catalina.util.LifecycleBase - Setting state for [StandardManager[StandardEngine[Tomcat].StandardHost[localhost].TomcatEmbeddedContext[]]] to [INITIALIZED]
2026-05-03 21:46:49 DEBUG o.apache.catalina.util.LifecycleBase - Setting state for [StandardManager[StandardEngine[Tomcat].StandardHost[localhost].TomcatEmbeddedContext[]]] to [STARTING_PREP]
2026-05-03 21:46:49 DEBUG o.apache.catalina.util.LifecycleBase - Setting state for [org.springframework.boot.web.embedded.tomcat.LazySessionIdGenerator@44252e9b] to [INITIALIZING]
2026-05-03 21:46:49 DEBUG o.apache.catalina.util.LifecycleBase - Setting state for [org.springframework.boot.web.embedded.tomcat.LazySessionIdGenerator@44252e9b] to [INITIALIZED]
2026-05-03 21:46:49 DEBUG o.apache.catalina.util.LifecycleBase - Setting state for [org.springframework.boot.web.embedded.tomcat.LazySessionIdGenerator@44252e9b] to [STARTING_PREP]
2026-05-03 21:46:49 DEBUG o.apache.catalina.util.LifecycleBase - Setting state for [org.springframework.boot.web.embedded.tomcat.LazySessionIdGenerator@44252e9b] to [STARTING]
2026-05-03 21:46:49 DEBUG o.apache.catalina.util.LifecycleBase - Setting state for [org.springframework.boot.web.embedded.tomcat.LazySessionIdGenerator@44252e9b] to [STARTED]
2026-05-03 21:46:49 DEBUG o.apache.catalina.util.LifecycleBase - Setting state for [StandardManager[StandardEngine[Tomcat].StandardHost[localhost].TomcatEmbeddedContext[]]] to [STARTING]
2026-05-03 21:46:49 DEBUG o.apache.catalina.util.LifecycleBase - Setting state for [StandardManager[StandardEngine[Tomcat].StandardHost[localhost].TomcatEmbeddedContext[]]] to [STARTED]
2026-05-03 21:46:49 DEBUG o.apache.catalina.util.LifecycleBase - Setting state for [StandardEngine[Tomcat].StandardHost[localhost].TomcatEmbeddedContext[]] to [STARTING]
2026-05-03 21:46:49 DEBUG o.apache.catalina.util.LifecycleBase - Setting state for [StandardEngine[Tomcat].StandardHost[localhost].TomcatEmbeddedContext[]] to [STARTED]
2026-05-03 21:46:49 DEBUG o.apache.catalina.util.LifecycleBase - Setting state for [StandardPipeline[StandardEngine[Tomcat].StandardHost[localhost]]] to [INITIALIZING]
2026-05-03 21:46:49 DEBUG o.apache.catalina.util.LifecycleBase - Setting state for [StandardPipeline[StandardEngine[Tomcat].StandardHost[localhost]]] to [INITIALIZED]
2026-05-03 21:46:49 DEBUG o.apache.catalina.util.LifecycleBase - Setting state for [StandardPipeline[StandardEngine[Tomcat].StandardHost[localhost]]] to [STARTING_PREP]
2026-05-03 21:46:49 DEBUG o.apache.catalina.util.LifecycleBase - Setting state for [ErrorReportValve[StandardEngine[Tomcat].StandardHost[localhost]]] to [INITIALIZING]
2026-05-03 21:46:49 DEBUG o.apache.catalina.util.LifecycleBase - Setting state for [ErrorReportValve[StandardEngine[Tomcat].StandardHost[localhost]]] to [INITIALIZED]
2026-05-03 21:46:49 DEBUG o.apache.catalina.util.LifecycleBase - Setting state for [ErrorReportValve[StandardEngine[Tomcat].StandardHost[localhost]]] to [STARTING_PREP]
2026-05-03 21:46:49 DEBUG o.apache.catalina.util.LifecycleBase - Setting state for [ErrorReportValve[StandardEngine[Tomcat].StandardHost[localhost]]] to [STARTING]
2026-05-03 21:46:49 DEBUG o.apache.catalina.util.LifecycleBase - Setting state for [ErrorReportValve[StandardEngine[Tomcat].StandardHost[localhost]]] to [STARTED]
2026-05-03 21:46:49 DEBUG o.apache.catalina.util.LifecycleBase - Setting state for [StandardHostValve[StandardEngine[Tomcat].StandardHost[localhost]]] to [INITIALIZING]
2026-05-03 21:46:49 DEBUG o.apache.catalina.util.LifecycleBase - Setting state for [StandardHostValve[StandardEngine[Tomcat].StandardHost[localhost]]] to [INITIALIZED]
2026-05-03 21:46:49 DEBUG o.apache.catalina.util.LifecycleBase - Setting state for [StandardHostValve[StandardEngine[Tomcat].StandardHost[localhost]]] to [STARTING_PREP]
2026-05-03 21:46:49 DEBUG o.apache.catalina.util.LifecycleBase - Setting state for [StandardHostValve[StandardEngine[Tomcat].StandardHost[localhost]]] to [STARTING]
2026-05-03 21:46:49 DEBUG o.apache.catalina.util.LifecycleBase - Setting state for [StandardHostValve[StandardEngine[Tomcat].StandardHost[localhost]]] to [STARTED]
2026-05-03 21:46:49 DEBUG o.apache.catalina.util.LifecycleBase - Setting state for [StandardPipeline[StandardEngine[Tomcat].StandardHost[localhost]]] to [STARTING]
2026-05-03 21:46:49 DEBUG o.apache.catalina.util.LifecycleBase - Setting state for [StandardPipeline[StandardEngine[Tomcat].StandardHost[localhost]]] to [STARTED]
2026-05-03 21:46:49 DEBUG o.apache.catalina.util.LifecycleBase - Setting state for [StandardEngine[Tomcat].StandardHost[localhost]] to [STARTING]
2026-05-03 21:46:49 DEBUG o.apache.catalina.util.LifecycleBase - Setting state for [StandardEngine[Tomcat].StandardHost[localhost]] to [STARTED]
2026-05-03 21:46:49 DEBUG o.apache.catalina.util.LifecycleBase - Setting state for [StandardPipeline[StandardEngine[Tomcat]]] to [INITIALIZING]
2026-05-03 21:46:49 DEBUG o.apache.catalina.util.LifecycleBase - Setting state for [StandardPipeline[StandardEngine[Tomcat]]] to [INITIALIZED]
2026-05-03 21:46:49 DEBUG o.apache.catalina.util.LifecycleBase - Setting state for [StandardPipeline[StandardEngine[Tomcat]]] to [STARTING_PREP]
2026-05-03 21:46:49 DEBUG o.apache.catalina.util.LifecycleBase - Setting state for [StandardEngineValve[StandardEngine[Tomcat]]] to [INITIALIZING]
2026-05-03 21:46:49 DEBUG o.apache.catalina.util.LifecycleBase - Setting state for [StandardEngineValve[StandardEngine[Tomcat]]] to [INITIALIZED]
2026-05-03 21:46:49 DEBUG o.apache.catalina.util.LifecycleBase - Setting state for [StandardEngineValve[StandardEngine[Tomcat]]] to [STARTING_PREP]
2026-05-03 21:46:49 DEBUG o.apache.catalina.util.LifecycleBase - Setting state for [StandardEngineValve[StandardEngine[Tomcat]]] to [STARTING]
2026-05-03 21:46:49 DEBUG o.apache.catalina.util.LifecycleBase - Setting state for [StandardEngineValve[StandardEngine[Tomcat]]] to [STARTED]
2026-05-03 21:46:49 DEBUG o.apache.catalina.util.LifecycleBase - Setting state for [StandardPipeline[StandardEngine[Tomcat]]] to [STARTING]
2026-05-03 21:46:49 DEBUG o.apache.catalina.util.LifecycleBase - Setting state for [StandardPipeline[StandardEngine[Tomcat]]] to [STARTED]
2026-05-03 21:46:49 DEBUG o.apache.catalina.util.LifecycleBase - Setting state for [StandardEngine[Tomcat]] to [STARTING]
2026-05-03 21:46:49 DEBUG o.apache.catalina.util.LifecycleBase - Setting state for [StandardEngine[Tomcat]] to [STARTED]
2026-05-03 21:46:49 DEBUG o.apache.catalina.util.LifecycleBase - Setting state for [org.apache.catalina.mapper.MapperListener@22d8f4ed] to [STARTING_PREP]
2026-05-03 21:46:49 DEBUG o.apache.catalina.util.LifecycleBase - Setting state for [org.apache.catalina.mapper.MapperListener@22d8f4ed] to [STARTING]
2026-05-03 21:46:49 DEBUG org.apache.catalina.mapper.Mapper - Registered host [localhost]
2026-05-03 21:46:49 DEBUG o.a.catalina.mapper.MapperListener - Register Wrapper [dispatcherServlet] in Context [] for service [StandardService[Tomcat]]
2026-05-03 21:46:49 DEBUG o.a.catalina.mapper.MapperListener - Register Context [] for service [StandardService[Tomcat]]
2026-05-03 21:46:49 DEBUG o.a.catalina.mapper.MapperListener - Register host [localhost] at domain [null] for service [StandardService[Tomcat]]
2026-05-03 21:46:49 DEBUG o.apache.catalina.util.LifecycleBase - Setting state for [org.apache.catalina.mapper.MapperListener@22d8f4ed] to [STARTED]
2026-05-03 21:46:49 DEBUG o.apache.catalina.util.LifecycleBase - Setting state for [StandardService[Tomcat]] to [STARTED]
2026-05-03 21:46:49 DEBUG o.apache.catalina.util.LifecycleBase - Setting state for [StandardServer[-1]] to [STARTED]
2026-05-03 21:46:49 DEBUG o.apache.catalina.webresources.Cache - Increased cache size by [521] for item [org.apache.catalina.webresources.CachedResource@207e3ffd] at [/index.html] making total cache size [2204]
2026-05-03 21:46:49 DEBUG o.apache.catalina.webresources.Cache - Increased cache size by [501] for item [org.apache.catalina.webresources.CachedResource@316987c4] at [/] making total cache size [2705]
2026-05-03 21:46:50 DEBUG o.apache.catalina.util.LifecycleBase - Setting state for [Connector["http-nio-8080"]] to [STARTING_PREP]
2026-05-03 21:46:50 DEBUG o.apache.catalina.util.LifecycleBase - Setting state for [Connector["http-nio-8080"]] to [STARTING]
2026-05-03 21:46:50 INFO  o.a.coyote.http11.Http11NioProtocol - Starting ProtocolHandler ["http-nio-8080"]
2026-05-03 21:46:50 DEBUG o.apache.catalina.util.LifecycleBase - Setting state for [Connector["http-nio-8080"]] to [STARTED]
2026-05-03 21:47:00 DEBUG o.a.coyote.http11.Http11Processor - Error parsing HTTP request header
java.io.EOFException
	at org.apache.tomcat.util.net.NioEndpoint$NioSocketWrapper.fillReadBuffer(NioEndpoint.java:1334)
	at org.apache.tomcat.util.net.NioEndpoint$NioSocketWrapper.read(NioEndpoint.java:1218)
	at org.apache.coyote.http11.Http11InputBuffer.fill(Http11InputBuffer.java:780)
	at org.apache.coyote.http11.Http11InputBuffer.parseRequestLine(Http11InputBuffer.java:345)
	at org.apache.coyote.http11.Http11Processor.service(Http11Processor.java:272)
	at org.apache.coyote.AbstractProcessorLight.process(AbstractProcessorLight.java:63)
	at org.apache.coyote.AbstractProtocol$ConnectionHandler.process(AbstractProtocol.java:903)
	at org.apache.tomcat.util.net.NioEndpoint$SocketProcessor.doRun(NioEndpoint.java:1775)
	at org.apache.tomcat.util.net.SocketProcessorBase.run(SocketProcessorBase.java:52)
	at org.apache.tomcat.util.threads.ThreadPoolExecutor.runWorker(ThreadPoolExecutor.java:973)
	at org.apache.tomcat.util.threads.ThreadPoolExecutor$Worker.run(ThreadPoolExecutor.java:491)
	at org.apache.tomcat.util.threads.TaskThread$WrappingRunnable.run(TaskThread.java:63)
	at java.base/java.lang.Thread.run(Thread.java:1583)
2026-05-03 21:47:00 DEBUG o.a.coyote.http11.Http11Processor - Error state [CLOSE_CONNECTION_NOW] reported while processing request
java.io.EOFException
	at org.apache.tomcat.util.net.NioEndpoint$NioSocketWrapper.fillReadBuffer(NioEndpoint.java:1334)
	at org.apache.tomcat.util.net.NioEndpoint$NioSocketWrapper.read(NioEndpoint.java:1218)
	at org.apache.coyote.http11.Http11InputBuffer.fill(Http11InputBuffer.java:780)
	at org.apache.coyote.http11.Http11InputBuffer.parseRequestLine(Http11InputBuffer.java:345)
	at org.apache.coyote.http11.Http11Processor.service(Http11Processor.java:272)
	at org.apache.coyote.AbstractProcessorLight.process(AbstractProcessorLight.java:63)
	at org.apache.coyote.AbstractProtocol$ConnectionHandler.process(AbstractProtocol.java:903)
	at org.apache.tomcat.util.net.NioEndpoint$SocketProcessor.doRun(NioEndpoint.java:1775)
	at org.apache.tomcat.util.net.SocketProcessorBase.run(SocketProcessorBase.java:52)
	at org.apache.tomcat.util.threads.ThreadPoolExecutor.runWorker(ThreadPoolExecutor.java:973)
	at org.apache.tomcat.util.threads.ThreadPoolExecutor$Worker.run(ThreadPoolExecutor.java:491)
	at org.apache.tomcat.util.threads.TaskThread$WrappingRunnable.run(TaskThread.java:63)
	at java.base/java.lang.Thread.run(Thread.java:1583)
2026-05-03 21:47:00 DEBUG o.a.c.a.jaspic.AuthConfigFactoryImpl - Loading persistent provider registrations from [C:\Users\CyberPirate\AppData\Local\Temp\tomcat.8080.7221550312889073985\conf\jaspic-providers.xml]
2026-05-03 21:47:00 INFO  o.a.c.c.C.[Tomcat].[localhost].[/] - Initializing Spring DispatcherServlet 'dispatcherServlet'
2026-05-03 21:50:37 DEBUG o.a.coyote.http11.Http11Processor - Error parsing HTTP request header
java.io.EOFException
	at org.apache.tomcat.util.net.NioEndpoint$NioSocketWrapper.fillReadBuffer(NioEndpoint.java:1334)
	at org.apache.tomcat.util.net.NioEndpoint$NioSocketWrapper.read(NioEndpoint.java:1218)
	at org.apache.coyote.http11.Http11InputBuffer.fill(Http11InputBuffer.java:780)
	at org.apache.coyote.http11.Http11InputBuffer.parseRequestLine(Http11InputBuffer.java:345)
	at org.apache.coyote.http11.Http11Processor.service(Http11Processor.java:272)
	at org.apache.coyote.AbstractProcessorLight.process(AbstractProcessorLight.java:63)
	at org.apache.coyote.AbstractProtocol$ConnectionHandler.process(AbstractProtocol.java:903)
	at org.apache.tomcat.util.net.NioEndpoint$SocketProcessor.doRun(NioEndpoint.java:1775)
	at org.apache.tomcat.util.net.SocketProcessorBase.run(SocketProcessorBase.java:52)
	at org.apache.tomcat.util.threads.ThreadPoolExecutor.runWorker(ThreadPoolExecutor.java:973)
	at org.apache.tomcat.util.threads.ThreadPoolExecutor$Worker.run(ThreadPoolExecutor.java:491)
	at org.apache.tomcat.util.threads.TaskThread$WrappingRunnable.run(TaskThread.java:63)
	at java.base/java.lang.Thread.run(Thread.java:1583)
2026-05-03 21:50:37 DEBUG o.a.coyote.http11.Http11Processor - Error state [CLOSE_CONNECTION_NOW] reported while processing request
java.io.EOFException
	at org.apache.tomcat.util.net.NioEndpoint$NioSocketWrapper.fillReadBuffer(NioEndpoint.java:1334)
	at org.apache.tomcat.util.net.NioEndpoint$NioSocketWrapper.read(NioEndpoint.java:1218)
	at org.apache.coyote.http11.Http11InputBuffer.fill(Http11InputBuffer.java:780)
	at org.apache.coyote.http11.Http11InputBuffer.parseRequestLine(Http11InputBuffer.java:345)
	at org.apache.coyote.http11.Http11Processor.service(Http11Processor.java:272)
	at org.apache.coyote.AbstractProcessorLight.process(AbstractProcessorLight.java:63)
	at org.apache.coyote.AbstractProtocol$ConnectionHandler.process(AbstractProtocol.java:903)
	at org.apache.tomcat.util.net.NioEndpoint$SocketProcessor.doRun(NioEndpoint.java:1775)
	at org.apache.tomcat.util.net.SocketProcessorBase.run(SocketProcessorBase.java:52)
	at org.apache.tomcat.util.threads.ThreadPoolExecutor.runWorker(ThreadPoolExecutor.java:973)
	at org.apache.tomcat.util.threads.ThreadPoolExecutor$Worker.run(ThreadPoolExecutor.java:491)
	at org.apache.tomcat.util.threads.TaskThread$WrappingRunnable.run(TaskThread.java:63)
	at java.base/java.lang.Thread.run(Thread.java:1583)
2026-05-03 21:53:20 DEBUG o.a.tomcat.util.compat.Jre22Compat - Class not found so assuming code is running on a pre-Java 22 JVM
java.lang.ClassNotFoundException: java.text.ListFormat
	at java.base/jdk.internal.loader.BuiltinClassLoader.loadClass(BuiltinClassLoader.java:641)
	at java.base/jdk.internal.loader.ClassLoaders$AppClassLoader.loadClass(ClassLoaders.java:188)
	at java.base/java.lang.ClassLoader.loadClass(ClassLoader.java:526)
	at java.base/java.lang.Class.forName0(Native Method)
	at java.base/java.lang.Class.forName(Class.java:423)
	at java.base/java.lang.Class.forName(Class.java:414)
	at org.apache.tomcat.util.compat.Jre22Compat.<clinit>(Jre22Compat.java:37)
	at org.apache.tomcat.util.compat.JreCompat.<clinit>(JreCompat.java:75)
	at org.apache.catalina.startup.Tomcat.<clinit>(Tomcat.java:1196)
	at org.springframework.boot.web.embedded.tomcat.TomcatServletWebServerFactory.getWebServer(TomcatServletWebServerFactory.java:200)
	at org.springframework.boot.web.servlet.context.ServletWebServerApplicationContext.createWebServer(ServletWebServerApplicationContext.java:193)
	at org.springframework.boot.web.servlet.context.ServletWebServerApplicationContext.onRefresh(ServletWebServerApplicationContext.java:167)
	at org.springframework.context.support.AbstractApplicationContext.refresh(AbstractApplicationContext.java:622)
	at org.springframework.boot.web.servlet.context.ServletWebServerApplicationContext.refresh(ServletWebServerApplicationContext.java:146)
	at org.springframework.boot.SpringApplication.refresh(SpringApplication.java:752)
	at org.springframework.boot.SpringApplication.refreshContext(SpringApplication.java:439)
	at org.springframework.boot.SpringApplication.run(SpringApplication.java:318)
	at org.springframework.boot.SpringApplication.run(SpringApplication.java:1361)
	at org.springframework.boot.SpringApplication.run(SpringApplication.java:1350)
	at gr.aueb.cf.eduapp.EduAppApplication.main(EduAppApplication.java:12)
2026-05-03 21:53:21 DEBUG o.apache.catalina.core.ContainerBase - Add container child [StandardHost[localhost]] to container [StandardEngine[Tomcat]]
2026-05-03 21:53:21 DEBUG o.apache.catalina.core.ContainerBase - Add container child [TomcatEmbeddedContext[]] to container [StandardEngine[Tomcat].StandardHost[localhost]]
2026-05-03 21:53:21 DEBUG o.apache.catalina.util.LifecycleBase - Setting state for [StandardServer[-1]] to [INITIALIZING]
2026-05-03 21:53:21 DEBUG o.apache.catalina.util.LifecycleBase - Setting state for [org.apache.catalina.deploy.NamingResourcesImpl@67d4c48d] to [INITIALIZING]
2026-05-03 21:53:21 DEBUG o.apache.catalina.util.LifecycleBase - Setting state for [org.apache.catalina.deploy.NamingResourcesImpl@67d4c48d] to [INITIALIZED]
2026-05-03 21:53:21 DEBUG o.apache.catalina.util.LifecycleBase - Setting state for [StandardService[Tomcat]] to [INITIALIZING]
2026-05-03 21:53:21 DEBUG o.apache.catalina.util.LifecycleBase - Setting state for [StandardEngine[Tomcat]] to [INITIALIZING]
2026-05-03 21:53:21 DEBUG o.apache.catalina.util.LifecycleBase - Setting state for [StandardEngine[Tomcat]] to [INITIALIZED]
2026-05-03 21:53:21 DEBUG o.apache.catalina.util.LifecycleBase - Setting state for [org.apache.catalina.mapper.MapperListener@383cb5ce] to [INITIALIZING]
2026-05-03 21:53:21 DEBUG o.apache.catalina.util.LifecycleBase - Setting state for [org.apache.catalina.mapper.MapperListener@383cb5ce] to [INITIALIZED]
2026-05-03 21:53:21 DEBUG o.apache.catalina.util.LifecycleBase - Setting state for [Connector["http-nio-8080"]] to [INITIALIZING]
2026-05-03 21:53:21 INFO  o.a.coyote.http11.Http11NioProtocol - Initializing ProtocolHandler ["http-nio-8080"]
2026-05-03 21:53:21 DEBUG o.apache.catalina.util.LifecycleBase - Setting state for [Connector["http-nio-8080"]] to [INITIALIZED]
2026-05-03 21:53:21 DEBUG o.apache.catalina.util.LifecycleBase - Setting state for [StandardService[Tomcat]] to [INITIALIZED]
2026-05-03 21:53:21 DEBUG o.apache.catalina.util.LifecycleBase - Setting state for [StandardServer[-1]] to [INITIALIZED]
2026-05-03 21:53:21 DEBUG o.apache.catalina.util.LifecycleBase - Setting state for [StandardServer[-1]] to [STARTING_PREP]
2026-05-03 21:53:21 DEBUG o.apache.catalina.util.LifecycleBase - Setting state for [StandardServer[-1]] to [STARTING]
2026-05-03 21:53:21 DEBUG o.apache.catalina.util.LifecycleBase - Setting state for [org.apache.catalina.deploy.NamingResourcesImpl@67d4c48d] to [STARTING_PREP]
2026-05-03 21:53:21 DEBUG o.apache.catalina.util.LifecycleBase - Setting state for [org.apache.catalina.deploy.NamingResourcesImpl@67d4c48d] to [STARTING]
2026-05-03 21:53:21 DEBUG o.apache.catalina.util.LifecycleBase - Setting state for [org.apache.catalina.deploy.NamingResourcesImpl@67d4c48d] to [STARTED]
2026-05-03 21:53:21 DEBUG o.apache.catalina.util.LifecycleBase - Setting state for [StandardService[Tomcat]] to [STARTING_PREP]
2026-05-03 21:53:21 INFO  o.a.catalina.core.StandardService - Starting service [Tomcat]
2026-05-03 21:53:21 DEBUG o.apache.catalina.util.LifecycleBase - Setting state for [StandardService[Tomcat]] to [STARTING]
2026-05-03 21:53:21 DEBUG o.apache.catalina.util.LifecycleBase - Setting state for [StandardEngine[Tomcat]] to [STARTING_PREP]
2026-05-03 21:53:21 INFO  o.a.catalina.core.StandardEngine - Starting Servlet engine: [Apache Tomcat/10.1.52]
2026-05-03 21:53:21 DEBUG o.apache.catalina.util.LifecycleBase - Setting state for [SimpleRealm[StandardEngine[Tomcat]]] to [INITIALIZING]
2026-05-03 21:53:21 DEBUG o.apache.catalina.util.LifecycleBase - Setting state for [SimpleRealm[StandardEngine[Tomcat]]] to [INITIALIZED]
2026-05-03 21:53:21 DEBUG o.apache.catalina.util.LifecycleBase - Setting state for [SimpleRealm[StandardEngine[Tomcat]]] to [STARTING_PREP]
2026-05-03 21:53:21 DEBUG o.apache.catalina.util.LifecycleBase - Setting state for [SimpleRealm[StandardEngine[Tomcat]]] to [STARTING]
2026-05-03 21:53:21 DEBUG o.apache.catalina.util.LifecycleBase - Setting state for [SimpleRealm[StandardEngine[Tomcat]]] to [STARTED]
2026-05-03 21:53:21 DEBUG o.apache.catalina.util.LifecycleBase - Setting state for [StandardEngine[Tomcat].StandardHost[localhost]] to [INITIALIZING]
2026-05-03 21:53:21 DEBUG o.apache.catalina.util.LifecycleBase - Setting state for [StandardEngine[Tomcat].StandardHost[localhost]] to [INITIALIZED]
2026-05-03 21:53:21 DEBUG o.apache.catalina.util.LifecycleBase - Setting state for [StandardEngine[Tomcat].StandardHost[localhost]] to [STARTING_PREP]
2026-05-03 21:53:21 DEBUG o.apache.catalina.util.LifecycleBase - Setting state for [StandardEngine[Tomcat].StandardHost[localhost].TomcatEmbeddedContext[]] to [INITIALIZING]
2026-05-03 21:53:21 DEBUG o.apache.catalina.util.LifecycleBase - Setting state for [StandardEngine[Tomcat].StandardHost[localhost].TomcatEmbeddedContext[]] to [INITIALIZED]
2026-05-03 21:53:21 DEBUG o.apache.catalina.util.LifecycleBase - Setting state for [StandardEngine[Tomcat].StandardHost[localhost].TomcatEmbeddedContext[]] to [STARTING_PREP]
2026-05-03 21:53:21 DEBUG o.apache.catalina.util.LifecycleBase - Setting state for [org.apache.catalina.webresources.StandardRoot@78d23d6a] to [INITIALIZING]
2026-05-03 21:53:21 DEBUG o.apache.catalina.util.LifecycleBase - Setting state for [org.apache.catalina.webresources.StandardRoot@78d23d6a] to [INITIALIZED]
2026-05-03 21:53:21 DEBUG o.apache.catalina.util.LifecycleBase - Setting state for [org.apache.catalina.webresources.StandardRoot@78d23d6a] to [STARTING_PREP]
2026-05-03 21:53:21 DEBUG o.apache.catalina.util.LifecycleBase - Setting state for [org.apache.catalina.webresources.DirResourceSet@16d0e521] to [INITIALIZING]
2026-05-03 21:53:21 DEBUG o.apache.catalina.util.LifecycleBase - Setting state for [org.apache.catalina.webresources.DirResourceSet@16d0e521] to [INITIALIZED]
2026-05-03 21:53:21 DEBUG o.apache.catalina.util.LifecycleBase - Setting state for [org.apache.catalina.webresources.DirResourceSet@16d0e521] to [STARTING_PREP]
2026-05-03 21:53:21 DEBUG o.apache.catalina.util.LifecycleBase - Setting state for [org.apache.catalina.webresources.DirResourceSet@16d0e521] to [STARTING]
2026-05-03 21:53:21 DEBUG o.apache.catalina.util.LifecycleBase - Setting state for [org.apache.catalina.webresources.DirResourceSet@16d0e521] to [STARTED]
2026-05-03 21:53:21 DEBUG o.apache.catalina.util.LifecycleBase - Setting state for [org.apache.catalina.webresources.StandardRoot@78d23d6a] to [STARTING]
2026-05-03 21:53:21 DEBUG o.apache.catalina.util.LifecycleBase - Setting state for [org.apache.catalina.webresources.StandardRoot@78d23d6a] to [STARTED]
2026-05-03 21:53:21 DEBUG o.apache.catalina.util.LifecycleBase - Setting state for [WebappLoader[StandardEngine[Tomcat].StandardHost[localhost].TomcatEmbeddedContext[]]] to [INITIALIZING]
2026-05-03 21:53:21 DEBUG o.apache.catalina.util.LifecycleBase - Setting state for [WebappLoader[StandardEngine[Tomcat].StandardHost[localhost].TomcatEmbeddedContext[]]] to [INITIALIZED]
2026-05-03 21:53:21 DEBUG o.apache.catalina.util.LifecycleBase - Setting state for [WebappLoader[StandardEngine[Tomcat].StandardHost[localhost].TomcatEmbeddedContext[]]] to [STARTING_PREP]
2026-05-03 21:53:21 DEBUG o.a.catalina.loader.WebappLoader - Starting this Loader
2026-05-03 21:53:21 DEBUG o.apache.catalina.webresources.Cache - Increased cache size by [531] for item [org.apache.catalina.webresources.CachedResource@12952aff] at [/WEB-INF/classes] making total cache size [531]
2026-05-03 21:53:21 DEBUG o.apache.catalina.util.LifecycleBase - Setting state for [WebappLoader[StandardEngine[Tomcat].StandardHost[localhost].TomcatEmbeddedContext[]]] to [STARTING]
2026-05-03 21:53:21 DEBUG o.apache.catalina.util.LifecycleBase - Setting state for [WebappLoader[StandardEngine[Tomcat].StandardHost[localhost].TomcatEmbeddedContext[]]] to [STARTED]
2026-05-03 21:53:21 DEBUG o.apache.catalina.util.LifecycleBase - Setting state for [StandardPipeline[StandardEngine[Tomcat].StandardHost[localhost].TomcatEmbeddedContext[]]] to [INITIALIZING]
2026-05-03 21:53:21 DEBUG o.apache.catalina.util.LifecycleBase - Setting state for [StandardPipeline[StandardEngine[Tomcat].StandardHost[localhost].TomcatEmbeddedContext[]]] to [INITIALIZED]
2026-05-03 21:53:21 DEBUG o.apache.catalina.util.LifecycleBase - Setting state for [StandardPipeline[StandardEngine[Tomcat].StandardHost[localhost].TomcatEmbeddedContext[]]] to [STARTING_PREP]
2026-05-03 21:53:21 DEBUG o.apache.catalina.util.LifecycleBase - Setting state for [NonLoginAuthenticator[StandardEngine[Tomcat].StandardHost[localhost].TomcatEmbeddedContext[]]] to [INITIALIZING]
2026-05-03 21:53:21 DEBUG o.apache.catalina.util.LifecycleBase - Setting state for [NonLoginAuthenticator[StandardEngine[Tomcat].StandardHost[localhost].TomcatEmbeddedContext[]]] to [INITIALIZED]
2026-05-03 21:53:21 DEBUG o.apache.catalina.util.LifecycleBase - Setting state for [NonLoginAuthenticator[StandardEngine[Tomcat].StandardHost[localhost].TomcatEmbeddedContext[]]] to [STARTING_PREP]
2026-05-03 21:53:21 DEBUG o.apache.catalina.util.LifecycleBase - Setting state for [NonLoginAuthenticator[StandardEngine[Tomcat].StandardHost[localhost].TomcatEmbeddedContext[]]] to [STARTING]
2026-05-03 21:53:21 DEBUG o.apache.catalina.util.LifecycleBase - Setting state for [NonLoginAuthenticator[StandardEngine[Tomcat].StandardHost[localhost].TomcatEmbeddedContext[]]] to [STARTED]
2026-05-03 21:53:21 DEBUG o.apache.catalina.util.LifecycleBase - Setting state for [StandardContextValve[StandardEngine[Tomcat].StandardHost[localhost].TomcatEmbeddedContext[]]] to [INITIALIZING]
2026-05-03 21:53:21 DEBUG o.apache.catalina.util.LifecycleBase - Setting state for [StandardContextValve[StandardEngine[Tomcat].StandardHost[localhost].TomcatEmbeddedContext[]]] to [INITIALIZED]
2026-05-03 21:53:21 DEBUG o.apache.catalina.util.LifecycleBase - Setting state for [StandardContextValve[StandardEngine[Tomcat].StandardHost[localhost].TomcatEmbeddedContext[]]] to [STARTING_PREP]
2026-05-03 21:53:21 DEBUG o.apache.catalina.util.LifecycleBase - Setting state for [StandardContextValve[StandardEngine[Tomcat].StandardHost[localhost].TomcatEmbeddedContext[]]] to [STARTING]
2026-05-03 21:53:21 DEBUG o.apache.catalina.util.LifecycleBase - Setting state for [StandardContextValve[StandardEngine[Tomcat].StandardHost[localhost].TomcatEmbeddedContext[]]] to [STARTED]
2026-05-03 21:53:21 DEBUG o.apache.catalina.util.LifecycleBase - Setting state for [StandardPipeline[StandardEngine[Tomcat].StandardHost[localhost].TomcatEmbeddedContext[]]] to [STARTING]
2026-05-03 21:53:21 DEBUG o.apache.catalina.util.LifecycleBase - Setting state for [StandardPipeline[StandardEngine[Tomcat].StandardHost[localhost].TomcatEmbeddedContext[]]] to [STARTED]
2026-05-03 21:53:21 DEBUG o.a.catalina.core.StandardContext - No manager found. Checking if cluster manager should be used. Cluster configured: [false], Application distributable: [false]
2026-05-03 21:53:21 DEBUG o.a.catalina.core.StandardContext - Configured a manager of class [org.apache.catalina.session.StandardManager]
2026-05-03 21:53:21 DEBUG o.apache.catalina.util.LifecycleBase - Setting state for [org.apache.catalina.deploy.NamingResourcesImpl@3086f480] to [INITIALIZING]
2026-05-03 21:53:21 DEBUG o.apache.catalina.util.LifecycleBase - Setting state for [org.apache.catalina.deploy.NamingResourcesImpl@3086f480] to [INITIALIZED]
2026-05-03 21:53:21 DEBUG o.apache.catalina.util.LifecycleBase - Setting state for [org.apache.catalina.deploy.NamingResourcesImpl@3086f480] to [STARTING_PREP]
2026-05-03 21:53:21 DEBUG o.apache.catalina.util.LifecycleBase - Setting state for [org.apache.catalina.deploy.NamingResourcesImpl@3086f480] to [STARTING]
2026-05-03 21:53:21 DEBUG o.apache.catalina.util.LifecycleBase - Setting state for [org.apache.catalina.deploy.NamingResourcesImpl@3086f480] to [STARTED]
2026-05-03 21:53:21 INFO  o.a.c.c.C.[Tomcat].[localhost].[/] - Initializing Spring embedded WebApplicationContext
2026-05-03 21:53:23 DEBUG o.apache.catalina.webresources.Cache - Increased cache size by [573] for item [org.apache.catalina.webresources.CachedResource@9880a15] at [/WEB-INF/classes/hibernate.properties] making total cache size [1104]
2026-05-03 21:53:24 DEBUG o.apache.catalina.webresources.Cache - Increased cache size by [579] for item [org.apache.catalina.webresources.CachedResource@7167d81b] at [/WEB-INF/classes/META-INF/validation.xml] making total cache size [1683]
2026-05-03 21:53:26 DEBUG o.apache.catalina.core.ContainerBase - Add container child [StandardWrapper[dispatcherServlet]] to container [StandardEngine[Tomcat].StandardHost[localhost].TomcatEmbeddedContext[]]
2026-05-03 21:53:26 DEBUG o.apache.catalina.util.LifecycleBase - Setting state for [StandardEngine[Tomcat].StandardHost[localhost].TomcatEmbeddedContext[].StandardWrapper[dispatcherServlet]] to [INITIALIZING]
2026-05-03 21:53:26 DEBUG o.apache.catalina.util.LifecycleBase - Setting state for [StandardEngine[Tomcat].StandardHost[localhost].TomcatEmbeddedContext[].StandardWrapper[dispatcherServlet]] to [INITIALIZED]
2026-05-03 21:53:26 DEBUG o.apache.catalina.util.LifecycleBase - Setting state for [StandardEngine[Tomcat].StandardHost[localhost].TomcatEmbeddedContext[].StandardWrapper[dispatcherServlet]] to [STARTING_PREP]
2026-05-03 21:53:26 DEBUG o.apache.catalina.util.LifecycleBase - Setting state for [StandardPipeline[StandardEngine[Tomcat].StandardHost[localhost].TomcatEmbeddedContext[].StandardWrapper[dispatcherServlet]]] to [INITIALIZING]
2026-05-03 21:53:26 DEBUG o.apache.catalina.util.LifecycleBase - Setting state for [StandardPipeline[StandardEngine[Tomcat].StandardHost[localhost].TomcatEmbeddedContext[].StandardWrapper[dispatcherServlet]]] to [INITIALIZED]
2026-05-03 21:53:26 DEBUG o.apache.catalina.util.LifecycleBase - Setting state for [StandardPipeline[StandardEngine[Tomcat].StandardHost[localhost].TomcatEmbeddedContext[].StandardWrapper[dispatcherServlet]]] to [STARTING_PREP]
2026-05-03 21:53:26 DEBUG o.apache.catalina.util.LifecycleBase - Setting state for [StandardWrapperValve[StandardEngine[Tomcat].StandardHost[localhost].TomcatEmbeddedContext[].StandardWrapper[dispatcherServlet]]] to [INITIALIZING]
2026-05-03 21:53:26 DEBUG o.apache.catalina.util.LifecycleBase - Setting state for [StandardWrapperValve[StandardEngine[Tomcat].StandardHost[localhost].TomcatEmbeddedContext[].StandardWrapper[dispatcherServlet]]] to [INITIALIZED]
2026-05-03 21:53:26 DEBUG o.apache.catalina.util.LifecycleBase - Setting state for [StandardWrapperValve[StandardEngine[Tomcat].StandardHost[localhost].TomcatEmbeddedContext[].StandardWrapper[dispatcherServlet]]] to [STARTING_PREP]
2026-05-03 21:53:26 DEBUG o.apache.catalina.util.LifecycleBase - Setting state for [StandardWrapperValve[StandardEngine[Tomcat].StandardHost[localhost].TomcatEmbeddedContext[].StandardWrapper[dispatcherServlet]]] to [STARTING]
2026-05-03 21:53:26 DEBUG o.apache.catalina.util.LifecycleBase - Setting state for [StandardWrapperValve[StandardEngine[Tomcat].StandardHost[localhost].TomcatEmbeddedContext[].StandardWrapper[dispatcherServlet]]] to [STARTED]
2026-05-03 21:53:26 DEBUG o.apache.catalina.util.LifecycleBase - Setting state for [StandardPipeline[StandardEngine[Tomcat].StandardHost[localhost].TomcatEmbeddedContext[].StandardWrapper[dispatcherServlet]]] to [STARTING]
2026-05-03 21:53:26 DEBUG o.apache.catalina.util.LifecycleBase - Setting state for [StandardPipeline[StandardEngine[Tomcat].StandardHost[localhost].TomcatEmbeddedContext[].StandardWrapper[dispatcherServlet]]] to [STARTED]
2026-05-03 21:53:26 DEBUG o.apache.catalina.util.LifecycleBase - Setting state for [StandardEngine[Tomcat].StandardHost[localhost].TomcatEmbeddedContext[].StandardWrapper[dispatcherServlet]] to [STARTING]
2026-05-03 21:53:26 DEBUG o.apache.catalina.util.LifecycleBase - Setting state for [StandardEngine[Tomcat].StandardHost[localhost].TomcatEmbeddedContext[].StandardWrapper[dispatcherServlet]] to [STARTED]
2026-05-03 21:53:26 DEBUG o.apache.catalina.util.LifecycleBase - Setting state for [StandardManager[StandardEngine[Tomcat].StandardHost[localhost].TomcatEmbeddedContext[]]] to [INITIALIZING]
2026-05-03 21:53:26 DEBUG o.apache.catalina.util.LifecycleBase - Setting state for [StandardManager[StandardEngine[Tomcat].StandardHost[localhost].TomcatEmbeddedContext[]]] to [INITIALIZED]
2026-05-03 21:53:26 DEBUG o.apache.catalina.util.LifecycleBase - Setting state for [StandardManager[StandardEngine[Tomcat].StandardHost[localhost].TomcatEmbeddedContext[]]] to [STARTING_PREP]
2026-05-03 21:53:26 DEBUG o.apache.catalina.util.LifecycleBase - Setting state for [org.springframework.boot.web.embedded.tomcat.LazySessionIdGenerator@ece7204] to [INITIALIZING]
2026-05-03 21:53:26 DEBUG o.apache.catalina.util.LifecycleBase - Setting state for [org.springframework.boot.web.embedded.tomcat.LazySessionIdGenerator@ece7204] to [INITIALIZED]
2026-05-03 21:53:26 DEBUG o.apache.catalina.util.LifecycleBase - Setting state for [org.springframework.boot.web.embedded.tomcat.LazySessionIdGenerator@ece7204] to [STARTING_PREP]
2026-05-03 21:53:26 DEBUG o.apache.catalina.util.LifecycleBase - Setting state for [org.springframework.boot.web.embedded.tomcat.LazySessionIdGenerator@ece7204] to [STARTING]
2026-05-03 21:53:26 DEBUG o.apache.catalina.util.LifecycleBase - Setting state for [org.springframework.boot.web.embedded.tomcat.LazySessionIdGenerator@ece7204] to [STARTED]
2026-05-03 21:53:26 DEBUG o.apache.catalina.util.LifecycleBase - Setting state for [StandardManager[StandardEngine[Tomcat].StandardHost[localhost].TomcatEmbeddedContext[]]] to [STARTING]
2026-05-03 21:53:26 DEBUG o.apache.catalina.util.LifecycleBase - Setting state for [StandardManager[StandardEngine[Tomcat].StandardHost[localhost].TomcatEmbeddedContext[]]] to [STARTED]
2026-05-03 21:53:26 DEBUG o.apache.catalina.util.LifecycleBase - Setting state for [StandardEngine[Tomcat].StandardHost[localhost].TomcatEmbeddedContext[]] to [STARTING]
2026-05-03 21:53:26 DEBUG o.apache.catalina.util.LifecycleBase - Setting state for [StandardEngine[Tomcat].StandardHost[localhost].TomcatEmbeddedContext[]] to [STARTED]
2026-05-03 21:53:26 DEBUG o.apache.catalina.util.LifecycleBase - Setting state for [StandardPipeline[StandardEngine[Tomcat].StandardHost[localhost]]] to [INITIALIZING]
2026-05-03 21:53:26 DEBUG o.apache.catalina.util.LifecycleBase - Setting state for [StandardPipeline[StandardEngine[Tomcat].StandardHost[localhost]]] to [INITIALIZED]
2026-05-03 21:53:26 DEBUG o.apache.catalina.util.LifecycleBase - Setting state for [StandardPipeline[StandardEngine[Tomcat].StandardHost[localhost]]] to [STARTING_PREP]
2026-05-03 21:53:26 DEBUG o.apache.catalina.util.LifecycleBase - Setting state for [ErrorReportValve[StandardEngine[Tomcat].StandardHost[localhost]]] to [INITIALIZING]
2026-05-03 21:53:26 DEBUG o.apache.catalina.util.LifecycleBase - Setting state for [ErrorReportValve[StandardEngine[Tomcat].StandardHost[localhost]]] to [INITIALIZED]
2026-05-03 21:53:26 DEBUG o.apache.catalina.util.LifecycleBase - Setting state for [ErrorReportValve[StandardEngine[Tomcat].StandardHost[localhost]]] to [STARTING_PREP]
2026-05-03 21:53:26 DEBUG o.apache.catalina.util.LifecycleBase - Setting state for [ErrorReportValve[StandardEngine[Tomcat].StandardHost[localhost]]] to [STARTING]
2026-05-03 21:53:26 DEBUG o.apache.catalina.util.LifecycleBase - Setting state for [ErrorReportValve[StandardEngine[Tomcat].StandardHost[localhost]]] to [STARTED]
2026-05-03 21:53:26 DEBUG o.apache.catalina.util.LifecycleBase - Setting state for [StandardHostValve[StandardEngine[Tomcat].StandardHost[localhost]]] to [INITIALIZING]
2026-05-03 21:53:26 DEBUG o.apache.catalina.util.LifecycleBase - Setting state for [StandardHostValve[StandardEngine[Tomcat].StandardHost[localhost]]] to [INITIALIZED]
2026-05-03 21:53:26 DEBUG o.apache.catalina.util.LifecycleBase - Setting state for [StandardHostValve[StandardEngine[Tomcat].StandardHost[localhost]]] to [STARTING_PREP]
2026-05-03 21:53:26 DEBUG o.apache.catalina.util.LifecycleBase - Setting state for [StandardHostValve[StandardEngine[Tomcat].StandardHost[localhost]]] to [STARTING]
2026-05-03 21:53:26 DEBUG o.apache.catalina.util.LifecycleBase - Setting state for [StandardHostValve[StandardEngine[Tomcat].StandardHost[localhost]]] to [STARTED]
2026-05-03 21:53:26 DEBUG o.apache.catalina.util.LifecycleBase - Setting state for [StandardPipeline[StandardEngine[Tomcat].StandardHost[localhost]]] to [STARTING]
2026-05-03 21:53:26 DEBUG o.apache.catalina.util.LifecycleBase - Setting state for [StandardPipeline[StandardEngine[Tomcat].StandardHost[localhost]]] to [STARTED]
2026-05-03 21:53:26 DEBUG o.apache.catalina.util.LifecycleBase - Setting state for [StandardEngine[Tomcat].StandardHost[localhost]] to [STARTING]
2026-05-03 21:53:26 DEBUG o.apache.catalina.util.LifecycleBase - Setting state for [StandardEngine[Tomcat].StandardHost[localhost]] to [STARTED]
2026-05-03 21:53:26 DEBUG o.apache.catalina.util.LifecycleBase - Setting state for [StandardPipeline[StandardEngine[Tomcat]]] to [INITIALIZING]
2026-05-03 21:53:26 DEBUG o.apache.catalina.util.LifecycleBase - Setting state for [StandardPipeline[StandardEngine[Tomcat]]] to [INITIALIZED]
2026-05-03 21:53:26 DEBUG o.apache.catalina.util.LifecycleBase - Setting state for [StandardPipeline[StandardEngine[Tomcat]]] to [STARTING_PREP]
2026-05-03 21:53:26 DEBUG o.apache.catalina.util.LifecycleBase - Setting state for [StandardEngineValve[StandardEngine[Tomcat]]] to [INITIALIZING]
2026-05-03 21:53:26 DEBUG o.apache.catalina.util.LifecycleBase - Setting state for [StandardEngineValve[StandardEngine[Tomcat]]] to [INITIALIZED]
2026-05-03 21:53:26 DEBUG o.apache.catalina.util.LifecycleBase - Setting state for [StandardEngineValve[StandardEngine[Tomcat]]] to [STARTING_PREP]
2026-05-03 21:53:26 DEBUG o.apache.catalina.util.LifecycleBase - Setting state for [StandardEngineValve[StandardEngine[Tomcat]]] to [STARTING]
2026-05-03 21:53:26 DEBUG o.apache.catalina.util.LifecycleBase - Setting state for [StandardEngineValve[StandardEngine[Tomcat]]] to [STARTED]
2026-05-03 21:53:26 DEBUG o.apache.catalina.util.LifecycleBase - Setting state for [StandardPipeline[StandardEngine[Tomcat]]] to [STARTING]
2026-05-03 21:53:26 DEBUG o.apache.catalina.util.LifecycleBase - Setting state for [StandardPipeline[StandardEngine[Tomcat]]] to [STARTED]
2026-05-03 21:53:26 DEBUG o.apache.catalina.util.LifecycleBase - Setting state for [StandardEngine[Tomcat]] to [STARTING]
2026-05-03 21:53:26 DEBUG o.apache.catalina.util.LifecycleBase - Setting state for [StandardEngine[Tomcat]] to [STARTED]
2026-05-03 21:53:26 DEBUG o.apache.catalina.util.LifecycleBase - Setting state for [org.apache.catalina.mapper.MapperListener@383cb5ce] to [STARTING_PREP]
2026-05-03 21:53:26 DEBUG o.apache.catalina.util.LifecycleBase - Setting state for [org.apache.catalina.mapper.MapperListener@383cb5ce] to [STARTING]
2026-05-03 21:53:26 DEBUG org.apache.catalina.mapper.Mapper - Registered host [localhost]
2026-05-03 21:53:26 DEBUG o.a.catalina.mapper.MapperListener - Register Wrapper [dispatcherServlet] in Context [] for service [StandardService[Tomcat]]
2026-05-03 21:53:26 DEBUG o.a.catalina.mapper.MapperListener - Register Context [] for service [StandardService[Tomcat]]
2026-05-03 21:53:26 DEBUG o.a.catalina.mapper.MapperListener - Register host [localhost] at domain [null] for service [StandardService[Tomcat]]
2026-05-03 21:53:26 DEBUG o.apache.catalina.util.LifecycleBase - Setting state for [org.apache.catalina.mapper.MapperListener@383cb5ce] to [STARTED]
2026-05-03 21:53:26 DEBUG o.apache.catalina.util.LifecycleBase - Setting state for [StandardService[Tomcat]] to [STARTED]
2026-05-03 21:53:26 DEBUG o.apache.catalina.util.LifecycleBase - Setting state for [StandardServer[-1]] to [STARTED]
2026-05-03 21:53:26 DEBUG o.apache.catalina.webresources.Cache - Increased cache size by [521] for item [org.apache.catalina.webresources.CachedResource@70c3c5d7] at [/index.html] making total cache size [2204]
2026-05-03 21:53:27 DEBUG o.apache.catalina.webresources.Cache - Increased cache size by [501] for item [org.apache.catalina.webresources.CachedResource@7720334e] at [/] making total cache size [2705]
2026-05-03 21:53:27 DEBUG o.apache.catalina.util.LifecycleBase - Setting state for [Connector["http-nio-8080"]] to [STARTING_PREP]
2026-05-03 21:53:27 DEBUG o.apache.catalina.util.LifecycleBase - Setting state for [Connector["http-nio-8080"]] to [STARTING]
2026-05-03 21:53:27 INFO  o.a.coyote.http11.Http11NioProtocol - Starting ProtocolHandler ["http-nio-8080"]
2026-05-03 21:53:27 DEBUG o.apache.catalina.util.LifecycleBase - Setting state for [Connector["http-nio-8080"]] to [STARTED]
2026-05-03 21:53:31 DEBUG o.a.coyote.http11.Http11Processor - Error parsing HTTP request header
java.io.EOFException
	at org.apache.tomcat.util.net.NioEndpoint$NioSocketWrapper.fillReadBuffer(NioEndpoint.java:1334)
	at org.apache.tomcat.util.net.NioEndpoint$NioSocketWrapper.read(NioEndpoint.java:1218)
	at org.apache.coyote.http11.Http11InputBuffer.fill(Http11InputBuffer.java:780)
	at org.apache.coyote.http11.Http11InputBuffer.parseRequestLine(Http11InputBuffer.java:345)
	at org.apache.coyote.http11.Http11Processor.service(Http11Processor.java:272)
	at org.apache.coyote.AbstractProcessorLight.process(AbstractProcessorLight.java:63)
	at org.apache.coyote.AbstractProtocol$ConnectionHandler.process(AbstractProtocol.java:903)
	at org.apache.tomcat.util.net.NioEndpoint$SocketProcessor.doRun(NioEndpoint.java:1775)
	at org.apache.tomcat.util.net.SocketProcessorBase.run(SocketProcessorBase.java:52)
	at org.apache.tomcat.util.threads.ThreadPoolExecutor.runWorker(ThreadPoolExecutor.java:973)
	at org.apache.tomcat.util.threads.ThreadPoolExecutor$Worker.run(ThreadPoolExecutor.java:491)
	at org.apache.tomcat.util.threads.TaskThread$WrappingRunnable.run(TaskThread.java:63)
	at java.base/java.lang.Thread.run(Thread.java:1583)
2026-05-03 21:53:31 DEBUG o.a.coyote.http11.Http11Processor - Error state [CLOSE_CONNECTION_NOW] reported while processing request
java.io.EOFException
	at org.apache.tomcat.util.net.NioEndpoint$NioSocketWrapper.fillReadBuffer(NioEndpoint.java:1334)
	at org.apache.tomcat.util.net.NioEndpoint$NioSocketWrapper.read(NioEndpoint.java:1218)
	at org.apache.coyote.http11.Http11InputBuffer.fill(Http11InputBuffer.java:780)
	at org.apache.coyote.http11.Http11InputBuffer.parseRequestLine(Http11InputBuffer.java:345)
	at org.apache.coyote.http11.Http11Processor.service(Http11Processor.java:272)
	at org.apache.coyote.AbstractProcessorLight.process(AbstractProcessorLight.java:63)
	at org.apache.coyote.AbstractProtocol$ConnectionHandler.process(AbstractProtocol.java:903)
	at org.apache.tomcat.util.net.NioEndpoint$SocketProcessor.doRun(NioEndpoint.java:1775)
	at org.apache.tomcat.util.net.SocketProcessorBase.run(SocketProcessorBase.java:52)
	at org.apache.tomcat.util.threads.ThreadPoolExecutor.runWorker(ThreadPoolExecutor.java:973)
	at org.apache.tomcat.util.threads.ThreadPoolExecutor$Worker.run(ThreadPoolExecutor.java:491)
	at org.apache.tomcat.util.threads.TaskThread$WrappingRunnable.run(TaskThread.java:63)
	at java.base/java.lang.Thread.run(Thread.java:1583)
2026-05-03 21:53:31 DEBUG o.a.c.a.jaspic.AuthConfigFactoryImpl - Loading persistent provider registrations from [C:\Users\CyberPirate\AppData\Local\Temp\tomcat.8080.9411847507399640020\conf\jaspic-providers.xml]
2026-05-03 21:53:31 INFO  o.a.c.c.C.[Tomcat].[localhost].[/] - Initializing Spring DispatcherServlet 'dispatcherServlet'
2026-05-03 21:55:02 DEBUG o.a.coyote.http11.Http11Processor - Error parsing HTTP request header
java.io.EOFException
	at org.apache.tomcat.util.net.NioEndpoint$NioSocketWrapper.fillReadBuffer(NioEndpoint.java:1334)
	at org.apache.tomcat.util.net.NioEndpoint$NioSocketWrapper.read(NioEndpoint.java:1218)
	at org.apache.coyote.http11.Http11InputBuffer.fill(Http11InputBuffer.java:780)
	at org.apache.coyote.http11.Http11InputBuffer.parseRequestLine(Http11InputBuffer.java:345)
	at org.apache.coyote.http11.Http11Processor.service(Http11Processor.java:272)
	at org.apache.coyote.AbstractProcessorLight.process(AbstractProcessorLight.java:63)
	at org.apache.coyote.AbstractProtocol$ConnectionHandler.process(AbstractProtocol.java:903)
	at org.apache.tomcat.util.net.NioEndpoint$SocketProcessor.doRun(NioEndpoint.java:1775)
	at org.apache.tomcat.util.net.SocketProcessorBase.run(SocketProcessorBase.java:52)
	at org.apache.tomcat.util.threads.ThreadPoolExecutor.runWorker(ThreadPoolExecutor.java:973)
	at org.apache.tomcat.util.threads.ThreadPoolExecutor$Worker.run(ThreadPoolExecutor.java:491)
	at org.apache.tomcat.util.threads.TaskThread$WrappingRunnable.run(TaskThread.java:63)
	at java.base/java.lang.Thread.run(Thread.java:1583)
2026-05-03 21:55:02 DEBUG o.a.coyote.http11.Http11Processor - Error state [CLOSE_CONNECTION_NOW] reported while processing request
java.io.EOFException
	at org.apache.tomcat.util.net.NioEndpoint$NioSocketWrapper.fillReadBuffer(NioEndpoint.java:1334)
	at org.apache.tomcat.util.net.NioEndpoint$NioSocketWrapper.read(NioEndpoint.java:1218)
	at org.apache.coyote.http11.Http11InputBuffer.fill(Http11InputBuffer.java:780)
	at org.apache.coyote.http11.Http11InputBuffer.parseRequestLine(Http11InputBuffer.java:345)
	at org.apache.coyote.http11.Http11Processor.service(Http11Processor.java:272)
	at org.apache.coyote.AbstractProcessorLight.process(AbstractProcessorLight.java:63)
	at org.apache.coyote.AbstractProtocol$ConnectionHandler.process(AbstractProtocol.java:903)
	at org.apache.tomcat.util.net.NioEndpoint$SocketProcessor.doRun(NioEndpoint.java:1775)
	at org.apache.tomcat.util.net.SocketProcessorBase.run(SocketProcessorBase.java:52)
	at org.apache.tomcat.util.threads.ThreadPoolExecutor.runWorker(ThreadPoolExecutor.java:973)
	at org.apache.tomcat.util.threads.ThreadPoolExecutor$Worker.run(ThreadPoolExecutor.java:491)
	at org.apache.tomcat.util.threads.TaskThread$WrappingRunnable.run(TaskThread.java:63)
	at java.base/java.lang.Thread.run(Thread.java:1583)
2026-05-03 21:56:58 DEBUG o.a.coyote.http11.Http11Processor - Error parsing HTTP request header
java.io.EOFException
	at org.apache.tomcat.util.net.NioEndpoint$NioSocketWrapper.fillReadBuffer(NioEndpoint.java:1334)
	at org.apache.tomcat.util.net.NioEndpoint$NioSocketWrapper.read(NioEndpoint.java:1218)
	at org.apache.coyote.http11.Http11InputBuffer.fill(Http11InputBuffer.java:780)
	at org.apache.coyote.http11.Http11InputBuffer.parseRequestLine(Http11InputBuffer.java:345)
	at org.apache.coyote.http11.Http11Processor.service(Http11Processor.java:272)
	at org.apache.coyote.AbstractProcessorLight.process(AbstractProcessorLight.java:63)
	at org.apache.coyote.AbstractProtocol$ConnectionHandler.process(AbstractProtocol.java:903)
	at org.apache.tomcat.util.net.NioEndpoint$SocketProcessor.doRun(NioEndpoint.java:1775)
	at org.apache.tomcat.util.net.SocketProcessorBase.run(SocketProcessorBase.java:52)
	at org.apache.tomcat.util.threads.ThreadPoolExecutor.runWorker(ThreadPoolExecutor.java:973)
	at org.apache.tomcat.util.threads.ThreadPoolExecutor$Worker.run(ThreadPoolExecutor.java:491)
	at org.apache.tomcat.util.threads.TaskThread$WrappingRunnable.run(TaskThread.java:63)
	at java.base/java.lang.Thread.run(Thread.java:1583)
2026-05-03 21:56:58 DEBUG o.a.coyote.http11.Http11Processor - Error state [CLOSE_CONNECTION_NOW] reported while processing request
java.io.EOFException
	at org.apache.tomcat.util.net.NioEndpoint$NioSocketWrapper.fillReadBuffer(NioEndpoint.java:1334)
	at org.apache.tomcat.util.net.NioEndpoint$NioSocketWrapper.read(NioEndpoint.java:1218)
	at org.apache.coyote.http11.Http11InputBuffer.fill(Http11InputBuffer.java:780)
	at org.apache.coyote.http11.Http11InputBuffer.parseRequestLine(Http11InputBuffer.java:345)
	at org.apache.coyote.http11.Http11Processor.service(Http11Processor.java:272)
	at org.apache.coyote.AbstractProcessorLight.process(AbstractProcessorLight.java:63)
	at org.apache.coyote.AbstractProtocol$ConnectionHandler.process(AbstractProtocol.java:903)
	at org.apache.tomcat.util.net.NioEndpoint$SocketProcessor.doRun(NioEndpoint.java:1775)
	at org.apache.tomcat.util.net.SocketProcessorBase.run(SocketProcessorBase.java:52)
	at org.apache.tomcat.util.threads.ThreadPoolExecutor.runWorker(ThreadPoolExecutor.java:973)
	at org.apache.tomcat.util.threads.ThreadPoolExecutor$Worker.run(ThreadPoolExecutor.java:491)
	at org.apache.tomcat.util.threads.TaskThread$WrappingRunnable.run(TaskThread.java:63)
	at java.base/java.lang.Thread.run(Thread.java:1583)
2026-05-03 22:03:42 DEBUG o.a.coyote.http11.Http11Processor - Error parsing HTTP request header
java.io.EOFException
	at org.apache.tomcat.util.net.NioEndpoint$NioSocketWrapper.fillReadBuffer(NioEndpoint.java:1334)
	at org.apache.tomcat.util.net.NioEndpoint$NioSocketWrapper.read(NioEndpoint.java:1218)
	at org.apache.coyote.http11.Http11InputBuffer.fill(Http11InputBuffer.java:780)
	at org.apache.coyote.http11.Http11InputBuffer.parseRequestLine(Http11InputBuffer.java:345)
	at org.apache.coyote.http11.Http11Processor.service(Http11Processor.java:272)
	at org.apache.coyote.AbstractProcessorLight.process(AbstractProcessorLight.java:63)
	at org.apache.coyote.AbstractProtocol$ConnectionHandler.process(AbstractProtocol.java:903)
	at org.apache.tomcat.util.net.NioEndpoint$SocketProcessor.doRun(NioEndpoint.java:1775)
	at org.apache.tomcat.util.net.SocketProcessorBase.run(SocketProcessorBase.java:52)
	at org.apache.tomcat.util.threads.ThreadPoolExecutor.runWorker(ThreadPoolExecutor.java:973)
	at org.apache.tomcat.util.threads.ThreadPoolExecutor$Worker.run(ThreadPoolExecutor.java:491)
	at org.apache.tomcat.util.threads.TaskThread$WrappingRunnable.run(TaskThread.java:63)
	at java.base/java.lang.Thread.run(Thread.java:1583)
2026-05-03 22:03:42 DEBUG o.a.coyote.http11.Http11Processor - Error state [CLOSE_CONNECTION_NOW] reported while processing request
java.io.EOFException
	at org.apache.tomcat.util.net.NioEndpoint$NioSocketWrapper.fillReadBuffer(NioEndpoint.java:1334)
	at org.apache.tomcat.util.net.NioEndpoint$NioSocketWrapper.read(NioEndpoint.java:1218)
	at org.apache.coyote.http11.Http11InputBuffer.fill(Http11InputBuffer.java:780)
	at org.apache.coyote.http11.Http11InputBuffer.parseRequestLine(Http11InputBuffer.java:345)
	at org.apache.coyote.http11.Http11Processor.service(Http11Processor.java:272)
	at org.apache.coyote.AbstractProcessorLight.process(AbstractProcessorLight.java:63)
	at org.apache.coyote.AbstractProtocol$ConnectionHandler.process(AbstractProtocol.java:903)
	at org.apache.tomcat.util.net.NioEndpoint$SocketProcessor.doRun(NioEndpoint.java:1775)
	at org.apache.tomcat.util.net.SocketProcessorBase.run(SocketProcessorBase.java:52)
	at org.apache.tomcat.util.threads.ThreadPoolExecutor.runWorker(ThreadPoolExecutor.java:973)
	at org.apache.tomcat.util.threads.ThreadPoolExecutor$Worker.run(ThreadPoolExecutor.java:491)
	at org.apache.tomcat.util.threads.TaskThread$WrappingRunnable.run(TaskThread.java:63)
	at java.base/java.lang.Thread.run(Thread.java:1583)
2026-05-03 22:06:41 DEBUG o.a.coyote.http11.Http11Processor - Error parsing HTTP request header
java.io.EOFException
	at org.apache.tomcat.util.net.NioEndpoint$NioSocketWrapper.fillReadBuffer(NioEndpoint.java:1334)
	at org.apache.tomcat.util.net.NioEndpoint$NioSocketWrapper.read(NioEndpoint.java:1218)
	at org.apache.coyote.http11.Http11InputBuffer.fill(Http11InputBuffer.java:780)
	at org.apache.coyote.http11.Http11InputBuffer.parseRequestLine(Http11InputBuffer.java:345)
	at org.apache.coyote.http11.Http11Processor.service(Http11Processor.java:272)
	at org.apache.coyote.AbstractProcessorLight.process(AbstractProcessorLight.java:63)
	at org.apache.coyote.AbstractProtocol$ConnectionHandler.process(AbstractProtocol.java:903)
	at org.apache.tomcat.util.net.NioEndpoint$SocketProcessor.doRun(NioEndpoint.java:1775)
	at org.apache.tomcat.util.net.SocketProcessorBase.run(SocketProcessorBase.java:52)
	at org.apache.tomcat.util.threads.ThreadPoolExecutor.runWorker(ThreadPoolExecutor.java:973)
	at org.apache.tomcat.util.threads.ThreadPoolExecutor$Worker.run(ThreadPoolExecutor.java:491)
	at org.apache.tomcat.util.threads.TaskThread$WrappingRunnable.run(TaskThread.java:63)
	at java.base/java.lang.Thread.run(Thread.java:1583)
2026-05-03 22:06:41 DEBUG o.a.coyote.http11.Http11Processor - Error state [CLOSE_CONNECTION_NOW] reported while processing request
java.io.EOFException
	at org.apache.tomcat.util.net.NioEndpoint$NioSocketWrapper.fillReadBuffer(NioEndpoint.java:1334)
	at org.apache.tomcat.util.net.NioEndpoint$NioSocketWrapper.read(NioEndpoint.java:1218)
	at org.apache.coyote.http11.Http11InputBuffer.fill(Http11InputBuffer.java:780)
	at org.apache.coyote.http11.Http11InputBuffer.parseRequestLine(Http11InputBuffer.java:345)
	at org.apache.coyote.http11.Http11Processor.service(Http11Processor.java:272)
	at org.apache.coyote.AbstractProcessorLight.process(AbstractProcessorLight.java:63)
	at org.apache.coyote.AbstractProtocol$ConnectionHandler.process(AbstractProtocol.java:903)
	at org.apache.tomcat.util.net.NioEndpoint$SocketProcessor.doRun(NioEndpoint.java:1775)
	at org.apache.tomcat.util.net.SocketProcessorBase.run(SocketProcessorBase.java:52)
	at org.apache.tomcat.util.threads.ThreadPoolExecutor.runWorker(ThreadPoolExecutor.java:973)
	at org.apache.tomcat.util.threads.ThreadPoolExecutor$Worker.run(ThreadPoolExecutor.java:491)
	at org.apache.tomcat.util.threads.TaskThread$WrappingRunnable.run(TaskThread.java:63)
	at java.base/java.lang.Thread.run(Thread.java:1583)
2026-05-03 22:13:09 DEBUG o.a.coyote.http11.Http11Processor - Error parsing HTTP request header
java.io.EOFException
	at org.apache.tomcat.util.net.NioEndpoint$NioSocketWrapper.fillReadBuffer(NioEndpoint.java:1334)
	at org.apache.tomcat.util.net.NioEndpoint$NioSocketWrapper.read(NioEndpoint.java:1218)
	at org.apache.coyote.http11.Http11InputBuffer.fill(Http11InputBuffer.java:780)
	at org.apache.coyote.http11.Http11InputBuffer.parseRequestLine(Http11InputBuffer.java:345)
	at org.apache.coyote.http11.Http11Processor.service(Http11Processor.java:272)
	at org.apache.coyote.AbstractProcessorLight.process(AbstractProcessorLight.java:63)
	at org.apache.coyote.AbstractProtocol$ConnectionHandler.process(AbstractProtocol.java:903)
	at org.apache.tomcat.util.net.NioEndpoint$SocketProcessor.doRun(NioEndpoint.java:1775)
	at org.apache.tomcat.util.net.SocketProcessorBase.run(SocketProcessorBase.java:52)
	at org.apache.tomcat.util.threads.ThreadPoolExecutor.runWorker(ThreadPoolExecutor.java:973)
	at org.apache.tomcat.util.threads.ThreadPoolExecutor$Worker.run(ThreadPoolExecutor.java:491)
	at org.apache.tomcat.util.threads.TaskThread$WrappingRunnable.run(TaskThread.java:63)
	at java.base/java.lang.Thread.run(Thread.java:1583)
2026-05-03 22:13:09 DEBUG o.a.coyote.http11.Http11Processor - Error state [CLOSE_CONNECTION_NOW] reported while processing request
java.io.EOFException
	at org.apache.tomcat.util.net.NioEndpoint$NioSocketWrapper.fillReadBuffer(NioEndpoint.java:1334)
	at org.apache.tomcat.util.net.NioEndpoint$NioSocketWrapper.read(NioEndpoint.java:1218)
	at org.apache.coyote.http11.Http11InputBuffer.fill(Http11InputBuffer.java:780)
	at org.apache.coyote.http11.Http11InputBuffer.parseRequestLine(Http11InputBuffer.java:345)
	at org.apache.coyote.http11.Http11Processor.service(Http11Processor.java:272)
	at org.apache.coyote.AbstractProcessorLight.process(AbstractProcessorLight.java:63)
	at org.apache.coyote.AbstractProtocol$ConnectionHandler.process(AbstractProtocol.java:903)
	at org.apache.tomcat.util.net.NioEndpoint$SocketProcessor.doRun(NioEndpoint.java:1775)
	at org.apache.tomcat.util.net.SocketProcessorBase.run(SocketProcessorBase.java:52)
	at org.apache.tomcat.util.threads.ThreadPoolExecutor.runWorker(ThreadPoolExecutor.java:973)
	at org.apache.tomcat.util.threads.ThreadPoolExecutor$Worker.run(ThreadPoolExecutor.java:491)
	at org.apache.tomcat.util.threads.TaskThread$WrappingRunnable.run(TaskThread.java:63)
	at java.base/java.lang.Thread.run(Thread.java:1583)
2026-05-03 22:13:31 DEBUG o.a.tomcat.util.compat.Jre22Compat - Class not found so assuming code is running on a pre-Java 22 JVM
java.lang.ClassNotFoundException: java.text.ListFormat
	at java.base/jdk.internal.loader.BuiltinClassLoader.loadClass(BuiltinClassLoader.java:641)
	at java.base/jdk.internal.loader.ClassLoaders$AppClassLoader.loadClass(ClassLoaders.java:188)
	at java.base/java.lang.ClassLoader.loadClass(ClassLoader.java:526)
	at java.base/java.lang.Class.forName0(Native Method)
	at java.base/java.lang.Class.forName(Class.java:423)
	at java.base/java.lang.Class.forName(Class.java:414)
	at org.apache.tomcat.util.compat.Jre22Compat.<clinit>(Jre22Compat.java:37)
	at org.apache.tomcat.util.compat.JreCompat.<clinit>(JreCompat.java:75)
	at org.apache.catalina.startup.Tomcat.<clinit>(Tomcat.java:1196)
	at org.springframework.boot.web.embedded.tomcat.TomcatServletWebServerFactory.getWebServer(TomcatServletWebServerFactory.java:200)
	at org.springframework.boot.web.servlet.context.ServletWebServerApplicationContext.createWebServer(ServletWebServerApplicationContext.java:193)
	at org.springframework.boot.web.servlet.context.ServletWebServerApplicationContext.onRefresh(ServletWebServerApplicationContext.java:167)
	at org.springframework.context.support.AbstractApplicationContext.refresh(AbstractApplicationContext.java:622)
	at org.springframework.boot.web.servlet.context.ServletWebServerApplicationContext.refresh(ServletWebServerApplicationContext.java:146)
	at org.springframework.boot.SpringApplication.refresh(SpringApplication.java:752)
	at org.springframework.boot.SpringApplication.refreshContext(SpringApplication.java:439)
	at org.springframework.boot.SpringApplication.run(SpringApplication.java:318)
	at org.springframework.boot.SpringApplication.run(SpringApplication.java:1361)
	at org.springframework.boot.SpringApplication.run(SpringApplication.java:1350)
	at gr.aueb.cf.eduapp.EduAppApplication.main(EduAppApplication.java:12)
2026-05-03 22:13:31 DEBUG o.apache.catalina.core.ContainerBase - Add container child [StandardHost[localhost]] to container [StandardEngine[Tomcat]]
2026-05-03 22:13:31 DEBUG o.apache.catalina.core.ContainerBase - Add container child [TomcatEmbeddedContext[]] to container [StandardEngine[Tomcat].StandardHost[localhost]]
2026-05-03 22:13:31 DEBUG o.apache.catalina.util.LifecycleBase - Setting state for [StandardServer[-1]] to [INITIALIZING]
2026-05-03 22:13:31 DEBUG o.apache.catalina.util.LifecycleBase - Setting state for [org.apache.catalina.deploy.NamingResourcesImpl@43da0955] to [INITIALIZING]
2026-05-03 22:13:31 DEBUG o.apache.catalina.util.LifecycleBase - Setting state for [org.apache.catalina.deploy.NamingResourcesImpl@43da0955] to [INITIALIZED]
2026-05-03 22:13:31 DEBUG o.apache.catalina.util.LifecycleBase - Setting state for [StandardService[Tomcat]] to [INITIALIZING]
2026-05-03 22:13:31 DEBUG o.apache.catalina.util.LifecycleBase - Setting state for [StandardEngine[Tomcat]] to [INITIALIZING]
2026-05-03 22:13:31 DEBUG o.apache.catalina.util.LifecycleBase - Setting state for [StandardEngine[Tomcat]] to [INITIALIZED]
2026-05-03 22:13:31 DEBUG o.apache.catalina.util.LifecycleBase - Setting state for [org.apache.catalina.mapper.MapperListener@467045c4] to [INITIALIZING]
2026-05-03 22:13:31 DEBUG o.apache.catalina.util.LifecycleBase - Setting state for [org.apache.catalina.mapper.MapperListener@467045c4] to [INITIALIZED]
2026-05-03 22:13:31 DEBUG o.apache.catalina.util.LifecycleBase - Setting state for [Connector["http-nio-8080"]] to [INITIALIZING]
2026-05-03 22:13:31 INFO  o.a.coyote.http11.Http11NioProtocol - Initializing ProtocolHandler ["http-nio-8080"]
2026-05-03 22:13:31 DEBUG o.apache.catalina.util.LifecycleBase - Setting state for [Connector["http-nio-8080"]] to [INITIALIZED]
2026-05-03 22:13:31 DEBUG o.apache.catalina.util.LifecycleBase - Setting state for [StandardService[Tomcat]] to [INITIALIZED]
2026-05-03 22:13:31 DEBUG o.apache.catalina.util.LifecycleBase - Setting state for [StandardServer[-1]] to [INITIALIZED]
2026-05-03 22:13:31 DEBUG o.apache.catalina.util.LifecycleBase - Setting state for [StandardServer[-1]] to [STARTING_PREP]
2026-05-03 22:13:31 DEBUG o.apache.catalina.util.LifecycleBase - Setting state for [StandardServer[-1]] to [STARTING]
2026-05-03 22:13:31 DEBUG o.apache.catalina.util.LifecycleBase - Setting state for [org.apache.catalina.deploy.NamingResourcesImpl@43da0955] to [STARTING_PREP]
2026-05-03 22:13:31 DEBUG o.apache.catalina.util.LifecycleBase - Setting state for [org.apache.catalina.deploy.NamingResourcesImpl@43da0955] to [STARTING]
2026-05-03 22:13:31 DEBUG o.apache.catalina.util.LifecycleBase - Setting state for [org.apache.catalina.deploy.NamingResourcesImpl@43da0955] to [STARTED]
2026-05-03 22:13:31 DEBUG o.apache.catalina.util.LifecycleBase - Setting state for [StandardService[Tomcat]] to [STARTING_PREP]
2026-05-03 22:13:31 INFO  o.a.catalina.core.StandardService - Starting service [Tomcat]
2026-05-03 22:13:31 DEBUG o.apache.catalina.util.LifecycleBase - Setting state for [StandardService[Tomcat]] to [STARTING]
2026-05-03 22:13:31 DEBUG o.apache.catalina.util.LifecycleBase - Setting state for [StandardEngine[Tomcat]] to [STARTING_PREP]
2026-05-03 22:13:31 INFO  o.a.catalina.core.StandardEngine - Starting Servlet engine: [Apache Tomcat/10.1.52]
2026-05-03 22:13:31 DEBUG o.apache.catalina.util.LifecycleBase - Setting state for [SimpleRealm[StandardEngine[Tomcat]]] to [INITIALIZING]
2026-05-03 22:13:31 DEBUG o.apache.catalina.util.LifecycleBase - Setting state for [SimpleRealm[StandardEngine[Tomcat]]] to [INITIALIZED]
2026-05-03 22:13:31 DEBUG o.apache.catalina.util.LifecycleBase - Setting state for [SimpleRealm[StandardEngine[Tomcat]]] to [STARTING_PREP]
2026-05-03 22:13:31 DEBUG o.apache.catalina.util.LifecycleBase - Setting state for [SimpleRealm[StandardEngine[Tomcat]]] to [STARTING]
2026-05-03 22:13:31 DEBUG o.apache.catalina.util.LifecycleBase - Setting state for [SimpleRealm[StandardEngine[Tomcat]]] to [STARTED]
2026-05-03 22:13:31 DEBUG o.apache.catalina.util.LifecycleBase - Setting state for [StandardEngine[Tomcat].StandardHost[localhost]] to [INITIALIZING]
2026-05-03 22:13:31 DEBUG o.apache.catalina.util.LifecycleBase - Setting state for [StandardEngine[Tomcat].StandardHost[localhost]] to [INITIALIZED]
2026-05-03 22:13:31 DEBUG o.apache.catalina.util.LifecycleBase - Setting state for [StandardEngine[Tomcat].StandardHost[localhost]] to [STARTING_PREP]
2026-05-03 22:13:31 DEBUG o.apache.catalina.util.LifecycleBase - Setting state for [StandardEngine[Tomcat].StandardHost[localhost].TomcatEmbeddedContext[]] to [INITIALIZING]
2026-05-03 22:13:31 DEBUG o.apache.catalina.util.LifecycleBase - Setting state for [StandardEngine[Tomcat].StandardHost[localhost].TomcatEmbeddedContext[]] to [INITIALIZED]
2026-05-03 22:13:31 DEBUG o.apache.catalina.util.LifecycleBase - Setting state for [StandardEngine[Tomcat].StandardHost[localhost].TomcatEmbeddedContext[]] to [STARTING_PREP]
2026-05-03 22:13:31 DEBUG o.apache.catalina.util.LifecycleBase - Setting state for [org.apache.catalina.webresources.StandardRoot@446e7065] to [INITIALIZING]
2026-05-03 22:13:31 DEBUG o.apache.catalina.util.LifecycleBase - Setting state for [org.apache.catalina.webresources.StandardRoot@446e7065] to [INITIALIZED]
2026-05-03 22:13:31 DEBUG o.apache.catalina.util.LifecycleBase - Setting state for [org.apache.catalina.webresources.StandardRoot@446e7065] to [STARTING_PREP]
2026-05-03 22:13:31 DEBUG o.apache.catalina.util.LifecycleBase - Setting state for [org.apache.catalina.webresources.DirResourceSet@1a9ec80e] to [INITIALIZING]
2026-05-03 22:13:31 DEBUG o.apache.catalina.util.LifecycleBase - Setting state for [org.apache.catalina.webresources.DirResourceSet@1a9ec80e] to [INITIALIZED]
2026-05-03 22:13:31 DEBUG o.apache.catalina.util.LifecycleBase - Setting state for [org.apache.catalina.webresources.DirResourceSet@1a9ec80e] to [STARTING_PREP]
2026-05-03 22:13:31 DEBUG o.apache.catalina.util.LifecycleBase - Setting state for [org.apache.catalina.webresources.DirResourceSet@1a9ec80e] to [STARTING]
2026-05-03 22:13:31 DEBUG o.apache.catalina.util.LifecycleBase - Setting state for [org.apache.catalina.webresources.DirResourceSet@1a9ec80e] to [STARTED]
2026-05-03 22:13:31 DEBUG o.apache.catalina.util.LifecycleBase - Setting state for [org.apache.catalina.webresources.StandardRoot@446e7065] to [STARTING]
2026-05-03 22:13:31 DEBUG o.apache.catalina.util.LifecycleBase - Setting state for [org.apache.catalina.webresources.StandardRoot@446e7065] to [STARTED]
2026-05-03 22:13:31 DEBUG o.apache.catalina.util.LifecycleBase - Setting state for [WebappLoader[StandardEngine[Tomcat].StandardHost[localhost].TomcatEmbeddedContext[]]] to [INITIALIZING]
2026-05-03 22:13:31 DEBUG o.apache.catalina.util.LifecycleBase - Setting state for [WebappLoader[StandardEngine[Tomcat].StandardHost[localhost].TomcatEmbeddedContext[]]] to [INITIALIZED]
2026-05-03 22:13:31 DEBUG o.apache.catalina.util.LifecycleBase - Setting state for [WebappLoader[StandardEngine[Tomcat].StandardHost[localhost].TomcatEmbeddedContext[]]] to [STARTING_PREP]
2026-05-03 22:13:31 DEBUG o.a.catalina.loader.WebappLoader - Starting this Loader
2026-05-03 22:13:31 DEBUG o.apache.catalina.webresources.Cache - Increased cache size by [531] for item [org.apache.catalina.webresources.CachedResource@243bf087] at [/WEB-INF/classes] making total cache size [531]
2026-05-03 22:13:31 DEBUG o.apache.catalina.util.LifecycleBase - Setting state for [WebappLoader[StandardEngine[Tomcat].StandardHost[localhost].TomcatEmbeddedContext[]]] to [STARTING]
2026-05-03 22:13:31 DEBUG o.apache.catalina.util.LifecycleBase - Setting state for [WebappLoader[StandardEngine[Tomcat].StandardHost[localhost].TomcatEmbeddedContext[]]] to [STARTED]
2026-05-03 22:13:31 DEBUG o.apache.catalina.util.LifecycleBase - Setting state for [StandardPipeline[StandardEngine[Tomcat].StandardHost[localhost].TomcatEmbeddedContext[]]] to [INITIALIZING]
2026-05-03 22:13:31 DEBUG o.apache.catalina.util.LifecycleBase - Setting state for [StandardPipeline[StandardEngine[Tomcat].StandardHost[localhost].TomcatEmbeddedContext[]]] to [INITIALIZED]
2026-05-03 22:13:31 DEBUG o.apache.catalina.util.LifecycleBase - Setting state for [StandardPipeline[StandardEngine[Tomcat].StandardHost[localhost].TomcatEmbeddedContext[]]] to [STARTING_PREP]
2026-05-03 22:13:31 DEBUG o.apache.catalina.util.LifecycleBase - Setting state for [NonLoginAuthenticator[StandardEngine[Tomcat].StandardHost[localhost].TomcatEmbeddedContext[]]] to [INITIALIZING]
2026-05-03 22:13:31 DEBUG o.apache.catalina.util.LifecycleBase - Setting state for [NonLoginAuthenticator[StandardEngine[Tomcat].StandardHost[localhost].TomcatEmbeddedContext[]]] to [INITIALIZED]
2026-05-03 22:13:31 DEBUG o.apache.catalina.util.LifecycleBase - Setting state for [NonLoginAuthenticator[StandardEngine[Tomcat].StandardHost[localhost].TomcatEmbeddedContext[]]] to [STARTING_PREP]
2026-05-03 22:13:31 DEBUG o.apache.catalina.util.LifecycleBase - Setting state for [NonLoginAuthenticator[StandardEngine[Tomcat].StandardHost[localhost].TomcatEmbeddedContext[]]] to [STARTING]
2026-05-03 22:13:31 DEBUG o.apache.catalina.util.LifecycleBase - Setting state for [NonLoginAuthenticator[StandardEngine[Tomcat].StandardHost[localhost].TomcatEmbeddedContext[]]] to [STARTED]
2026-05-03 22:13:31 DEBUG o.apache.catalina.util.LifecycleBase - Setting state for [StandardContextValve[StandardEngine[Tomcat].StandardHost[localhost].TomcatEmbeddedContext[]]] to [INITIALIZING]
2026-05-03 22:13:31 DEBUG o.apache.catalina.util.LifecycleBase - Setting state for [StandardContextValve[StandardEngine[Tomcat].StandardHost[localhost].TomcatEmbeddedContext[]]] to [INITIALIZED]
2026-05-03 22:13:31 DEBUG o.apache.catalina.util.LifecycleBase - Setting state for [StandardContextValve[StandardEngine[Tomcat].StandardHost[localhost].TomcatEmbeddedContext[]]] to [STARTING_PREP]
2026-05-03 22:13:31 DEBUG o.apache.catalina.util.LifecycleBase - Setting state for [StandardContextValve[StandardEngine[Tomcat].StandardHost[localhost].TomcatEmbeddedContext[]]] to [STARTING]
2026-05-03 22:13:31 DEBUG o.apache.catalina.util.LifecycleBase - Setting state for [StandardContextValve[StandardEngine[Tomcat].StandardHost[localhost].TomcatEmbeddedContext[]]] to [STARTED]
2026-05-03 22:13:31 DEBUG o.apache.catalina.util.LifecycleBase - Setting state for [StandardPipeline[StandardEngine[Tomcat].StandardHost[localhost].TomcatEmbeddedContext[]]] to [STARTING]
2026-05-03 22:13:31 DEBUG o.apache.catalina.util.LifecycleBase - Setting state for [StandardPipeline[StandardEngine[Tomcat].StandardHost[localhost].TomcatEmbeddedContext[]]] to [STARTED]
2026-05-03 22:13:31 DEBUG o.a.catalina.core.StandardContext - No manager found. Checking if cluster manager should be used. Cluster configured: [false], Application distributable: [false]
2026-05-03 22:13:31 DEBUG o.a.catalina.core.StandardContext - Configured a manager of class [org.apache.catalina.session.StandardManager]
2026-05-03 22:13:31 DEBUG o.apache.catalina.util.LifecycleBase - Setting state for [org.apache.catalina.deploy.NamingResourcesImpl@3830f918] to [INITIALIZING]
2026-05-03 22:13:31 DEBUG o.apache.catalina.util.LifecycleBase - Setting state for [org.apache.catalina.deploy.NamingResourcesImpl@3830f918] to [INITIALIZED]
2026-05-03 22:13:31 DEBUG o.apache.catalina.util.LifecycleBase - Setting state for [org.apache.catalina.deploy.NamingResourcesImpl@3830f918] to [STARTING_PREP]
2026-05-03 22:13:31 DEBUG o.apache.catalina.util.LifecycleBase - Setting state for [org.apache.catalina.deploy.NamingResourcesImpl@3830f918] to [STARTING]
2026-05-03 22:13:31 DEBUG o.apache.catalina.util.LifecycleBase - Setting state for [org.apache.catalina.deploy.NamingResourcesImpl@3830f918] to [STARTED]
2026-05-03 22:13:31 INFO  o.a.c.c.C.[Tomcat].[localhost].[/] - Initializing Spring embedded WebApplicationContext
2026-05-03 22:13:33 DEBUG o.apache.catalina.webresources.Cache - Increased cache size by [573] for item [org.apache.catalina.webresources.CachedResource@4c8d45cf] at [/WEB-INF/classes/hibernate.properties] making total cache size [1104]
2026-05-03 22:13:35 DEBUG o.apache.catalina.webresources.Cache - Increased cache size by [579] for item [org.apache.catalina.webresources.CachedResource@a11efe6] at [/WEB-INF/classes/META-INF/validation.xml] making total cache size [1683]
2026-05-03 22:13:38 DEBUG o.apache.catalina.core.ContainerBase - Add container child [StandardWrapper[dispatcherServlet]] to container [StandardEngine[Tomcat].StandardHost[localhost].TomcatEmbeddedContext[]]
2026-05-03 22:13:38 DEBUG o.apache.catalina.util.LifecycleBase - Setting state for [StandardEngine[Tomcat].StandardHost[localhost].TomcatEmbeddedContext[].StandardWrapper[dispatcherServlet]] to [INITIALIZING]
2026-05-03 22:13:38 DEBUG o.apache.catalina.util.LifecycleBase - Setting state for [StandardEngine[Tomcat].StandardHost[localhost].TomcatEmbeddedContext[].StandardWrapper[dispatcherServlet]] to [INITIALIZED]
2026-05-03 22:13:38 DEBUG o.apache.catalina.util.LifecycleBase - Setting state for [StandardEngine[Tomcat].StandardHost[localhost].TomcatEmbeddedContext[].StandardWrapper[dispatcherServlet]] to [STARTING_PREP]
2026-05-03 22:13:38 DEBUG o.apache.catalina.util.LifecycleBase - Setting state for [StandardPipeline[StandardEngine[Tomcat].StandardHost[localhost].TomcatEmbeddedContext[].StandardWrapper[dispatcherServlet]]] to [INITIALIZING]
2026-05-03 22:13:38 DEBUG o.apache.catalina.util.LifecycleBase - Setting state for [StandardPipeline[StandardEngine[Tomcat].StandardHost[localhost].TomcatEmbeddedContext[].StandardWrapper[dispatcherServlet]]] to [INITIALIZED]
2026-05-03 22:13:38 DEBUG o.apache.catalina.util.LifecycleBase - Setting state for [StandardPipeline[StandardEngine[Tomcat].StandardHost[localhost].TomcatEmbeddedContext[].StandardWrapper[dispatcherServlet]]] to [STARTING_PREP]
2026-05-03 22:13:38 DEBUG o.apache.catalina.util.LifecycleBase - Setting state for [StandardWrapperValve[StandardEngine[Tomcat].StandardHost[localhost].TomcatEmbeddedContext[].StandardWrapper[dispatcherServlet]]] to [INITIALIZING]
2026-05-03 22:13:38 DEBUG o.apache.catalina.util.LifecycleBase - Setting state for [StandardWrapperValve[StandardEngine[Tomcat].StandardHost[localhost].TomcatEmbeddedContext[].StandardWrapper[dispatcherServlet]]] to [INITIALIZED]
2026-05-03 22:13:38 DEBUG o.apache.catalina.util.LifecycleBase - Setting state for [StandardWrapperValve[StandardEngine[Tomcat].StandardHost[localhost].TomcatEmbeddedContext[].StandardWrapper[dispatcherServlet]]] to [STARTING_PREP]
2026-05-03 22:13:38 DEBUG o.apache.catalina.util.LifecycleBase - Setting state for [StandardWrapperValve[StandardEngine[Tomcat].StandardHost[localhost].TomcatEmbeddedContext[].StandardWrapper[dispatcherServlet]]] to [STARTING]
2026-05-03 22:13:38 DEBUG o.apache.catalina.util.LifecycleBase - Setting state for [StandardWrapperValve[StandardEngine[Tomcat].StandardHost[localhost].TomcatEmbeddedContext[].StandardWrapper[dispatcherServlet]]] to [STARTED]
2026-05-03 22:13:38 DEBUG o.apache.catalina.util.LifecycleBase - Setting state for [StandardPipeline[StandardEngine[Tomcat].StandardHost[localhost].TomcatEmbeddedContext[].StandardWrapper[dispatcherServlet]]] to [STARTING]
2026-05-03 22:13:38 DEBUG o.apache.catalina.util.LifecycleBase - Setting state for [StandardPipeline[StandardEngine[Tomcat].StandardHost[localhost].TomcatEmbeddedContext[].StandardWrapper[dispatcherServlet]]] to [STARTED]
2026-05-03 22:13:38 DEBUG o.apache.catalina.util.LifecycleBase - Setting state for [StandardEngine[Tomcat].StandardHost[localhost].TomcatEmbeddedContext[].StandardWrapper[dispatcherServlet]] to [STARTING]
2026-05-03 22:13:38 DEBUG o.apache.catalina.util.LifecycleBase - Setting state for [StandardEngine[Tomcat].StandardHost[localhost].TomcatEmbeddedContext[].StandardWrapper[dispatcherServlet]] to [STARTED]
2026-05-03 22:13:38 DEBUG o.apache.catalina.util.LifecycleBase - Setting state for [StandardManager[StandardEngine[Tomcat].StandardHost[localhost].TomcatEmbeddedContext[]]] to [INITIALIZING]
2026-05-03 22:13:38 DEBUG o.apache.catalina.util.LifecycleBase - Setting state for [StandardManager[StandardEngine[Tomcat].StandardHost[localhost].TomcatEmbeddedContext[]]] to [INITIALIZED]
2026-05-03 22:13:38 DEBUG o.apache.catalina.util.LifecycleBase - Setting state for [StandardManager[StandardEngine[Tomcat].StandardHost[localhost].TomcatEmbeddedContext[]]] to [STARTING_PREP]
2026-05-03 22:13:38 DEBUG o.apache.catalina.util.LifecycleBase - Setting state for [org.springframework.boot.web.embedded.tomcat.LazySessionIdGenerator@750448fb] to [INITIALIZING]
2026-05-03 22:13:38 DEBUG o.apache.catalina.util.LifecycleBase - Setting state for [org.springframework.boot.web.embedded.tomcat.LazySessionIdGenerator@750448fb] to [INITIALIZED]
2026-05-03 22:13:38 DEBUG o.apache.catalina.util.LifecycleBase - Setting state for [org.springframework.boot.web.embedded.tomcat.LazySessionIdGenerator@750448fb] to [STARTING_PREP]
2026-05-03 22:13:38 DEBUG o.apache.catalina.util.LifecycleBase - Setting state for [org.springframework.boot.web.embedded.tomcat.LazySessionIdGenerator@750448fb] to [STARTING]
2026-05-03 22:13:38 DEBUG o.apache.catalina.util.LifecycleBase - Setting state for [org.springframework.boot.web.embedded.tomcat.LazySessionIdGenerator@750448fb] to [STARTED]
2026-05-03 22:13:38 DEBUG o.apache.catalina.util.LifecycleBase - Setting state for [StandardManager[StandardEngine[Tomcat].StandardHost[localhost].TomcatEmbeddedContext[]]] to [STARTING]
2026-05-03 22:13:38 DEBUG o.apache.catalina.util.LifecycleBase - Setting state for [StandardManager[StandardEngine[Tomcat].StandardHost[localhost].TomcatEmbeddedContext[]]] to [STARTED]
2026-05-03 22:13:38 DEBUG o.apache.catalina.util.LifecycleBase - Setting state for [StandardEngine[Tomcat].StandardHost[localhost].TomcatEmbeddedContext[]] to [STARTING]
2026-05-03 22:13:38 DEBUG o.apache.catalina.util.LifecycleBase - Setting state for [StandardEngine[Tomcat].StandardHost[localhost].TomcatEmbeddedContext[]] to [STARTED]
2026-05-03 22:13:38 DEBUG o.apache.catalina.util.LifecycleBase - Setting state for [StandardPipeline[StandardEngine[Tomcat].StandardHost[localhost]]] to [INITIALIZING]
2026-05-03 22:13:38 DEBUG o.apache.catalina.util.LifecycleBase - Setting state for [StandardPipeline[StandardEngine[Tomcat].StandardHost[localhost]]] to [INITIALIZED]
2026-05-03 22:13:38 DEBUG o.apache.catalina.util.LifecycleBase - Setting state for [StandardPipeline[StandardEngine[Tomcat].StandardHost[localhost]]] to [STARTING_PREP]
2026-05-03 22:13:38 DEBUG o.apache.catalina.util.LifecycleBase - Setting state for [ErrorReportValve[StandardEngine[Tomcat].StandardHost[localhost]]] to [INITIALIZING]
2026-05-03 22:13:38 DEBUG o.apache.catalina.util.LifecycleBase - Setting state for [ErrorReportValve[StandardEngine[Tomcat].StandardHost[localhost]]] to [INITIALIZED]
2026-05-03 22:13:38 DEBUG o.apache.catalina.util.LifecycleBase - Setting state for [ErrorReportValve[StandardEngine[Tomcat].StandardHost[localhost]]] to [STARTING_PREP]
2026-05-03 22:13:38 DEBUG o.apache.catalina.util.LifecycleBase - Setting state for [ErrorReportValve[StandardEngine[Tomcat].StandardHost[localhost]]] to [STARTING]
2026-05-03 22:13:38 DEBUG o.apache.catalina.util.LifecycleBase - Setting state for [ErrorReportValve[StandardEngine[Tomcat].StandardHost[localhost]]] to [STARTED]
2026-05-03 22:13:38 DEBUG o.apache.catalina.util.LifecycleBase - Setting state for [StandardHostValve[StandardEngine[Tomcat].StandardHost[localhost]]] to [INITIALIZING]
2026-05-03 22:13:38 DEBUG o.apache.catalina.util.LifecycleBase - Setting state for [StandardHostValve[StandardEngine[Tomcat].StandardHost[localhost]]] to [INITIALIZED]
2026-05-03 22:13:38 DEBUG o.apache.catalina.util.LifecycleBase - Setting state for [StandardHostValve[StandardEngine[Tomcat].StandardHost[localhost]]] to [STARTING_PREP]
2026-05-03 22:13:38 DEBUG o.apache.catalina.util.LifecycleBase - Setting state for [StandardHostValve[StandardEngine[Tomcat].StandardHost[localhost]]] to [STARTING]
2026-05-03 22:13:38 DEBUG o.apache.catalina.util.LifecycleBase - Setting state for [StandardHostValve[StandardEngine[Tomcat].StandardHost[localhost]]] to [STARTED]
2026-05-03 22:13:38 DEBUG o.apache.catalina.util.LifecycleBase - Setting state for [StandardPipeline[StandardEngine[Tomcat].StandardHost[localhost]]] to [STARTING]
2026-05-03 22:13:38 DEBUG o.apache.catalina.util.LifecycleBase - Setting state for [StandardPipeline[StandardEngine[Tomcat].StandardHost[localhost]]] to [STARTED]
2026-05-03 22:13:38 DEBUG o.apache.catalina.util.LifecycleBase - Setting state for [StandardEngine[Tomcat].StandardHost[localhost]] to [STARTING]
2026-05-03 22:13:38 DEBUG o.apache.catalina.util.LifecycleBase - Setting state for [StandardEngine[Tomcat].StandardHost[localhost]] to [STARTED]
2026-05-03 22:13:38 DEBUG o.apache.catalina.util.LifecycleBase - Setting state for [StandardPipeline[StandardEngine[Tomcat]]] to [INITIALIZING]
2026-05-03 22:13:38 DEBUG o.apache.catalina.util.LifecycleBase - Setting state for [StandardPipeline[StandardEngine[Tomcat]]] to [INITIALIZED]
2026-05-03 22:13:38 DEBUG o.apache.catalina.util.LifecycleBase - Setting state for [StandardPipeline[StandardEngine[Tomcat]]] to [STARTING_PREP]
2026-05-03 22:13:38 DEBUG o.apache.catalina.util.LifecycleBase - Setting state for [StandardEngineValve[StandardEngine[Tomcat]]] to [INITIALIZING]
2026-05-03 22:13:38 DEBUG o.apache.catalina.util.LifecycleBase - Setting state for [StandardEngineValve[StandardEngine[Tomcat]]] to [INITIALIZED]
2026-05-03 22:13:38 DEBUG o.apache.catalina.util.LifecycleBase - Setting state for [StandardEngineValve[StandardEngine[Tomcat]]] to [STARTING_PREP]
2026-05-03 22:13:38 DEBUG o.apache.catalina.util.LifecycleBase - Setting state for [StandardEngineValve[StandardEngine[Tomcat]]] to [STARTING]
2026-05-03 22:13:38 DEBUG o.apache.catalina.util.LifecycleBase - Setting state for [StandardEngineValve[StandardEngine[Tomcat]]] to [STARTED]
2026-05-03 22:13:38 DEBUG o.apache.catalina.util.LifecycleBase - Setting state for [StandardPipeline[StandardEngine[Tomcat]]] to [STARTING]
2026-05-03 22:13:38 DEBUG o.apache.catalina.util.LifecycleBase - Setting state for [StandardPipeline[StandardEngine[Tomcat]]] to [STARTED]
2026-05-03 22:13:38 DEBUG o.apache.catalina.util.LifecycleBase - Setting state for [StandardEngine[Tomcat]] to [STARTING]
2026-05-03 22:13:38 DEBUG o.apache.catalina.util.LifecycleBase - Setting state for [StandardEngine[Tomcat]] to [STARTED]
2026-05-03 22:13:38 DEBUG o.apache.catalina.util.LifecycleBase - Setting state for [org.apache.catalina.mapper.MapperListener@467045c4] to [STARTING_PREP]
2026-05-03 22:13:38 DEBUG o.apache.catalina.util.LifecycleBase - Setting state for [org.apache.catalina.mapper.MapperListener@467045c4] to [STARTING]
2026-05-03 22:13:38 DEBUG org.apache.catalina.mapper.Mapper - Registered host [localhost]
2026-05-03 22:13:38 DEBUG o.a.catalina.mapper.MapperListener - Register Wrapper [dispatcherServlet] in Context [] for service [StandardService[Tomcat]]
2026-05-03 22:13:38 DEBUG o.a.catalina.mapper.MapperListener - Register Context [] for service [StandardService[Tomcat]]
2026-05-03 22:13:38 DEBUG o.a.catalina.mapper.MapperListener - Register host [localhost] at domain [null] for service [StandardService[Tomcat]]
2026-05-03 22:13:38 DEBUG o.apache.catalina.util.LifecycleBase - Setting state for [org.apache.catalina.mapper.MapperListener@467045c4] to [STARTED]
2026-05-03 22:13:38 DEBUG o.apache.catalina.util.LifecycleBase - Setting state for [StandardService[Tomcat]] to [STARTED]
2026-05-03 22:13:38 DEBUG o.apache.catalina.util.LifecycleBase - Setting state for [StandardServer[-1]] to [STARTED]
2026-05-03 22:13:38 DEBUG o.apache.catalina.webresources.Cache - Increased cache size by [521] for item [org.apache.catalina.webresources.CachedResource@7f794b0f] at [/index.html] making total cache size [2204]
2026-05-03 22:13:39 DEBUG o.apache.catalina.webresources.Cache - Increased cache size by [501] for item [org.apache.catalina.webresources.CachedResource@54b88247] at [/] making total cache size [2705]
2026-05-03 22:13:40 DEBUG o.apache.catalina.util.LifecycleBase - Setting state for [Connector["http-nio-8080"]] to [STARTING_PREP]
2026-05-03 22:13:40 DEBUG o.apache.catalina.util.LifecycleBase - Setting state for [Connector["http-nio-8080"]] to [STARTING]
2026-05-03 22:13:40 INFO  o.a.coyote.http11.Http11NioProtocol - Starting ProtocolHandler ["http-nio-8080"]
2026-05-03 22:13:40 DEBUG o.apache.catalina.util.LifecycleBase - Setting state for [Connector["http-nio-8080"]] to [STARTED]
2026-05-03 22:13:44 DEBUG o.a.coyote.http11.Http11Processor - Error parsing HTTP request header
java.io.EOFException
	at org.apache.tomcat.util.net.NioEndpoint$NioSocketWrapper.fillReadBuffer(NioEndpoint.java:1334)
	at org.apache.tomcat.util.net.NioEndpoint$NioSocketWrapper.read(NioEndpoint.java:1218)
	at org.apache.coyote.http11.Http11InputBuffer.fill(Http11InputBuffer.java:780)
	at org.apache.coyote.http11.Http11InputBuffer.parseRequestLine(Http11InputBuffer.java:345)
	at org.apache.coyote.http11.Http11Processor.service(Http11Processor.java:272)
	at org.apache.coyote.AbstractProcessorLight.process(AbstractProcessorLight.java:63)
	at org.apache.coyote.AbstractProtocol$ConnectionHandler.process(AbstractProtocol.java:903)
	at org.apache.tomcat.util.net.NioEndpoint$SocketProcessor.doRun(NioEndpoint.java:1775)
	at org.apache.tomcat.util.net.SocketProcessorBase.run(SocketProcessorBase.java:52)
	at org.apache.tomcat.util.threads.ThreadPoolExecutor.runWorker(ThreadPoolExecutor.java:973)
	at org.apache.tomcat.util.threads.ThreadPoolExecutor$Worker.run(ThreadPoolExecutor.java:491)
	at org.apache.tomcat.util.threads.TaskThread$WrappingRunnable.run(TaskThread.java:63)
	at java.base/java.lang.Thread.run(Thread.java:1583)
2026-05-03 22:13:44 DEBUG o.a.coyote.http11.Http11Processor - Error state [CLOSE_CONNECTION_NOW] reported while processing request
java.io.EOFException
	at org.apache.tomcat.util.net.NioEndpoint$NioSocketWrapper.fillReadBuffer(NioEndpoint.java:1334)
	at org.apache.tomcat.util.net.NioEndpoint$NioSocketWrapper.read(NioEndpoint.java:1218)
	at org.apache.coyote.http11.Http11InputBuffer.fill(Http11InputBuffer.java:780)
	at org.apache.coyote.http11.Http11InputBuffer.parseRequestLine(Http11InputBuffer.java:345)
	at org.apache.coyote.http11.Http11Processor.service(Http11Processor.java:272)
	at org.apache.coyote.AbstractProcessorLight.process(AbstractProcessorLight.java:63)
	at org.apache.coyote.AbstractProtocol$ConnectionHandler.process(AbstractProtocol.java:903)
	at org.apache.tomcat.util.net.NioEndpoint$SocketProcessor.doRun(NioEndpoint.java:1775)
	at org.apache.tomcat.util.net.SocketProcessorBase.run(SocketProcessorBase.java:52)
	at org.apache.tomcat.util.threads.ThreadPoolExecutor.runWorker(ThreadPoolExecutor.java:973)
	at org.apache.tomcat.util.threads.ThreadPoolExecutor$Worker.run(ThreadPoolExecutor.java:491)
	at org.apache.tomcat.util.threads.TaskThread$WrappingRunnable.run(TaskThread.java:63)
	at java.base/java.lang.Thread.run(Thread.java:1583)
2026-05-03 22:13:44 DEBUG o.a.c.a.jaspic.AuthConfigFactoryImpl - Loading persistent provider registrations from [C:\Users\CyberPirate\AppData\Local\Temp\tomcat.8080.6349615605412402705\conf\jaspic-providers.xml]
2026-05-03 22:13:44 INFO  o.a.c.c.C.[Tomcat].[localhost].[/] - Initializing Spring DispatcherServlet 'dispatcherServlet'
2026-05-03 22:17:10 DEBUG o.a.tomcat.util.compat.Jre22Compat - Class not found so assuming code is running on a pre-Java 22 JVM
java.lang.ClassNotFoundException: java.text.ListFormat
	at java.base/jdk.internal.loader.BuiltinClassLoader.loadClass(BuiltinClassLoader.java:641)
	at java.base/jdk.internal.loader.ClassLoaders$AppClassLoader.loadClass(ClassLoaders.java:188)
	at java.base/java.lang.ClassLoader.loadClass(ClassLoader.java:526)
	at java.base/java.lang.Class.forName0(Native Method)
	at java.base/java.lang.Class.forName(Class.java:423)
	at java.base/java.lang.Class.forName(Class.java:414)
	at org.apache.tomcat.util.compat.Jre22Compat.<clinit>(Jre22Compat.java:37)
	at org.apache.tomcat.util.compat.JreCompat.<clinit>(JreCompat.java:75)
	at org.apache.catalina.startup.Tomcat.<clinit>(Tomcat.java:1196)
	at org.springframework.boot.web.embedded.tomcat.TomcatServletWebServerFactory.getWebServer(TomcatServletWebServerFactory.java:200)
	at org.springframework.boot.web.servlet.context.ServletWebServerApplicationContext.createWebServer(ServletWebServerApplicationContext.java:193)
	at org.springframework.boot.web.servlet.context.ServletWebServerApplicationContext.onRefresh(ServletWebServerApplicationContext.java:167)
	at org.springframework.context.support.AbstractApplicationContext.refresh(AbstractApplicationContext.java:622)
	at org.springframework.boot.web.servlet.context.ServletWebServerApplicationContext.refresh(ServletWebServerApplicationContext.java:146)
	at org.springframework.boot.SpringApplication.refresh(SpringApplication.java:752)
	at org.springframework.boot.SpringApplication.refreshContext(SpringApplication.java:439)
	at org.springframework.boot.SpringApplication.run(SpringApplication.java:318)
	at org.springframework.boot.SpringApplication.run(SpringApplication.java:1361)
	at org.springframework.boot.SpringApplication.run(SpringApplication.java:1350)
	at gr.aueb.cf.eduapp.EduAppApplication.main(EduAppApplication.java:12)
2026-05-03 22:17:10 DEBUG o.apache.catalina.core.ContainerBase - Add container child [StandardHost[localhost]] to container [StandardEngine[Tomcat]]
2026-05-03 22:17:10 DEBUG o.apache.catalina.core.ContainerBase - Add container child [TomcatEmbeddedContext[]] to container [StandardEngine[Tomcat].StandardHost[localhost]]
2026-05-03 22:17:10 DEBUG o.apache.catalina.util.LifecycleBase - Setting state for [StandardServer[-1]] to [INITIALIZING]
2026-05-03 22:17:10 DEBUG o.apache.catalina.util.LifecycleBase - Setting state for [org.apache.catalina.deploy.NamingResourcesImpl@230a73f2] to [INITIALIZING]
2026-05-03 22:17:10 DEBUG o.apache.catalina.util.LifecycleBase - Setting state for [org.apache.catalina.deploy.NamingResourcesImpl@230a73f2] to [INITIALIZED]
2026-05-03 22:17:10 DEBUG o.apache.catalina.util.LifecycleBase - Setting state for [StandardService[Tomcat]] to [INITIALIZING]
2026-05-03 22:17:10 DEBUG o.apache.catalina.util.LifecycleBase - Setting state for [StandardEngine[Tomcat]] to [INITIALIZING]
2026-05-03 22:17:10 DEBUG o.apache.catalina.util.LifecycleBase - Setting state for [StandardEngine[Tomcat]] to [INITIALIZED]
2026-05-03 22:17:10 DEBUG o.apache.catalina.util.LifecycleBase - Setting state for [org.apache.catalina.mapper.MapperListener@798deee8] to [INITIALIZING]
2026-05-03 22:17:10 DEBUG o.apache.catalina.util.LifecycleBase - Setting state for [org.apache.catalina.mapper.MapperListener@798deee8] to [INITIALIZED]
2026-05-03 22:17:10 DEBUG o.apache.catalina.util.LifecycleBase - Setting state for [Connector["http-nio-8080"]] to [INITIALIZING]
2026-05-03 22:17:10 INFO  o.a.coyote.http11.Http11NioProtocol - Initializing ProtocolHandler ["http-nio-8080"]
2026-05-03 22:17:10 DEBUG o.apache.catalina.util.LifecycleBase - Setting state for [Connector["http-nio-8080"]] to [INITIALIZED]
2026-05-03 22:17:10 DEBUG o.apache.catalina.util.LifecycleBase - Setting state for [StandardService[Tomcat]] to [INITIALIZED]
2026-05-03 22:17:10 DEBUG o.apache.catalina.util.LifecycleBase - Setting state for [StandardServer[-1]] to [INITIALIZED]
2026-05-03 22:17:10 DEBUG o.apache.catalina.util.LifecycleBase - Setting state for [StandardServer[-1]] to [STARTING_PREP]
2026-05-03 22:17:10 DEBUG o.apache.catalina.util.LifecycleBase - Setting state for [StandardServer[-1]] to [STARTING]
2026-05-03 22:17:10 DEBUG o.apache.catalina.util.LifecycleBase - Setting state for [org.apache.catalina.deploy.NamingResourcesImpl@230a73f2] to [STARTING_PREP]
2026-05-03 22:17:10 DEBUG o.apache.catalina.util.LifecycleBase - Setting state for [org.apache.catalina.deploy.NamingResourcesImpl@230a73f2] to [STARTING]
2026-05-03 22:17:10 DEBUG o.apache.catalina.util.LifecycleBase - Setting state for [org.apache.catalina.deploy.NamingResourcesImpl@230a73f2] to [STARTED]
2026-05-03 22:17:10 DEBUG o.apache.catalina.util.LifecycleBase - Setting state for [StandardService[Tomcat]] to [STARTING_PREP]
2026-05-03 22:17:10 INFO  o.a.catalina.core.StandardService - Starting service [Tomcat]
2026-05-03 22:17:10 DEBUG o.apache.catalina.util.LifecycleBase - Setting state for [StandardService[Tomcat]] to [STARTING]
2026-05-03 22:17:10 DEBUG o.apache.catalina.util.LifecycleBase - Setting state for [StandardEngine[Tomcat]] to [STARTING_PREP]
2026-05-03 22:17:10 INFO  o.a.catalina.core.StandardEngine - Starting Servlet engine: [Apache Tomcat/10.1.52]
2026-05-03 22:17:10 DEBUG o.apache.catalina.util.LifecycleBase - Setting state for [SimpleRealm[StandardEngine[Tomcat]]] to [INITIALIZING]
2026-05-03 22:17:10 DEBUG o.apache.catalina.util.LifecycleBase - Setting state for [SimpleRealm[StandardEngine[Tomcat]]] to [INITIALIZED]
2026-05-03 22:17:10 DEBUG o.apache.catalina.util.LifecycleBase - Setting state for [SimpleRealm[StandardEngine[Tomcat]]] to [STARTING_PREP]
2026-05-03 22:17:10 DEBUG o.apache.catalina.util.LifecycleBase - Setting state for [SimpleRealm[StandardEngine[Tomcat]]] to [STARTING]
2026-05-03 22:17:10 DEBUG o.apache.catalina.util.LifecycleBase - Setting state for [SimpleRealm[StandardEngine[Tomcat]]] to [STARTED]
2026-05-03 22:17:10 DEBUG o.apache.catalina.util.LifecycleBase - Setting state for [StandardEngine[Tomcat].StandardHost[localhost]] to [INITIALIZING]
2026-05-03 22:17:10 DEBUG o.apache.catalina.util.LifecycleBase - Setting state for [StandardEngine[Tomcat].StandardHost[localhost]] to [INITIALIZED]
2026-05-03 22:17:10 DEBUG o.apache.catalina.util.LifecycleBase - Setting state for [StandardEngine[Tomcat].StandardHost[localhost]] to [STARTING_PREP]
2026-05-03 22:17:10 DEBUG o.apache.catalina.util.LifecycleBase - Setting state for [StandardEngine[Tomcat].StandardHost[localhost].TomcatEmbeddedContext[]] to [INITIALIZING]
2026-05-03 22:17:10 DEBUG o.apache.catalina.util.LifecycleBase - Setting state for [StandardEngine[Tomcat].StandardHost[localhost].TomcatEmbeddedContext[]] to [INITIALIZED]
2026-05-03 22:17:10 DEBUG o.apache.catalina.util.LifecycleBase - Setting state for [StandardEngine[Tomcat].StandardHost[localhost].TomcatEmbeddedContext[]] to [STARTING_PREP]
2026-05-03 22:17:10 DEBUG o.apache.catalina.util.LifecycleBase - Setting state for [org.apache.catalina.webresources.StandardRoot@626e0c86] to [INITIALIZING]
2026-05-03 22:17:10 DEBUG o.apache.catalina.util.LifecycleBase - Setting state for [org.apache.catalina.webresources.StandardRoot@626e0c86] to [INITIALIZED]
2026-05-03 22:17:10 DEBUG o.apache.catalina.util.LifecycleBase - Setting state for [org.apache.catalina.webresources.StandardRoot@626e0c86] to [STARTING_PREP]
2026-05-03 22:17:10 DEBUG o.apache.catalina.util.LifecycleBase - Setting state for [org.apache.catalina.webresources.DirResourceSet@634ca3e7] to [INITIALIZING]
2026-05-03 22:17:10 DEBUG o.apache.catalina.util.LifecycleBase - Setting state for [org.apache.catalina.webresources.DirResourceSet@634ca3e7] to [INITIALIZED]
2026-05-03 22:17:10 DEBUG o.apache.catalina.util.LifecycleBase - Setting state for [org.apache.catalina.webresources.DirResourceSet@634ca3e7] to [STARTING_PREP]
2026-05-03 22:17:10 DEBUG o.apache.catalina.util.LifecycleBase - Setting state for [org.apache.catalina.webresources.DirResourceSet@634ca3e7] to [STARTING]
2026-05-03 22:17:10 DEBUG o.apache.catalina.util.LifecycleBase - Setting state for [org.apache.catalina.webresources.DirResourceSet@634ca3e7] to [STARTED]
2026-05-03 22:17:10 DEBUG o.apache.catalina.util.LifecycleBase - Setting state for [org.apache.catalina.webresources.StandardRoot@626e0c86] to [STARTING]
2026-05-03 22:17:10 DEBUG o.apache.catalina.util.LifecycleBase - Setting state for [org.apache.catalina.webresources.StandardRoot@626e0c86] to [STARTED]
2026-05-03 22:17:10 DEBUG o.apache.catalina.util.LifecycleBase - Setting state for [WebappLoader[StandardEngine[Tomcat].StandardHost[localhost].TomcatEmbeddedContext[]]] to [INITIALIZING]
2026-05-03 22:17:10 DEBUG o.apache.catalina.util.LifecycleBase - Setting state for [WebappLoader[StandardEngine[Tomcat].StandardHost[localhost].TomcatEmbeddedContext[]]] to [INITIALIZED]
2026-05-03 22:17:10 DEBUG o.apache.catalina.util.LifecycleBase - Setting state for [WebappLoader[StandardEngine[Tomcat].StandardHost[localhost].TomcatEmbeddedContext[]]] to [STARTING_PREP]
2026-05-03 22:17:10 DEBUG o.a.catalina.loader.WebappLoader - Starting this Loader
2026-05-03 22:17:10 DEBUG o.apache.catalina.webresources.Cache - Increased cache size by [531] for item [org.apache.catalina.webresources.CachedResource@76a7fcbd] at [/WEB-INF/classes] making total cache size [531]
2026-05-03 22:17:10 DEBUG o.apache.catalina.util.LifecycleBase - Setting state for [WebappLoader[StandardEngine[Tomcat].StandardHost[localhost].TomcatEmbeddedContext[]]] to [STARTING]
2026-05-03 22:17:10 DEBUG o.apache.catalina.util.LifecycleBase - Setting state for [WebappLoader[StandardEngine[Tomcat].StandardHost[localhost].TomcatEmbeddedContext[]]] to [STARTED]
2026-05-03 22:17:10 DEBUG o.apache.catalina.util.LifecycleBase - Setting state for [StandardPipeline[StandardEngine[Tomcat].StandardHost[localhost].TomcatEmbeddedContext[]]] to [INITIALIZING]
2026-05-03 22:17:10 DEBUG o.apache.catalina.util.LifecycleBase - Setting state for [StandardPipeline[StandardEngine[Tomcat].StandardHost[localhost].TomcatEmbeddedContext[]]] to [INITIALIZED]
2026-05-03 22:17:10 DEBUG o.apache.catalina.util.LifecycleBase - Setting state for [StandardPipeline[StandardEngine[Tomcat].StandardHost[localhost].TomcatEmbeddedContext[]]] to [STARTING_PREP]
2026-05-03 22:17:10 DEBUG o.apache.catalina.util.LifecycleBase - Setting state for [NonLoginAuthenticator[StandardEngine[Tomcat].StandardHost[localhost].TomcatEmbeddedContext[]]] to [INITIALIZING]
2026-05-03 22:17:10 DEBUG o.apache.catalina.util.LifecycleBase - Setting state for [NonLoginAuthenticator[StandardEngine[Tomcat].StandardHost[localhost].TomcatEmbeddedContext[]]] to [INITIALIZED]
2026-05-03 22:17:10 DEBUG o.apache.catalina.util.LifecycleBase - Setting state for [NonLoginAuthenticator[StandardEngine[Tomcat].StandardHost[localhost].TomcatEmbeddedContext[]]] to [STARTING_PREP]
2026-05-03 22:17:10 DEBUG o.apache.catalina.util.LifecycleBase - Setting state for [NonLoginAuthenticator[StandardEngine[Tomcat].StandardHost[localhost].TomcatEmbeddedContext[]]] to [STARTING]
2026-05-03 22:17:10 DEBUG o.apache.catalina.util.LifecycleBase - Setting state for [NonLoginAuthenticator[StandardEngine[Tomcat].StandardHost[localhost].TomcatEmbeddedContext[]]] to [STARTED]
2026-05-03 22:17:10 DEBUG o.apache.catalina.util.LifecycleBase - Setting state for [StandardContextValve[StandardEngine[Tomcat].StandardHost[localhost].TomcatEmbeddedContext[]]] to [INITIALIZING]
2026-05-03 22:17:10 DEBUG o.apache.catalina.util.LifecycleBase - Setting state for [StandardContextValve[StandardEngine[Tomcat].StandardHost[localhost].TomcatEmbeddedContext[]]] to [INITIALIZED]
2026-05-03 22:17:10 DEBUG o.apache.catalina.util.LifecycleBase - Setting state for [StandardContextValve[StandardEngine[Tomcat].StandardHost[localhost].TomcatEmbeddedContext[]]] to [STARTING_PREP]
2026-05-03 22:17:10 DEBUG o.apache.catalina.util.LifecycleBase - Setting state for [StandardContextValve[StandardEngine[Tomcat].StandardHost[localhost].TomcatEmbeddedContext[]]] to [STARTING]
2026-05-03 22:17:10 DEBUG o.apache.catalina.util.LifecycleBase - Setting state for [StandardContextValve[StandardEngine[Tomcat].StandardHost[localhost].TomcatEmbeddedContext[]]] to [STARTED]
2026-05-03 22:17:10 DEBUG o.apache.catalina.util.LifecycleBase - Setting state for [StandardPipeline[StandardEngine[Tomcat].StandardHost[localhost].TomcatEmbeddedContext[]]] to [STARTING]
2026-05-03 22:17:10 DEBUG o.apache.catalina.util.LifecycleBase - Setting state for [StandardPipeline[StandardEngine[Tomcat].StandardHost[localhost].TomcatEmbeddedContext[]]] to [STARTED]
2026-05-03 22:17:10 DEBUG o.a.catalina.core.StandardContext - No manager found. Checking if cluster manager should be used. Cluster configured: [false], Application distributable: [false]
2026-05-03 22:17:10 DEBUG o.a.catalina.core.StandardContext - Configured a manager of class [org.apache.catalina.session.StandardManager]
2026-05-03 22:17:10 DEBUG o.apache.catalina.util.LifecycleBase - Setting state for [org.apache.catalina.deploy.NamingResourcesImpl@126f8f24] to [INITIALIZING]
2026-05-03 22:17:10 DEBUG o.apache.catalina.util.LifecycleBase - Setting state for [org.apache.catalina.deploy.NamingResourcesImpl@126f8f24] to [INITIALIZED]
2026-05-03 22:17:10 DEBUG o.apache.catalina.util.LifecycleBase - Setting state for [org.apache.catalina.deploy.NamingResourcesImpl@126f8f24] to [STARTING_PREP]
2026-05-03 22:17:10 DEBUG o.apache.catalina.util.LifecycleBase - Setting state for [org.apache.catalina.deploy.NamingResourcesImpl@126f8f24] to [STARTING]
2026-05-03 22:17:10 DEBUG o.apache.catalina.util.LifecycleBase - Setting state for [org.apache.catalina.deploy.NamingResourcesImpl@126f8f24] to [STARTED]
2026-05-03 22:17:10 INFO  o.a.c.c.C.[Tomcat].[localhost].[/] - Initializing Spring embedded WebApplicationContext
2026-05-03 22:17:12 DEBUG o.apache.catalina.webresources.Cache - Increased cache size by [573] for item [org.apache.catalina.webresources.CachedResource@9880a15] at [/WEB-INF/classes/hibernate.properties] making total cache size [1104]
2026-05-03 22:17:13 DEBUG o.apache.catalina.webresources.Cache - Increased cache size by [579] for item [org.apache.catalina.webresources.CachedResource@7167d81b] at [/WEB-INF/classes/META-INF/validation.xml] making total cache size [1683]
2026-05-03 22:17:16 DEBUG o.apache.catalina.core.ContainerBase - Add container child [StandardWrapper[dispatcherServlet]] to container [StandardEngine[Tomcat].StandardHost[localhost].TomcatEmbeddedContext[]]
2026-05-03 22:17:16 DEBUG o.apache.catalina.util.LifecycleBase - Setting state for [StandardEngine[Tomcat].StandardHost[localhost].TomcatEmbeddedContext[].StandardWrapper[dispatcherServlet]] to [INITIALIZING]
2026-05-03 22:17:16 DEBUG o.apache.catalina.util.LifecycleBase - Setting state for [StandardEngine[Tomcat].StandardHost[localhost].TomcatEmbeddedContext[].StandardWrapper[dispatcherServlet]] to [INITIALIZED]
2026-05-03 22:17:16 DEBUG o.apache.catalina.util.LifecycleBase - Setting state for [StandardEngine[Tomcat].StandardHost[localhost].TomcatEmbeddedContext[].StandardWrapper[dispatcherServlet]] to [STARTING_PREP]
2026-05-03 22:17:16 DEBUG o.apache.catalina.util.LifecycleBase - Setting state for [StandardPipeline[StandardEngine[Tomcat].StandardHost[localhost].TomcatEmbeddedContext[].StandardWrapper[dispatcherServlet]]] to [INITIALIZING]
2026-05-03 22:17:16 DEBUG o.apache.catalina.util.LifecycleBase - Setting state for [StandardPipeline[StandardEngine[Tomcat].StandardHost[localhost].TomcatEmbeddedContext[].StandardWrapper[dispatcherServlet]]] to [INITIALIZED]
2026-05-03 22:17:16 DEBUG o.apache.catalina.util.LifecycleBase - Setting state for [StandardPipeline[StandardEngine[Tomcat].StandardHost[localhost].TomcatEmbeddedContext[].StandardWrapper[dispatcherServlet]]] to [STARTING_PREP]
2026-05-03 22:17:16 DEBUG o.apache.catalina.util.LifecycleBase - Setting state for [StandardWrapperValve[StandardEngine[Tomcat].StandardHost[localhost].TomcatEmbeddedContext[].StandardWrapper[dispatcherServlet]]] to [INITIALIZING]
2026-05-03 22:17:16 DEBUG o.apache.catalina.util.LifecycleBase - Setting state for [StandardWrapperValve[StandardEngine[Tomcat].StandardHost[localhost].TomcatEmbeddedContext[].StandardWrapper[dispatcherServlet]]] to [INITIALIZED]
2026-05-03 22:17:16 DEBUG o.apache.catalina.util.LifecycleBase - Setting state for [StandardWrapperValve[StandardEngine[Tomcat].StandardHost[localhost].TomcatEmbeddedContext[].StandardWrapper[dispatcherServlet]]] to [STARTING_PREP]
2026-05-03 22:17:16 DEBUG o.apache.catalina.util.LifecycleBase - Setting state for [StandardWrapperValve[StandardEngine[Tomcat].StandardHost[localhost].TomcatEmbeddedContext[].StandardWrapper[dispatcherServlet]]] to [STARTING]
2026-05-03 22:17:16 DEBUG o.apache.catalina.util.LifecycleBase - Setting state for [StandardWrapperValve[StandardEngine[Tomcat].StandardHost[localhost].TomcatEmbeddedContext[].StandardWrapper[dispatcherServlet]]] to [STARTED]
2026-05-03 22:17:16 DEBUG o.apache.catalina.util.LifecycleBase - Setting state for [StandardPipeline[StandardEngine[Tomcat].StandardHost[localhost].TomcatEmbeddedContext[].StandardWrapper[dispatcherServlet]]] to [STARTING]
2026-05-03 22:17:16 DEBUG o.apache.catalina.util.LifecycleBase - Setting state for [StandardPipeline[StandardEngine[Tomcat].StandardHost[localhost].TomcatEmbeddedContext[].StandardWrapper[dispatcherServlet]]] to [STARTED]
2026-05-03 22:17:16 DEBUG o.apache.catalina.util.LifecycleBase - Setting state for [StandardEngine[Tomcat].StandardHost[localhost].TomcatEmbeddedContext[].StandardWrapper[dispatcherServlet]] to [STARTING]
2026-05-03 22:17:16 DEBUG o.apache.catalina.util.LifecycleBase - Setting state for [StandardEngine[Tomcat].StandardHost[localhost].TomcatEmbeddedContext[].StandardWrapper[dispatcherServlet]] to [STARTED]
2026-05-03 22:17:16 DEBUG o.apache.catalina.util.LifecycleBase - Setting state for [StandardManager[StandardEngine[Tomcat].StandardHost[localhost].TomcatEmbeddedContext[]]] to [INITIALIZING]
2026-05-03 22:17:16 DEBUG o.apache.catalina.util.LifecycleBase - Setting state for [StandardManager[StandardEngine[Tomcat].StandardHost[localhost].TomcatEmbeddedContext[]]] to [INITIALIZED]
2026-05-03 22:17:16 DEBUG o.apache.catalina.util.LifecycleBase - Setting state for [StandardManager[StandardEngine[Tomcat].StandardHost[localhost].TomcatEmbeddedContext[]]] to [STARTING_PREP]
2026-05-03 22:17:16 DEBUG o.apache.catalina.util.LifecycleBase - Setting state for [org.springframework.boot.web.embedded.tomcat.LazySessionIdGenerator@22c4151b] to [INITIALIZING]
2026-05-03 22:17:16 DEBUG o.apache.catalina.util.LifecycleBase - Setting state for [org.springframework.boot.web.embedded.tomcat.LazySessionIdGenerator@22c4151b] to [INITIALIZED]
2026-05-03 22:17:16 DEBUG o.apache.catalina.util.LifecycleBase - Setting state for [org.springframework.boot.web.embedded.tomcat.LazySessionIdGenerator@22c4151b] to [STARTING_PREP]
2026-05-03 22:17:16 DEBUG o.apache.catalina.util.LifecycleBase - Setting state for [org.springframework.boot.web.embedded.tomcat.LazySessionIdGenerator@22c4151b] to [STARTING]
2026-05-03 22:17:16 DEBUG o.apache.catalina.util.LifecycleBase - Setting state for [org.springframework.boot.web.embedded.tomcat.LazySessionIdGenerator@22c4151b] to [STARTED]
2026-05-03 22:17:16 DEBUG o.apache.catalina.util.LifecycleBase - Setting state for [StandardManager[StandardEngine[Tomcat].StandardHost[localhost].TomcatEmbeddedContext[]]] to [STARTING]
2026-05-03 22:17:16 DEBUG o.apache.catalina.util.LifecycleBase - Setting state for [StandardManager[StandardEngine[Tomcat].StandardHost[localhost].TomcatEmbeddedContext[]]] to [STARTED]
2026-05-03 22:17:16 DEBUG o.apache.catalina.util.LifecycleBase - Setting state for [StandardEngine[Tomcat].StandardHost[localhost].TomcatEmbeddedContext[]] to [STARTING]
2026-05-03 22:17:16 DEBUG o.apache.catalina.util.LifecycleBase - Setting state for [StandardEngine[Tomcat].StandardHost[localhost].TomcatEmbeddedContext[]] to [STARTED]
2026-05-03 22:17:16 DEBUG o.apache.catalina.util.LifecycleBase - Setting state for [StandardPipeline[StandardEngine[Tomcat].StandardHost[localhost]]] to [INITIALIZING]
2026-05-03 22:17:16 DEBUG o.apache.catalina.util.LifecycleBase - Setting state for [StandardPipeline[StandardEngine[Tomcat].StandardHost[localhost]]] to [INITIALIZED]
2026-05-03 22:17:16 DEBUG o.apache.catalina.util.LifecycleBase - Setting state for [StandardPipeline[StandardEngine[Tomcat].StandardHost[localhost]]] to [STARTING_PREP]
2026-05-03 22:17:16 DEBUG o.apache.catalina.util.LifecycleBase - Setting state for [ErrorReportValve[StandardEngine[Tomcat].StandardHost[localhost]]] to [INITIALIZING]
2026-05-03 22:17:16 DEBUG o.apache.catalina.util.LifecycleBase - Setting state for [ErrorReportValve[StandardEngine[Tomcat].StandardHost[localhost]]] to [INITIALIZED]
2026-05-03 22:17:16 DEBUG o.apache.catalina.util.LifecycleBase - Setting state for [ErrorReportValve[StandardEngine[Tomcat].StandardHost[localhost]]] to [STARTING_PREP]
2026-05-03 22:17:16 DEBUG o.apache.catalina.util.LifecycleBase - Setting state for [ErrorReportValve[StandardEngine[Tomcat].StandardHost[localhost]]] to [STARTING]
2026-05-03 22:17:16 DEBUG o.apache.catalina.util.LifecycleBase - Setting state for [ErrorReportValve[StandardEngine[Tomcat].StandardHost[localhost]]] to [STARTED]
2026-05-03 22:17:16 DEBUG o.apache.catalina.util.LifecycleBase - Setting state for [StandardHostValve[StandardEngine[Tomcat].StandardHost[localhost]]] to [INITIALIZING]
2026-05-03 22:17:16 DEBUG o.apache.catalina.util.LifecycleBase - Setting state for [StandardHostValve[StandardEngine[Tomcat].StandardHost[localhost]]] to [INITIALIZED]
2026-05-03 22:17:16 DEBUG o.apache.catalina.util.LifecycleBase - Setting state for [StandardHostValve[StandardEngine[Tomcat].StandardHost[localhost]]] to [STARTING_PREP]
2026-05-03 22:17:16 DEBUG o.apache.catalina.util.LifecycleBase - Setting state for [StandardHostValve[StandardEngine[Tomcat].StandardHost[localhost]]] to [STARTING]
2026-05-03 22:17:16 DEBUG o.apache.catalina.util.LifecycleBase - Setting state for [StandardHostValve[StandardEngine[Tomcat].StandardHost[localhost]]] to [STARTED]
2026-05-03 22:17:16 DEBUG o.apache.catalina.util.LifecycleBase - Setting state for [StandardPipeline[StandardEngine[Tomcat].StandardHost[localhost]]] to [STARTING]
2026-05-03 22:17:16 DEBUG o.apache.catalina.util.LifecycleBase - Setting state for [StandardPipeline[StandardEngine[Tomcat].StandardHost[localhost]]] to [STARTED]
2026-05-03 22:17:16 DEBUG o.apache.catalina.util.LifecycleBase - Setting state for [StandardEngine[Tomcat].StandardHost[localhost]] to [STARTING]
2026-05-03 22:17:16 DEBUG o.apache.catalina.util.LifecycleBase - Setting state for [StandardEngine[Tomcat].StandardHost[localhost]] to [STARTED]
2026-05-03 22:17:16 DEBUG o.apache.catalina.util.LifecycleBase - Setting state for [StandardPipeline[StandardEngine[Tomcat]]] to [INITIALIZING]
2026-05-03 22:17:16 DEBUG o.apache.catalina.util.LifecycleBase - Setting state for [StandardPipeline[StandardEngine[Tomcat]]] to [INITIALIZED]
2026-05-03 22:17:16 DEBUG o.apache.catalina.util.LifecycleBase - Setting state for [StandardPipeline[StandardEngine[Tomcat]]] to [STARTING_PREP]
2026-05-03 22:17:16 DEBUG o.apache.catalina.util.LifecycleBase - Setting state for [StandardEngineValve[StandardEngine[Tomcat]]] to [INITIALIZING]
2026-05-03 22:17:16 DEBUG o.apache.catalina.util.LifecycleBase - Setting state for [StandardEngineValve[StandardEngine[Tomcat]]] to [INITIALIZED]
2026-05-03 22:17:16 DEBUG o.apache.catalina.util.LifecycleBase - Setting state for [StandardEngineValve[StandardEngine[Tomcat]]] to [STARTING_PREP]
2026-05-03 22:17:16 DEBUG o.apache.catalina.util.LifecycleBase - Setting state for [StandardEngineValve[StandardEngine[Tomcat]]] to [STARTING]
2026-05-03 22:17:16 DEBUG o.apache.catalina.util.LifecycleBase - Setting state for [StandardEngineValve[StandardEngine[Tomcat]]] to [STARTED]
2026-05-03 22:17:16 DEBUG o.apache.catalina.util.LifecycleBase - Setting state for [StandardPipeline[StandardEngine[Tomcat]]] to [STARTING]
2026-05-03 22:17:16 DEBUG o.apache.catalina.util.LifecycleBase - Setting state for [StandardPipeline[StandardEngine[Tomcat]]] to [STARTED]
2026-05-03 22:17:16 DEBUG o.apache.catalina.util.LifecycleBase - Setting state for [StandardEngine[Tomcat]] to [STARTING]
2026-05-03 22:17:16 DEBUG o.apache.catalina.util.LifecycleBase - Setting state for [StandardEngine[Tomcat]] to [STARTED]
2026-05-03 22:17:16 DEBUG o.apache.catalina.util.LifecycleBase - Setting state for [org.apache.catalina.mapper.MapperListener@798deee8] to [STARTING_PREP]
2026-05-03 22:17:16 DEBUG o.apache.catalina.util.LifecycleBase - Setting state for [org.apache.catalina.mapper.MapperListener@798deee8] to [STARTING]
2026-05-03 22:17:16 DEBUG org.apache.catalina.mapper.Mapper - Registered host [localhost]
2026-05-03 22:17:16 DEBUG o.a.catalina.mapper.MapperListener - Register Wrapper [dispatcherServlet] in Context [] for service [StandardService[Tomcat]]
2026-05-03 22:17:16 DEBUG o.a.catalina.mapper.MapperListener - Register Context [] for service [StandardService[Tomcat]]
2026-05-03 22:17:16 DEBUG o.a.catalina.mapper.MapperListener - Register host [localhost] at domain [null] for service [StandardService[Tomcat]]
2026-05-03 22:17:16 DEBUG o.apache.catalina.util.LifecycleBase - Setting state for [org.apache.catalina.mapper.MapperListener@798deee8] to [STARTED]
2026-05-03 22:17:16 DEBUG o.apache.catalina.util.LifecycleBase - Setting state for [StandardService[Tomcat]] to [STARTED]
2026-05-03 22:17:16 DEBUG o.apache.catalina.util.LifecycleBase - Setting state for [StandardServer[-1]] to [STARTED]
2026-05-03 22:17:17 DEBUG o.apache.catalina.webresources.Cache - Increased cache size by [521] for item [org.apache.catalina.webresources.CachedResource@528070fe] at [/index.html] making total cache size [2204]
2026-05-03 22:17:17 DEBUG o.apache.catalina.webresources.Cache - Increased cache size by [501] for item [org.apache.catalina.webresources.CachedResource@18ac2dfe] at [/] making total cache size [2705]
2026-05-03 22:17:18 DEBUG o.apache.catalina.util.LifecycleBase - Setting state for [Connector["http-nio-8080"]] to [STARTING_PREP]
2026-05-03 22:17:18 DEBUG o.apache.catalina.util.LifecycleBase - Setting state for [Connector["http-nio-8080"]] to [STARTING]
2026-05-03 22:17:18 INFO  o.a.coyote.http11.Http11NioProtocol - Starting ProtocolHandler ["http-nio-8080"]
2026-05-03 22:17:18 DEBUG o.apache.catalina.util.LifecycleBase - Setting state for [Connector["http-nio-8080"]] to [STARTED]
2026-05-03 22:17:29 DEBUG o.a.coyote.http11.Http11Processor - Error parsing HTTP request header
java.io.EOFException
	at org.apache.tomcat.util.net.NioEndpoint$NioSocketWrapper.fillReadBuffer(NioEndpoint.java:1334)
	at org.apache.tomcat.util.net.NioEndpoint$NioSocketWrapper.read(NioEndpoint.java:1218)
	at org.apache.coyote.http11.Http11InputBuffer.fill(Http11InputBuffer.java:780)
	at org.apache.coyote.http11.Http11InputBuffer.parseRequestLine(Http11InputBuffer.java:345)
	at org.apache.coyote.http11.Http11Processor.service(Http11Processor.java:272)
	at org.apache.coyote.AbstractProcessorLight.process(AbstractProcessorLight.java:63)
	at org.apache.coyote.AbstractProtocol$ConnectionHandler.process(AbstractProtocol.java:903)
	at org.apache.tomcat.util.net.NioEndpoint$SocketProcessor.doRun(NioEndpoint.java:1775)
	at org.apache.tomcat.util.net.SocketProcessorBase.run(SocketProcessorBase.java:52)
	at org.apache.tomcat.util.threads.ThreadPoolExecutor.runWorker(ThreadPoolExecutor.java:973)
	at org.apache.tomcat.util.threads.ThreadPoolExecutor$Worker.run(ThreadPoolExecutor.java:491)
	at org.apache.tomcat.util.threads.TaskThread$WrappingRunnable.run(TaskThread.java:63)
	at java.base/java.lang.Thread.run(Thread.java:1583)
2026-05-03 22:17:29 DEBUG o.a.coyote.http11.Http11Processor - Error state [CLOSE_CONNECTION_NOW] reported while processing request
java.io.EOFException
	at org.apache.tomcat.util.net.NioEndpoint$NioSocketWrapper.fillReadBuffer(NioEndpoint.java:1334)
	at org.apache.tomcat.util.net.NioEndpoint$NioSocketWrapper.read(NioEndpoint.java:1218)
	at org.apache.coyote.http11.Http11InputBuffer.fill(Http11InputBuffer.java:780)
	at org.apache.coyote.http11.Http11InputBuffer.parseRequestLine(Http11InputBuffer.java:345)
	at org.apache.coyote.http11.Http11Processor.service(Http11Processor.java:272)
	at org.apache.coyote.AbstractProcessorLight.process(AbstractProcessorLight.java:63)
	at org.apache.coyote.AbstractProtocol$ConnectionHandler.process(AbstractProtocol.java:903)
	at org.apache.tomcat.util.net.NioEndpoint$SocketProcessor.doRun(NioEndpoint.java:1775)
	at org.apache.tomcat.util.net.SocketProcessorBase.run(SocketProcessorBase.java:52)
	at org.apache.tomcat.util.threads.ThreadPoolExecutor.runWorker(ThreadPoolExecutor.java:973)
	at org.apache.tomcat.util.threads.ThreadPoolExecutor$Worker.run(ThreadPoolExecutor.java:491)
	at org.apache.tomcat.util.threads.TaskThread$WrappingRunnable.run(TaskThread.java:63)
	at java.base/java.lang.Thread.run(Thread.java:1583)
2026-05-03 22:17:29 DEBUG o.a.c.a.jaspic.AuthConfigFactoryImpl - Loading persistent provider registrations from [C:\Users\CyberPirate\AppData\Local\Temp\tomcat.8080.7174733838171098659\conf\jaspic-providers.xml]
2026-05-03 22:17:29 INFO  o.a.c.c.C.[Tomcat].[localhost].[/] - Initializing Spring DispatcherServlet 'dispatcherServlet'
2026-05-03 22:19:40 DEBUG o.a.coyote.http11.Http11Processor - Error parsing HTTP request header
java.io.EOFException
	at org.apache.tomcat.util.net.NioEndpoint$NioSocketWrapper.fillReadBuffer(NioEndpoint.java:1334)
	at org.apache.tomcat.util.net.NioEndpoint$NioSocketWrapper.read(NioEndpoint.java:1218)
	at org.apache.coyote.http11.Http11InputBuffer.fill(Http11InputBuffer.java:780)
	at org.apache.coyote.http11.Http11InputBuffer.parseRequestLine(Http11InputBuffer.java:345)
	at org.apache.coyote.http11.Http11Processor.service(Http11Processor.java:272)
	at org.apache.coyote.AbstractProcessorLight.process(AbstractProcessorLight.java:63)
	at org.apache.coyote.AbstractProtocol$ConnectionHandler.process(AbstractProtocol.java:903)
	at org.apache.tomcat.util.net.NioEndpoint$SocketProcessor.doRun(NioEndpoint.java:1775)
	at org.apache.tomcat.util.net.SocketProcessorBase.run(SocketProcessorBase.java:52)
	at org.apache.tomcat.util.threads.ThreadPoolExecutor.runWorker(ThreadPoolExecutor.java:973)
	at org.apache.tomcat.util.threads.ThreadPoolExecutor$Worker.run(ThreadPoolExecutor.java:491)
	at org.apache.tomcat.util.threads.TaskThread$WrappingRunnable.run(TaskThread.java:63)
	at java.base/java.lang.Thread.run(Thread.java:1583)
2026-05-03 22:19:40 DEBUG o.a.coyote.http11.Http11Processor - Error state [CLOSE_CONNECTION_NOW] reported while processing request
java.io.EOFException
	at org.apache.tomcat.util.net.NioEndpoint$NioSocketWrapper.fillReadBuffer(NioEndpoint.java:1334)
	at org.apache.tomcat.util.net.NioEndpoint$NioSocketWrapper.read(NioEndpoint.java:1218)
	at org.apache.coyote.http11.Http11InputBuffer.fill(Http11InputBuffer.java:780)
	at org.apache.coyote.http11.Http11InputBuffer.parseRequestLine(Http11InputBuffer.java:345)
	at org.apache.coyote.http11.Http11Processor.service(Http11Processor.java:272)
	at org.apache.coyote.AbstractProcessorLight.process(AbstractProcessorLight.java:63)
	at org.apache.coyote.AbstractProtocol$ConnectionHandler.process(AbstractProtocol.java:903)
	at org.apache.tomcat.util.net.NioEndpoint$SocketProcessor.doRun(NioEndpoint.java:1775)
	at org.apache.tomcat.util.net.SocketProcessorBase.run(SocketProcessorBase.java:52)
	at org.apache.tomcat.util.threads.ThreadPoolExecutor.runWorker(ThreadPoolExecutor.java:973)
	at org.apache.tomcat.util.threads.ThreadPoolExecutor$Worker.run(ThreadPoolExecutor.java:491)
	at org.apache.tomcat.util.threads.TaskThread$WrappingRunnable.run(TaskThread.java:63)
	at java.base/java.lang.Thread.run(Thread.java:1583)
2026-05-03 22:24:40 DEBUG o.a.tomcat.util.compat.Jre22Compat - Class not found so assuming code is running on a pre-Java 22 JVM
java.lang.ClassNotFoundException: java.text.ListFormat
	at java.base/jdk.internal.loader.BuiltinClassLoader.loadClass(BuiltinClassLoader.java:641)
	at java.base/jdk.internal.loader.ClassLoaders$AppClassLoader.loadClass(ClassLoaders.java:188)
	at java.base/java.lang.ClassLoader.loadClass(ClassLoader.java:526)
	at java.base/java.lang.Class.forName0(Native Method)
	at java.base/java.lang.Class.forName(Class.java:423)
	at java.base/java.lang.Class.forName(Class.java:414)
	at org.apache.tomcat.util.compat.Jre22Compat.<clinit>(Jre22Compat.java:37)
	at org.apache.tomcat.util.compat.JreCompat.<clinit>(JreCompat.java:75)
	at org.apache.catalina.startup.Tomcat.<clinit>(Tomcat.java:1196)
	at org.springframework.boot.web.embedded.tomcat.TomcatServletWebServerFactory.getWebServer(TomcatServletWebServerFactory.java:200)
	at org.springframework.boot.web.servlet.context.ServletWebServerApplicationContext.createWebServer(ServletWebServerApplicationContext.java:193)
	at org.springframework.boot.web.servlet.context.ServletWebServerApplicationContext.onRefresh(ServletWebServerApplicationContext.java:167)
	at org.springframework.context.support.AbstractApplicationContext.refresh(AbstractApplicationContext.java:622)
	at org.springframework.boot.web.servlet.context.ServletWebServerApplicationContext.refresh(ServletWebServerApplicationContext.java:146)
	at org.springframework.boot.SpringApplication.refresh(SpringApplication.java:752)
	at org.springframework.boot.SpringApplication.refreshContext(SpringApplication.java:439)
	at org.springframework.boot.SpringApplication.run(SpringApplication.java:318)
	at org.springframework.boot.SpringApplication.run(SpringApplication.java:1361)
	at org.springframework.boot.SpringApplication.run(SpringApplication.java:1350)
	at gr.aueb.cf.eduapp.EduAppApplication.main(EduAppApplication.java:12)
2026-05-03 22:24:40 DEBUG o.apache.catalina.core.ContainerBase - Add container child [StandardHost[localhost]] to container [StandardEngine[Tomcat]]
2026-05-03 22:24:40 DEBUG o.apache.catalina.core.ContainerBase - Add container child [TomcatEmbeddedContext[]] to container [StandardEngine[Tomcat].StandardHost[localhost]]
2026-05-03 22:24:40 DEBUG o.apache.catalina.util.LifecycleBase - Setting state for [StandardServer[-1]] to [INITIALIZING]
2026-05-03 22:24:40 DEBUG o.apache.catalina.util.LifecycleBase - Setting state for [org.apache.catalina.deploy.NamingResourcesImpl@261de205] to [INITIALIZING]
2026-05-03 22:24:40 DEBUG o.apache.catalina.util.LifecycleBase - Setting state for [org.apache.catalina.deploy.NamingResourcesImpl@261de205] to [INITIALIZED]
2026-05-03 22:24:40 DEBUG o.apache.catalina.util.LifecycleBase - Setting state for [StandardService[Tomcat]] to [INITIALIZING]
2026-05-03 22:24:40 DEBUG o.apache.catalina.util.LifecycleBase - Setting state for [StandardEngine[Tomcat]] to [INITIALIZING]
2026-05-03 22:24:40 DEBUG o.apache.catalina.util.LifecycleBase - Setting state for [StandardEngine[Tomcat]] to [INITIALIZED]
2026-05-03 22:24:40 DEBUG o.apache.catalina.util.LifecycleBase - Setting state for [org.apache.catalina.mapper.MapperListener@ce12fbb] to [INITIALIZING]
2026-05-03 22:24:40 DEBUG o.apache.catalina.util.LifecycleBase - Setting state for [org.apache.catalina.mapper.MapperListener@ce12fbb] to [INITIALIZED]
2026-05-03 22:24:40 DEBUG o.apache.catalina.util.LifecycleBase - Setting state for [Connector["http-nio-8080"]] to [INITIALIZING]
2026-05-03 22:24:40 INFO  o.a.coyote.http11.Http11NioProtocol - Initializing ProtocolHandler ["http-nio-8080"]
2026-05-03 22:24:40 DEBUG o.apache.catalina.util.LifecycleBase - Setting state for [Connector["http-nio-8080"]] to [INITIALIZED]
2026-05-03 22:24:40 DEBUG o.apache.catalina.util.LifecycleBase - Setting state for [StandardService[Tomcat]] to [INITIALIZED]
2026-05-03 22:24:40 DEBUG o.apache.catalina.util.LifecycleBase - Setting state for [StandardServer[-1]] to [INITIALIZED]
2026-05-03 22:24:40 DEBUG o.apache.catalina.util.LifecycleBase - Setting state for [StandardServer[-1]] to [STARTING_PREP]
2026-05-03 22:24:40 DEBUG o.apache.catalina.util.LifecycleBase - Setting state for [StandardServer[-1]] to [STARTING]
2026-05-03 22:24:40 DEBUG o.apache.catalina.util.LifecycleBase - Setting state for [org.apache.catalina.deploy.NamingResourcesImpl@261de205] to [STARTING_PREP]
2026-05-03 22:24:40 DEBUG o.apache.catalina.util.LifecycleBase - Setting state for [org.apache.catalina.deploy.NamingResourcesImpl@261de205] to [STARTING]
2026-05-03 22:24:40 DEBUG o.apache.catalina.util.LifecycleBase - Setting state for [org.apache.catalina.deploy.NamingResourcesImpl@261de205] to [STARTED]
2026-05-03 22:24:40 DEBUG o.apache.catalina.util.LifecycleBase - Setting state for [StandardService[Tomcat]] to [STARTING_PREP]
2026-05-03 22:24:40 INFO  o.a.catalina.core.StandardService - Starting service [Tomcat]
2026-05-03 22:24:40 DEBUG o.apache.catalina.util.LifecycleBase - Setting state for [StandardService[Tomcat]] to [STARTING]
2026-05-03 22:24:40 DEBUG o.apache.catalina.util.LifecycleBase - Setting state for [StandardEngine[Tomcat]] to [STARTING_PREP]
2026-05-03 22:24:40 INFO  o.a.catalina.core.StandardEngine - Starting Servlet engine: [Apache Tomcat/10.1.52]
2026-05-03 22:24:40 DEBUG o.apache.catalina.util.LifecycleBase - Setting state for [SimpleRealm[StandardEngine[Tomcat]]] to [INITIALIZING]
2026-05-03 22:24:40 DEBUG o.apache.catalina.util.LifecycleBase - Setting state for [SimpleRealm[StandardEngine[Tomcat]]] to [INITIALIZED]
2026-05-03 22:24:40 DEBUG o.apache.catalina.util.LifecycleBase - Setting state for [SimpleRealm[StandardEngine[Tomcat]]] to [STARTING_PREP]
2026-05-03 22:24:40 DEBUG o.apache.catalina.util.LifecycleBase - Setting state for [SimpleRealm[StandardEngine[Tomcat]]] to [STARTING]
2026-05-03 22:24:40 DEBUG o.apache.catalina.util.LifecycleBase - Setting state for [SimpleRealm[StandardEngine[Tomcat]]] to [STARTED]
2026-05-03 22:24:40 DEBUG o.apache.catalina.util.LifecycleBase - Setting state for [StandardEngine[Tomcat].StandardHost[localhost]] to [INITIALIZING]
2026-05-03 22:24:40 DEBUG o.apache.catalina.util.LifecycleBase - Setting state for [StandardEngine[Tomcat].StandardHost[localhost]] to [INITIALIZED]
2026-05-03 22:24:40 DEBUG o.apache.catalina.util.LifecycleBase - Setting state for [StandardEngine[Tomcat].StandardHost[localhost]] to [STARTING_PREP]
2026-05-03 22:24:40 DEBUG o.apache.catalina.util.LifecycleBase - Setting state for [StandardEngine[Tomcat].StandardHost[localhost].TomcatEmbeddedContext[]] to [INITIALIZING]
2026-05-03 22:24:40 DEBUG o.apache.catalina.util.LifecycleBase - Setting state for [StandardEngine[Tomcat].StandardHost[localhost].TomcatEmbeddedContext[]] to [INITIALIZED]
2026-05-03 22:24:40 DEBUG o.apache.catalina.util.LifecycleBase - Setting state for [StandardEngine[Tomcat].StandardHost[localhost].TomcatEmbeddedContext[]] to [STARTING_PREP]
2026-05-03 22:24:40 DEBUG o.apache.catalina.util.LifecycleBase - Setting state for [org.apache.catalina.webresources.StandardRoot@5234b61a] to [INITIALIZING]
2026-05-03 22:24:40 DEBUG o.apache.catalina.util.LifecycleBase - Setting state for [org.apache.catalina.webresources.StandardRoot@5234b61a] to [INITIALIZED]
2026-05-03 22:24:40 DEBUG o.apache.catalina.util.LifecycleBase - Setting state for [org.apache.catalina.webresources.StandardRoot@5234b61a] to [STARTING_PREP]
2026-05-03 22:24:40 DEBUG o.apache.catalina.util.LifecycleBase - Setting state for [org.apache.catalina.webresources.DirResourceSet@1e545821] to [INITIALIZING]
2026-05-03 22:24:40 DEBUG o.apache.catalina.util.LifecycleBase - Setting state for [org.apache.catalina.webresources.DirResourceSet@1e545821] to [INITIALIZED]
2026-05-03 22:24:40 DEBUG o.apache.catalina.util.LifecycleBase - Setting state for [org.apache.catalina.webresources.DirResourceSet@1e545821] to [STARTING_PREP]
2026-05-03 22:24:40 DEBUG o.apache.catalina.util.LifecycleBase - Setting state for [org.apache.catalina.webresources.DirResourceSet@1e545821] to [STARTING]
2026-05-03 22:24:40 DEBUG o.apache.catalina.util.LifecycleBase - Setting state for [org.apache.catalina.webresources.DirResourceSet@1e545821] to [STARTED]
2026-05-03 22:24:40 DEBUG o.apache.catalina.util.LifecycleBase - Setting state for [org.apache.catalina.webresources.StandardRoot@5234b61a] to [STARTING]
2026-05-03 22:24:40 DEBUG o.apache.catalina.util.LifecycleBase - Setting state for [org.apache.catalina.webresources.StandardRoot@5234b61a] to [STARTED]
2026-05-03 22:24:40 DEBUG o.apache.catalina.util.LifecycleBase - Setting state for [WebappLoader[StandardEngine[Tomcat].StandardHost[localhost].TomcatEmbeddedContext[]]] to [INITIALIZING]
2026-05-03 22:24:40 DEBUG o.apache.catalina.util.LifecycleBase - Setting state for [WebappLoader[StandardEngine[Tomcat].StandardHost[localhost].TomcatEmbeddedContext[]]] to [INITIALIZED]
2026-05-03 22:24:40 DEBUG o.apache.catalina.util.LifecycleBase - Setting state for [WebappLoader[StandardEngine[Tomcat].StandardHost[localhost].TomcatEmbeddedContext[]]] to [STARTING_PREP]
2026-05-03 22:24:40 DEBUG o.a.catalina.loader.WebappLoader - Starting this Loader
2026-05-03 22:24:40 DEBUG o.apache.catalina.webresources.Cache - Increased cache size by [531] for item [org.apache.catalina.webresources.CachedResource@2ee39e73] at [/WEB-INF/classes] making total cache size [531]
2026-05-03 22:24:40 DEBUG o.apache.catalina.util.LifecycleBase - Setting state for [WebappLoader[StandardEngine[Tomcat].StandardHost[localhost].TomcatEmbeddedContext[]]] to [STARTING]
2026-05-03 22:24:40 DEBUG o.apache.catalina.util.LifecycleBase - Setting state for [WebappLoader[StandardEngine[Tomcat].StandardHost[localhost].TomcatEmbeddedContext[]]] to [STARTED]
2026-05-03 22:24:40 DEBUG o.apache.catalina.util.LifecycleBase - Setting state for [StandardPipeline[StandardEngine[Tomcat].StandardHost[localhost].TomcatEmbeddedContext[]]] to [INITIALIZING]
2026-05-03 22:24:40 DEBUG o.apache.catalina.util.LifecycleBase - Setting state for [StandardPipeline[StandardEngine[Tomcat].StandardHost[localhost].TomcatEmbeddedContext[]]] to [INITIALIZED]
2026-05-03 22:24:40 DEBUG o.apache.catalina.util.LifecycleBase - Setting state for [StandardPipeline[StandardEngine[Tomcat].StandardHost[localhost].TomcatEmbeddedContext[]]] to [STARTING_PREP]
2026-05-03 22:24:40 DEBUG o.apache.catalina.util.LifecycleBase - Setting state for [NonLoginAuthenticator[StandardEngine[Tomcat].StandardHost[localhost].TomcatEmbeddedContext[]]] to [INITIALIZING]
2026-05-03 22:24:40 DEBUG o.apache.catalina.util.LifecycleBase - Setting state for [NonLoginAuthenticator[StandardEngine[Tomcat].StandardHost[localhost].TomcatEmbeddedContext[]]] to [INITIALIZED]
2026-05-03 22:24:40 DEBUG o.apache.catalina.util.LifecycleBase - Setting state for [NonLoginAuthenticator[StandardEngine[Tomcat].StandardHost[localhost].TomcatEmbeddedContext[]]] to [STARTING_PREP]
2026-05-03 22:24:40 DEBUG o.apache.catalina.util.LifecycleBase - Setting state for [NonLoginAuthenticator[StandardEngine[Tomcat].StandardHost[localhost].TomcatEmbeddedContext[]]] to [STARTING]
2026-05-03 22:24:40 DEBUG o.apache.catalina.util.LifecycleBase - Setting state for [NonLoginAuthenticator[StandardEngine[Tomcat].StandardHost[localhost].TomcatEmbeddedContext[]]] to [STARTED]
2026-05-03 22:24:40 DEBUG o.apache.catalina.util.LifecycleBase - Setting state for [StandardContextValve[StandardEngine[Tomcat].StandardHost[localhost].TomcatEmbeddedContext[]]] to [INITIALIZING]
2026-05-03 22:24:40 DEBUG o.apache.catalina.util.LifecycleBase - Setting state for [StandardContextValve[StandardEngine[Tomcat].StandardHost[localhost].TomcatEmbeddedContext[]]] to [INITIALIZED]
2026-05-03 22:24:40 DEBUG o.apache.catalina.util.LifecycleBase - Setting state for [StandardContextValve[StandardEngine[Tomcat].StandardHost[localhost].TomcatEmbeddedContext[]]] to [STARTING_PREP]
2026-05-03 22:24:40 DEBUG o.apache.catalina.util.LifecycleBase - Setting state for [StandardContextValve[StandardEngine[Tomcat].StandardHost[localhost].TomcatEmbeddedContext[]]] to [STARTING]
2026-05-03 22:24:40 DEBUG o.apache.catalina.util.LifecycleBase - Setting state for [StandardContextValve[StandardEngine[Tomcat].StandardHost[localhost].TomcatEmbeddedContext[]]] to [STARTED]
2026-05-03 22:24:40 DEBUG o.apache.catalina.util.LifecycleBase - Setting state for [StandardPipeline[StandardEngine[Tomcat].StandardHost[localhost].TomcatEmbeddedContext[]]] to [STARTING]
2026-05-03 22:24:40 DEBUG o.apache.catalina.util.LifecycleBase - Setting state for [StandardPipeline[StandardEngine[Tomcat].StandardHost[localhost].TomcatEmbeddedContext[]]] to [STARTED]
2026-05-03 22:24:40 DEBUG o.a.catalina.core.StandardContext - No manager found. Checking if cluster manager should be used. Cluster configured: [false], Application distributable: [false]
2026-05-03 22:24:40 DEBUG o.a.catalina.core.StandardContext - Configured a manager of class [org.apache.catalina.session.StandardManager]
2026-05-03 22:24:40 DEBUG o.apache.catalina.util.LifecycleBase - Setting state for [org.apache.catalina.deploy.NamingResourcesImpl@31f77791] to [INITIALIZING]
2026-05-03 22:24:40 DEBUG o.apache.catalina.util.LifecycleBase - Setting state for [org.apache.catalina.deploy.NamingResourcesImpl@31f77791] to [INITIALIZED]
2026-05-03 22:24:40 DEBUG o.apache.catalina.util.LifecycleBase - Setting state for [org.apache.catalina.deploy.NamingResourcesImpl@31f77791] to [STARTING_PREP]
2026-05-03 22:24:40 DEBUG o.apache.catalina.util.LifecycleBase - Setting state for [org.apache.catalina.deploy.NamingResourcesImpl@31f77791] to [STARTING]
2026-05-03 22:24:40 DEBUG o.apache.catalina.util.LifecycleBase - Setting state for [org.apache.catalina.deploy.NamingResourcesImpl@31f77791] to [STARTED]
2026-05-03 22:24:40 INFO  o.a.c.c.C.[Tomcat].[localhost].[/] - Initializing Spring embedded WebApplicationContext
2026-05-03 22:24:41 DEBUG o.apache.catalina.webresources.Cache - Increased cache size by [573] for item [org.apache.catalina.webresources.CachedResource@4ec0229c] at [/WEB-INF/classes/hibernate.properties] making total cache size [1104]
2026-05-03 22:24:42 DEBUG o.apache.catalina.webresources.Cache - Increased cache size by [579] for item [org.apache.catalina.webresources.CachedResource@7dfab58d] at [/WEB-INF/classes/META-INF/validation.xml] making total cache size [1683]
2026-05-03 22:24:44 DEBUG o.apache.catalina.core.ContainerBase - Add container child [StandardWrapper[dispatcherServlet]] to container [StandardEngine[Tomcat].StandardHost[localhost].TomcatEmbeddedContext[]]
2026-05-03 22:24:44 DEBUG o.apache.catalina.util.LifecycleBase - Setting state for [StandardEngine[Tomcat].StandardHost[localhost].TomcatEmbeddedContext[].StandardWrapper[dispatcherServlet]] to [INITIALIZING]
2026-05-03 22:24:44 DEBUG o.apache.catalina.util.LifecycleBase - Setting state for [StandardEngine[Tomcat].StandardHost[localhost].TomcatEmbeddedContext[].StandardWrapper[dispatcherServlet]] to [INITIALIZED]
2026-05-03 22:24:44 DEBUG o.apache.catalina.util.LifecycleBase - Setting state for [StandardEngine[Tomcat].StandardHost[localhost].TomcatEmbeddedContext[].StandardWrapper[dispatcherServlet]] to [STARTING_PREP]
2026-05-03 22:24:44 DEBUG o.apache.catalina.util.LifecycleBase - Setting state for [StandardPipeline[StandardEngine[Tomcat].StandardHost[localhost].TomcatEmbeddedContext[].StandardWrapper[dispatcherServlet]]] to [INITIALIZING]
2026-05-03 22:24:44 DEBUG o.apache.catalina.util.LifecycleBase - Setting state for [StandardPipeline[StandardEngine[Tomcat].StandardHost[localhost].TomcatEmbeddedContext[].StandardWrapper[dispatcherServlet]]] to [INITIALIZED]
2026-05-03 22:24:44 DEBUG o.apache.catalina.util.LifecycleBase - Setting state for [StandardPipeline[StandardEngine[Tomcat].StandardHost[localhost].TomcatEmbeddedContext[].StandardWrapper[dispatcherServlet]]] to [STARTING_PREP]
2026-05-03 22:24:44 DEBUG o.apache.catalina.util.LifecycleBase - Setting state for [StandardWrapperValve[StandardEngine[Tomcat].StandardHost[localhost].TomcatEmbeddedContext[].StandardWrapper[dispatcherServlet]]] to [INITIALIZING]
2026-05-03 22:24:44 DEBUG o.apache.catalina.util.LifecycleBase - Setting state for [StandardWrapperValve[StandardEngine[Tomcat].StandardHost[localhost].TomcatEmbeddedContext[].StandardWrapper[dispatcherServlet]]] to [INITIALIZED]
2026-05-03 22:24:44 DEBUG o.apache.catalina.util.LifecycleBase - Setting state for [StandardWrapperValve[StandardEngine[Tomcat].StandardHost[localhost].TomcatEmbeddedContext[].StandardWrapper[dispatcherServlet]]] to [STARTING_PREP]
2026-05-03 22:24:44 DEBUG o.apache.catalina.util.LifecycleBase - Setting state for [StandardWrapperValve[StandardEngine[Tomcat].StandardHost[localhost].TomcatEmbeddedContext[].StandardWrapper[dispatcherServlet]]] to [STARTING]
2026-05-03 22:24:44 DEBUG o.apache.catalina.util.LifecycleBase - Setting state for [StandardWrapperValve[StandardEngine[Tomcat].StandardHost[localhost].TomcatEmbeddedContext[].StandardWrapper[dispatcherServlet]]] to [STARTED]
2026-05-03 22:24:44 DEBUG o.apache.catalina.util.LifecycleBase - Setting state for [StandardPipeline[StandardEngine[Tomcat].StandardHost[localhost].TomcatEmbeddedContext[].StandardWrapper[dispatcherServlet]]] to [STARTING]
2026-05-03 22:24:44 DEBUG o.apache.catalina.util.LifecycleBase - Setting state for [StandardPipeline[StandardEngine[Tomcat].StandardHost[localhost].TomcatEmbeddedContext[].StandardWrapper[dispatcherServlet]]] to [STARTED]
2026-05-03 22:24:44 DEBUG o.apache.catalina.util.LifecycleBase - Setting state for [StandardEngine[Tomcat].StandardHost[localhost].TomcatEmbeddedContext[].StandardWrapper[dispatcherServlet]] to [STARTING]
2026-05-03 22:24:44 DEBUG o.apache.catalina.util.LifecycleBase - Setting state for [StandardEngine[Tomcat].StandardHost[localhost].TomcatEmbeddedContext[].StandardWrapper[dispatcherServlet]] to [STARTED]
2026-05-03 22:24:44 DEBUG o.apache.catalina.util.LifecycleBase - Setting state for [StandardManager[StandardEngine[Tomcat].StandardHost[localhost].TomcatEmbeddedContext[]]] to [INITIALIZING]
2026-05-03 22:24:44 DEBUG o.apache.catalina.util.LifecycleBase - Setting state for [StandardManager[StandardEngine[Tomcat].StandardHost[localhost].TomcatEmbeddedContext[]]] to [INITIALIZED]
2026-05-03 22:24:44 DEBUG o.apache.catalina.util.LifecycleBase - Setting state for [StandardManager[StandardEngine[Tomcat].StandardHost[localhost].TomcatEmbeddedContext[]]] to [STARTING_PREP]
2026-05-03 22:24:44 DEBUG o.apache.catalina.util.LifecycleBase - Setting state for [org.springframework.boot.web.embedded.tomcat.LazySessionIdGenerator@33c91567] to [INITIALIZING]
2026-05-03 22:24:44 DEBUG o.apache.catalina.util.LifecycleBase - Setting state for [org.springframework.boot.web.embedded.tomcat.LazySessionIdGenerator@33c91567] to [INITIALIZED]
2026-05-03 22:24:44 DEBUG o.apache.catalina.util.LifecycleBase - Setting state for [org.springframework.boot.web.embedded.tomcat.LazySessionIdGenerator@33c91567] to [STARTING_PREP]
2026-05-03 22:24:44 DEBUG o.apache.catalina.util.LifecycleBase - Setting state for [org.springframework.boot.web.embedded.tomcat.LazySessionIdGenerator@33c91567] to [STARTING]
2026-05-03 22:24:44 DEBUG o.apache.catalina.util.LifecycleBase - Setting state for [org.springframework.boot.web.embedded.tomcat.LazySessionIdGenerator@33c91567] to [STARTED]
2026-05-03 22:24:44 DEBUG o.apache.catalina.util.LifecycleBase - Setting state for [StandardManager[StandardEngine[Tomcat].StandardHost[localhost].TomcatEmbeddedContext[]]] to [STARTING]
2026-05-03 22:24:44 DEBUG o.apache.catalina.util.LifecycleBase - Setting state for [StandardManager[StandardEngine[Tomcat].StandardHost[localhost].TomcatEmbeddedContext[]]] to [STARTED]
2026-05-03 22:24:44 DEBUG o.apache.catalina.util.LifecycleBase - Setting state for [StandardEngine[Tomcat].StandardHost[localhost].TomcatEmbeddedContext[]] to [STARTING]
2026-05-03 22:24:44 DEBUG o.apache.catalina.util.LifecycleBase - Setting state for [StandardEngine[Tomcat].StandardHost[localhost].TomcatEmbeddedContext[]] to [STARTED]
2026-05-03 22:24:44 DEBUG o.apache.catalina.util.LifecycleBase - Setting state for [StandardPipeline[StandardEngine[Tomcat].StandardHost[localhost]]] to [INITIALIZING]
2026-05-03 22:24:44 DEBUG o.apache.catalina.util.LifecycleBase - Setting state for [StandardPipeline[StandardEngine[Tomcat].StandardHost[localhost]]] to [INITIALIZED]
2026-05-03 22:24:44 DEBUG o.apache.catalina.util.LifecycleBase - Setting state for [StandardPipeline[StandardEngine[Tomcat].StandardHost[localhost]]] to [STARTING_PREP]
2026-05-03 22:24:44 DEBUG o.apache.catalina.util.LifecycleBase - Setting state for [ErrorReportValve[StandardEngine[Tomcat].StandardHost[localhost]]] to [INITIALIZING]
2026-05-03 22:24:44 DEBUG o.apache.catalina.util.LifecycleBase - Setting state for [ErrorReportValve[StandardEngine[Tomcat].StandardHost[localhost]]] to [INITIALIZED]
2026-05-03 22:24:44 DEBUG o.apache.catalina.util.LifecycleBase - Setting state for [ErrorReportValve[StandardEngine[Tomcat].StandardHost[localhost]]] to [STARTING_PREP]
2026-05-03 22:24:44 DEBUG o.apache.catalina.util.LifecycleBase - Setting state for [ErrorReportValve[StandardEngine[Tomcat].StandardHost[localhost]]] to [STARTING]
2026-05-03 22:24:44 DEBUG o.apache.catalina.util.LifecycleBase - Setting state for [ErrorReportValve[StandardEngine[Tomcat].StandardHost[localhost]]] to [STARTED]
2026-05-03 22:24:44 DEBUG o.apache.catalina.util.LifecycleBase - Setting state for [StandardHostValve[StandardEngine[Tomcat].StandardHost[localhost]]] to [INITIALIZING]
2026-05-03 22:24:44 DEBUG o.apache.catalina.util.LifecycleBase - Setting state for [StandardHostValve[StandardEngine[Tomcat].StandardHost[localhost]]] to [INITIALIZED]
2026-05-03 22:24:44 DEBUG o.apache.catalina.util.LifecycleBase - Setting state for [StandardHostValve[StandardEngine[Tomcat].StandardHost[localhost]]] to [STARTING_PREP]
2026-05-03 22:24:44 DEBUG o.apache.catalina.util.LifecycleBase - Setting state for [StandardHostValve[StandardEngine[Tomcat].StandardHost[localhost]]] to [STARTING]
2026-05-03 22:24:44 DEBUG o.apache.catalina.util.LifecycleBase - Setting state for [StandardHostValve[StandardEngine[Tomcat].StandardHost[localhost]]] to [STARTED]
2026-05-03 22:24:44 DEBUG o.apache.catalina.util.LifecycleBase - Setting state for [StandardPipeline[StandardEngine[Tomcat].StandardHost[localhost]]] to [STARTING]
2026-05-03 22:24:44 DEBUG o.apache.catalina.util.LifecycleBase - Setting state for [StandardPipeline[StandardEngine[Tomcat].StandardHost[localhost]]] to [STARTED]
2026-05-03 22:24:44 DEBUG o.apache.catalina.util.LifecycleBase - Setting state for [StandardEngine[Tomcat].StandardHost[localhost]] to [STARTING]
2026-05-03 22:24:44 DEBUG o.apache.catalina.util.LifecycleBase - Setting state for [StandardEngine[Tomcat].StandardHost[localhost]] to [STARTED]
2026-05-03 22:24:44 DEBUG o.apache.catalina.util.LifecycleBase - Setting state for [StandardPipeline[StandardEngine[Tomcat]]] to [INITIALIZING]
2026-05-03 22:24:44 DEBUG o.apache.catalina.util.LifecycleBase - Setting state for [StandardPipeline[StandardEngine[Tomcat]]] to [INITIALIZED]
2026-05-03 22:24:44 DEBUG o.apache.catalina.util.LifecycleBase - Setting state for [StandardPipeline[StandardEngine[Tomcat]]] to [STARTING_PREP]
2026-05-03 22:24:44 DEBUG o.apache.catalina.util.LifecycleBase - Setting state for [StandardEngineValve[StandardEngine[Tomcat]]] to [INITIALIZING]
2026-05-03 22:24:44 DEBUG o.apache.catalina.util.LifecycleBase - Setting state for [StandardEngineValve[StandardEngine[Tomcat]]] to [INITIALIZED]
2026-05-03 22:24:44 DEBUG o.apache.catalina.util.LifecycleBase - Setting state for [StandardEngineValve[StandardEngine[Tomcat]]] to [STARTING_PREP]
2026-05-03 22:24:44 DEBUG o.apache.catalina.util.LifecycleBase - Setting state for [StandardEngineValve[StandardEngine[Tomcat]]] to [STARTING]
2026-05-03 22:24:44 DEBUG o.apache.catalina.util.LifecycleBase - Setting state for [StandardEngineValve[StandardEngine[Tomcat]]] to [STARTED]
2026-05-03 22:24:44 DEBUG o.apache.catalina.util.LifecycleBase - Setting state for [StandardPipeline[StandardEngine[Tomcat]]] to [STARTING]
2026-05-03 22:24:44 DEBUG o.apache.catalina.util.LifecycleBase - Setting state for [StandardPipeline[StandardEngine[Tomcat]]] to [STARTED]
2026-05-03 22:24:44 DEBUG o.apache.catalina.util.LifecycleBase - Setting state for [StandardEngine[Tomcat]] to [STARTING]
2026-05-03 22:24:44 DEBUG o.apache.catalina.util.LifecycleBase - Setting state for [StandardEngine[Tomcat]] to [STARTED]
2026-05-03 22:24:44 DEBUG o.apache.catalina.util.LifecycleBase - Setting state for [org.apache.catalina.mapper.MapperListener@ce12fbb] to [STARTING_PREP]
2026-05-03 22:24:44 DEBUG o.apache.catalina.util.LifecycleBase - Setting state for [org.apache.catalina.mapper.MapperListener@ce12fbb] to [STARTING]
2026-05-03 22:24:44 DEBUG org.apache.catalina.mapper.Mapper - Registered host [localhost]
2026-05-03 22:24:44 DEBUG o.a.catalina.mapper.MapperListener - Register Wrapper [dispatcherServlet] in Context [] for service [StandardService[Tomcat]]
2026-05-03 22:24:44 DEBUG o.a.catalina.mapper.MapperListener - Register Context [] for service [StandardService[Tomcat]]
2026-05-03 22:24:44 DEBUG o.a.catalina.mapper.MapperListener - Register host [localhost] at domain [null] for service [StandardService[Tomcat]]
2026-05-03 22:24:44 DEBUG o.apache.catalina.util.LifecycleBase - Setting state for [org.apache.catalina.mapper.MapperListener@ce12fbb] to [STARTED]
2026-05-03 22:24:44 DEBUG o.apache.catalina.util.LifecycleBase - Setting state for [StandardService[Tomcat]] to [STARTED]
2026-05-03 22:24:44 DEBUG o.apache.catalina.util.LifecycleBase - Setting state for [StandardServer[-1]] to [STARTED]
2026-05-03 22:24:44 DEBUG o.apache.catalina.webresources.Cache - Increased cache size by [521] for item [org.apache.catalina.webresources.CachedResource@2ce7ec5f] at [/index.html] making total cache size [2204]
2026-05-03 22:24:44 DEBUG o.apache.catalina.webresources.Cache - Increased cache size by [501] for item [org.apache.catalina.webresources.CachedResource@2daf650b] at [/] making total cache size [2705]
2026-05-03 22:24:45 DEBUG o.apache.catalina.util.LifecycleBase - Setting state for [Connector["http-nio-8080"]] to [STARTING_PREP]
2026-05-03 22:24:45 DEBUG o.apache.catalina.util.LifecycleBase - Setting state for [Connector["http-nio-8080"]] to [STARTING]
2026-05-03 22:24:45 INFO  o.a.coyote.http11.Http11NioProtocol - Starting ProtocolHandler ["http-nio-8080"]
2026-05-03 22:24:45 DEBUG o.apache.catalina.util.LifecycleBase - Setting state for [Connector["http-nio-8080"]] to [STARTED]
2026-05-03 22:25:05 DEBUG o.a.coyote.http11.Http11Processor - Error parsing HTTP request header
java.io.EOFException
	at org.apache.tomcat.util.net.NioEndpoint$NioSocketWrapper.fillReadBuffer(NioEndpoint.java:1334)
	at org.apache.tomcat.util.net.NioEndpoint$NioSocketWrapper.read(NioEndpoint.java:1218)
	at org.apache.coyote.http11.Http11InputBuffer.fill(Http11InputBuffer.java:780)
	at org.apache.coyote.http11.Http11InputBuffer.parseRequestLine(Http11InputBuffer.java:345)
	at org.apache.coyote.http11.Http11Processor.service(Http11Processor.java:272)
	at org.apache.coyote.AbstractProcessorLight.process(AbstractProcessorLight.java:63)
	at org.apache.coyote.AbstractProtocol$ConnectionHandler.process(AbstractProtocol.java:903)
	at org.apache.tomcat.util.net.NioEndpoint$SocketProcessor.doRun(NioEndpoint.java:1775)
	at org.apache.tomcat.util.net.SocketProcessorBase.run(SocketProcessorBase.java:52)
	at org.apache.tomcat.util.threads.ThreadPoolExecutor.runWorker(ThreadPoolExecutor.java:973)
	at org.apache.tomcat.util.threads.ThreadPoolExecutor$Worker.run(ThreadPoolExecutor.java:491)
	at org.apache.tomcat.util.threads.TaskThread$WrappingRunnable.run(TaskThread.java:63)
	at java.base/java.lang.Thread.run(Thread.java:1583)
2026-05-03 22:25:05 DEBUG o.a.coyote.http11.Http11Processor - Error state [CLOSE_CONNECTION_NOW] reported while processing request
java.io.EOFException
	at org.apache.tomcat.util.net.NioEndpoint$NioSocketWrapper.fillReadBuffer(NioEndpoint.java:1334)
	at org.apache.tomcat.util.net.NioEndpoint$NioSocketWrapper.read(NioEndpoint.java:1218)
	at org.apache.coyote.http11.Http11InputBuffer.fill(Http11InputBuffer.java:780)
	at org.apache.coyote.http11.Http11InputBuffer.parseRequestLine(Http11InputBuffer.java:345)
	at org.apache.coyote.http11.Http11Processor.service(Http11Processor.java:272)
	at org.apache.coyote.AbstractProcessorLight.process(AbstractProcessorLight.java:63)
	at org.apache.coyote.AbstractProtocol$ConnectionHandler.process(AbstractProtocol.java:903)
	at org.apache.tomcat.util.net.NioEndpoint$SocketProcessor.doRun(NioEndpoint.java:1775)
	at org.apache.tomcat.util.net.SocketProcessorBase.run(SocketProcessorBase.java:52)
	at org.apache.tomcat.util.threads.ThreadPoolExecutor.runWorker(ThreadPoolExecutor.java:973)
	at org.apache.tomcat.util.threads.ThreadPoolExecutor$Worker.run(ThreadPoolExecutor.java:491)
	at org.apache.tomcat.util.threads.TaskThread$WrappingRunnable.run(TaskThread.java:63)
	at java.base/java.lang.Thread.run(Thread.java:1583)
2026-05-03 22:25:06 DEBUG o.a.c.a.jaspic.AuthConfigFactoryImpl - Loading persistent provider registrations from [C:\Users\CyberPirate\AppData\Local\Temp\tomcat.8080.17245425357069820425\conf\jaspic-providers.xml]
2026-05-03 22:25:06 INFO  o.a.c.c.C.[Tomcat].[localhost].[/] - Initializing Spring DispatcherServlet 'dispatcherServlet'
2026-05-03 22:27:58 DEBUG o.a.tomcat.util.compat.Jre22Compat - Class not found so assuming code is running on a pre-Java 22 JVM
java.lang.ClassNotFoundException: java.text.ListFormat
	at java.base/jdk.internal.loader.BuiltinClassLoader.loadClass(BuiltinClassLoader.java:641)
	at java.base/jdk.internal.loader.ClassLoaders$AppClassLoader.loadClass(ClassLoaders.java:188)
	at java.base/java.lang.ClassLoader.loadClass(ClassLoader.java:526)
	at java.base/java.lang.Class.forName0(Native Method)
	at java.base/java.lang.Class.forName(Class.java:423)
	at java.base/java.lang.Class.forName(Class.java:414)
	at org.apache.tomcat.util.compat.Jre22Compat.<clinit>(Jre22Compat.java:37)
	at org.apache.tomcat.util.compat.JreCompat.<clinit>(JreCompat.java:75)
	at org.apache.catalina.startup.Tomcat.<clinit>(Tomcat.java:1196)
	at org.springframework.boot.web.embedded.tomcat.TomcatServletWebServerFactory.getWebServer(TomcatServletWebServerFactory.java:200)
	at org.springframework.boot.web.servlet.context.ServletWebServerApplicationContext.createWebServer(ServletWebServerApplicationContext.java:193)
	at org.springframework.boot.web.servlet.context.ServletWebServerApplicationContext.onRefresh(ServletWebServerApplicationContext.java:167)
	at org.springframework.context.support.AbstractApplicationContext.refresh(AbstractApplicationContext.java:622)
	at org.springframework.boot.web.servlet.context.ServletWebServerApplicationContext.refresh(ServletWebServerApplicationContext.java:146)
	at org.springframework.boot.SpringApplication.refresh(SpringApplication.java:752)
	at org.springframework.boot.SpringApplication.refreshContext(SpringApplication.java:439)
	at org.springframework.boot.SpringApplication.run(SpringApplication.java:318)
	at org.springframework.boot.SpringApplication.run(SpringApplication.java:1361)
	at org.springframework.boot.SpringApplication.run(SpringApplication.java:1350)
	at gr.aueb.cf.eduapp.EduAppApplication.main(EduAppApplication.java:12)
2026-05-03 22:27:58 DEBUG o.apache.catalina.core.ContainerBase - Add container child [StandardHost[localhost]] to container [StandardEngine[Tomcat]]
2026-05-03 22:27:58 DEBUG o.apache.catalina.core.ContainerBase - Add container child [TomcatEmbeddedContext[]] to container [StandardEngine[Tomcat].StandardHost[localhost]]
2026-05-03 22:27:58 DEBUG o.apache.catalina.util.LifecycleBase - Setting state for [StandardServer[-1]] to [INITIALIZING]
2026-05-03 22:27:58 DEBUG o.apache.catalina.util.LifecycleBase - Setting state for [org.apache.catalina.deploy.NamingResourcesImpl@6f7a2a5] to [INITIALIZING]
2026-05-03 22:27:58 DEBUG o.apache.catalina.util.LifecycleBase - Setting state for [org.apache.catalina.deploy.NamingResourcesImpl@6f7a2a5] to [INITIALIZED]
2026-05-03 22:27:58 DEBUG o.apache.catalina.util.LifecycleBase - Setting state for [StandardService[Tomcat]] to [INITIALIZING]
2026-05-03 22:27:58 DEBUG o.apache.catalina.util.LifecycleBase - Setting state for [StandardEngine[Tomcat]] to [INITIALIZING]
2026-05-03 22:27:58 DEBUG o.apache.catalina.util.LifecycleBase - Setting state for [StandardEngine[Tomcat]] to [INITIALIZED]
2026-05-03 22:27:58 DEBUG o.apache.catalina.util.LifecycleBase - Setting state for [org.apache.catalina.mapper.MapperListener@65c17e38] to [INITIALIZING]
2026-05-03 22:27:58 DEBUG o.apache.catalina.util.LifecycleBase - Setting state for [org.apache.catalina.mapper.MapperListener@65c17e38] to [INITIALIZED]
2026-05-03 22:27:58 DEBUG o.apache.catalina.util.LifecycleBase - Setting state for [Connector["http-nio-8080"]] to [INITIALIZING]
2026-05-03 22:27:58 INFO  o.a.coyote.http11.Http11NioProtocol - Initializing ProtocolHandler ["http-nio-8080"]
2026-05-03 22:27:58 DEBUG o.apache.catalina.util.LifecycleBase - Setting state for [Connector["http-nio-8080"]] to [INITIALIZED]
2026-05-03 22:27:58 DEBUG o.apache.catalina.util.LifecycleBase - Setting state for [StandardService[Tomcat]] to [INITIALIZED]
2026-05-03 22:27:58 DEBUG o.apache.catalina.util.LifecycleBase - Setting state for [StandardServer[-1]] to [INITIALIZED]
2026-05-03 22:27:58 DEBUG o.apache.catalina.util.LifecycleBase - Setting state for [StandardServer[-1]] to [STARTING_PREP]
2026-05-03 22:27:58 DEBUG o.apache.catalina.util.LifecycleBase - Setting state for [StandardServer[-1]] to [STARTING]
2026-05-03 22:27:58 DEBUG o.apache.catalina.util.LifecycleBase - Setting state for [org.apache.catalina.deploy.NamingResourcesImpl@6f7a2a5] to [STARTING_PREP]
2026-05-03 22:27:58 DEBUG o.apache.catalina.util.LifecycleBase - Setting state for [org.apache.catalina.deploy.NamingResourcesImpl@6f7a2a5] to [STARTING]
2026-05-03 22:27:58 DEBUG o.apache.catalina.util.LifecycleBase - Setting state for [org.apache.catalina.deploy.NamingResourcesImpl@6f7a2a5] to [STARTED]
2026-05-03 22:27:58 DEBUG o.apache.catalina.util.LifecycleBase - Setting state for [StandardService[Tomcat]] to [STARTING_PREP]
2026-05-03 22:27:58 INFO  o.a.catalina.core.StandardService - Starting service [Tomcat]
2026-05-03 22:27:58 DEBUG o.apache.catalina.util.LifecycleBase - Setting state for [StandardService[Tomcat]] to [STARTING]
2026-05-03 22:27:58 DEBUG o.apache.catalina.util.LifecycleBase - Setting state for [StandardEngine[Tomcat]] to [STARTING_PREP]
2026-05-03 22:27:58 INFO  o.a.catalina.core.StandardEngine - Starting Servlet engine: [Apache Tomcat/10.1.52]
2026-05-03 22:27:58 DEBUG o.apache.catalina.util.LifecycleBase - Setting state for [SimpleRealm[StandardEngine[Tomcat]]] to [INITIALIZING]
2026-05-03 22:27:58 DEBUG o.apache.catalina.util.LifecycleBase - Setting state for [SimpleRealm[StandardEngine[Tomcat]]] to [INITIALIZED]
2026-05-03 22:27:58 DEBUG o.apache.catalina.util.LifecycleBase - Setting state for [SimpleRealm[StandardEngine[Tomcat]]] to [STARTING_PREP]
2026-05-03 22:27:58 DEBUG o.apache.catalina.util.LifecycleBase - Setting state for [SimpleRealm[StandardEngine[Tomcat]]] to [STARTING]
2026-05-03 22:27:58 DEBUG o.apache.catalina.util.LifecycleBase - Setting state for [SimpleRealm[StandardEngine[Tomcat]]] to [STARTED]
2026-05-03 22:27:58 DEBUG o.apache.catalina.util.LifecycleBase - Setting state for [StandardEngine[Tomcat].StandardHost[localhost]] to [INITIALIZING]
2026-05-03 22:27:58 DEBUG o.apache.catalina.util.LifecycleBase - Setting state for [StandardEngine[Tomcat].StandardHost[localhost]] to [INITIALIZED]
2026-05-03 22:27:58 DEBUG o.apache.catalina.util.LifecycleBase - Setting state for [StandardEngine[Tomcat].StandardHost[localhost]] to [STARTING_PREP]
2026-05-03 22:27:58 DEBUG o.apache.catalina.util.LifecycleBase - Setting state for [StandardEngine[Tomcat].StandardHost[localhost].TomcatEmbeddedContext[]] to [INITIALIZING]
2026-05-03 22:27:58 DEBUG o.apache.catalina.util.LifecycleBase - Setting state for [StandardEngine[Tomcat].StandardHost[localhost].TomcatEmbeddedContext[]] to [INITIALIZED]
2026-05-03 22:27:58 DEBUG o.apache.catalina.util.LifecycleBase - Setting state for [StandardEngine[Tomcat].StandardHost[localhost].TomcatEmbeddedContext[]] to [STARTING_PREP]
2026-05-03 22:27:58 DEBUG o.apache.catalina.util.LifecycleBase - Setting state for [org.apache.catalina.webresources.StandardRoot@110e9982] to [INITIALIZING]
2026-05-03 22:27:58 DEBUG o.apache.catalina.util.LifecycleBase - Setting state for [org.apache.catalina.webresources.StandardRoot@110e9982] to [INITIALIZED]
2026-05-03 22:27:58 DEBUG o.apache.catalina.util.LifecycleBase - Setting state for [org.apache.catalina.webresources.StandardRoot@110e9982] to [STARTING_PREP]
2026-05-03 22:27:58 DEBUG o.apache.catalina.util.LifecycleBase - Setting state for [org.apache.catalina.webresources.DirResourceSet@1142d377] to [INITIALIZING]
2026-05-03 22:27:58 DEBUG o.apache.catalina.util.LifecycleBase - Setting state for [org.apache.catalina.webresources.DirResourceSet@1142d377] to [INITIALIZED]
2026-05-03 22:27:58 DEBUG o.apache.catalina.util.LifecycleBase - Setting state for [org.apache.catalina.webresources.DirResourceSet@1142d377] to [STARTING_PREP]
2026-05-03 22:27:58 DEBUG o.apache.catalina.util.LifecycleBase - Setting state for [org.apache.catalina.webresources.DirResourceSet@1142d377] to [STARTING]
2026-05-03 22:27:58 DEBUG o.apache.catalina.util.LifecycleBase - Setting state for [org.apache.catalina.webresources.DirResourceSet@1142d377] to [STARTED]
2026-05-03 22:27:58 DEBUG o.apache.catalina.util.LifecycleBase - Setting state for [org.apache.catalina.webresources.StandardRoot@110e9982] to [STARTING]
2026-05-03 22:27:58 DEBUG o.apache.catalina.util.LifecycleBase - Setting state for [org.apache.catalina.webresources.StandardRoot@110e9982] to [STARTED]
2026-05-03 22:27:58 DEBUG o.apache.catalina.util.LifecycleBase - Setting state for [WebappLoader[StandardEngine[Tomcat].StandardHost[localhost].TomcatEmbeddedContext[]]] to [INITIALIZING]
2026-05-03 22:27:58 DEBUG o.apache.catalina.util.LifecycleBase - Setting state for [WebappLoader[StandardEngine[Tomcat].StandardHost[localhost].TomcatEmbeddedContext[]]] to [INITIALIZED]
2026-05-03 22:27:58 DEBUG o.apache.catalina.util.LifecycleBase - Setting state for [WebappLoader[StandardEngine[Tomcat].StandardHost[localhost].TomcatEmbeddedContext[]]] to [STARTING_PREP]
2026-05-03 22:27:58 DEBUG o.a.catalina.loader.WebappLoader - Starting this Loader
2026-05-03 22:27:58 DEBUG o.apache.catalina.webresources.Cache - Increased cache size by [531] for item [org.apache.catalina.webresources.CachedResource@11c78080] at [/WEB-INF/classes] making total cache size [531]
2026-05-03 22:27:58 DEBUG o.apache.catalina.util.LifecycleBase - Setting state for [WebappLoader[StandardEngine[Tomcat].StandardHost[localhost].TomcatEmbeddedContext[]]] to [STARTING]
2026-05-03 22:27:58 DEBUG o.apache.catalina.util.LifecycleBase - Setting state for [WebappLoader[StandardEngine[Tomcat].StandardHost[localhost].TomcatEmbeddedContext[]]] to [STARTED]
2026-05-03 22:27:58 DEBUG o.apache.catalina.util.LifecycleBase - Setting state for [StandardPipeline[StandardEngine[Tomcat].StandardHost[localhost].TomcatEmbeddedContext[]]] to [INITIALIZING]
2026-05-03 22:27:58 DEBUG o.apache.catalina.util.LifecycleBase - Setting state for [StandardPipeline[StandardEngine[Tomcat].StandardHost[localhost].TomcatEmbeddedContext[]]] to [INITIALIZED]
2026-05-03 22:27:58 DEBUG o.apache.catalina.util.LifecycleBase - Setting state for [StandardPipeline[StandardEngine[Tomcat].StandardHost[localhost].TomcatEmbeddedContext[]]] to [STARTING_PREP]
2026-05-03 22:27:58 DEBUG o.apache.catalina.util.LifecycleBase - Setting state for [NonLoginAuthenticator[StandardEngine[Tomcat].StandardHost[localhost].TomcatEmbeddedContext[]]] to [INITIALIZING]
2026-05-03 22:27:58 DEBUG o.apache.catalina.util.LifecycleBase - Setting state for [NonLoginAuthenticator[StandardEngine[Tomcat].StandardHost[localhost].TomcatEmbeddedContext[]]] to [INITIALIZED]
2026-05-03 22:27:58 DEBUG o.apache.catalina.util.LifecycleBase - Setting state for [NonLoginAuthenticator[StandardEngine[Tomcat].StandardHost[localhost].TomcatEmbeddedContext[]]] to [STARTING_PREP]
2026-05-03 22:27:58 DEBUG o.apache.catalina.util.LifecycleBase - Setting state for [NonLoginAuthenticator[StandardEngine[Tomcat].StandardHost[localhost].TomcatEmbeddedContext[]]] to [STARTING]
2026-05-03 22:27:58 DEBUG o.apache.catalina.util.LifecycleBase - Setting state for [NonLoginAuthenticator[StandardEngine[Tomcat].StandardHost[localhost].TomcatEmbeddedContext[]]] to [STARTED]
2026-05-03 22:27:58 DEBUG o.apache.catalina.util.LifecycleBase - Setting state for [StandardContextValve[StandardEngine[Tomcat].StandardHost[localhost].TomcatEmbeddedContext[]]] to [INITIALIZING]
2026-05-03 22:27:58 DEBUG o.apache.catalina.util.LifecycleBase - Setting state for [StandardContextValve[StandardEngine[Tomcat].StandardHost[localhost].TomcatEmbeddedContext[]]] to [INITIALIZED]
2026-05-03 22:27:58 DEBUG o.apache.catalina.util.LifecycleBase - Setting state for [StandardContextValve[StandardEngine[Tomcat].StandardHost[localhost].TomcatEmbeddedContext[]]] to [STARTING_PREP]
2026-05-03 22:27:58 DEBUG o.apache.catalina.util.LifecycleBase - Setting state for [StandardContextValve[StandardEngine[Tomcat].StandardHost[localhost].TomcatEmbeddedContext[]]] to [STARTING]
2026-05-03 22:27:58 DEBUG o.apache.catalina.util.LifecycleBase - Setting state for [StandardContextValve[StandardEngine[Tomcat].StandardHost[localhost].TomcatEmbeddedContext[]]] to [STARTED]
2026-05-03 22:27:58 DEBUG o.apache.catalina.util.LifecycleBase - Setting state for [StandardPipeline[StandardEngine[Tomcat].StandardHost[localhost].TomcatEmbeddedContext[]]] to [STARTING]
2026-05-03 22:27:58 DEBUG o.apache.catalina.util.LifecycleBase - Setting state for [StandardPipeline[StandardEngine[Tomcat].StandardHost[localhost].TomcatEmbeddedContext[]]] to [STARTED]
2026-05-03 22:27:58 DEBUG o.a.catalina.core.StandardContext - No manager found. Checking if cluster manager should be used. Cluster configured: [false], Application distributable: [false]
2026-05-03 22:27:58 DEBUG o.a.catalina.core.StandardContext - Configured a manager of class [org.apache.catalina.session.StandardManager]
2026-05-03 22:27:58 DEBUG o.apache.catalina.util.LifecycleBase - Setting state for [org.apache.catalina.deploy.NamingResourcesImpl@266e9dda] to [INITIALIZING]
2026-05-03 22:27:58 DEBUG o.apache.catalina.util.LifecycleBase - Setting state for [org.apache.catalina.deploy.NamingResourcesImpl@266e9dda] to [INITIALIZED]
2026-05-03 22:27:58 DEBUG o.apache.catalina.util.LifecycleBase - Setting state for [org.apache.catalina.deploy.NamingResourcesImpl@266e9dda] to [STARTING_PREP]
2026-05-03 22:27:58 DEBUG o.apache.catalina.util.LifecycleBase - Setting state for [org.apache.catalina.deploy.NamingResourcesImpl@266e9dda] to [STARTING]
2026-05-03 22:27:58 DEBUG o.apache.catalina.util.LifecycleBase - Setting state for [org.apache.catalina.deploy.NamingResourcesImpl@266e9dda] to [STARTED]
2026-05-03 22:27:58 INFO  o.a.c.c.C.[Tomcat].[localhost].[/] - Initializing Spring embedded WebApplicationContext
2026-05-03 22:27:59 DEBUG o.apache.catalina.webresources.Cache - Increased cache size by [573] for item [org.apache.catalina.webresources.CachedResource@26270b77] at [/WEB-INF/classes/hibernate.properties] making total cache size [1104]
2026-05-03 22:28:01 DEBUG o.apache.catalina.webresources.Cache - Increased cache size by [579] for item [org.apache.catalina.webresources.CachedResource@2123a61c] at [/WEB-INF/classes/META-INF/validation.xml] making total cache size [1683]
2026-05-03 22:28:03 DEBUG o.apache.catalina.core.ContainerBase - Add container child [StandardWrapper[dispatcherServlet]] to container [StandardEngine[Tomcat].StandardHost[localhost].TomcatEmbeddedContext[]]
2026-05-03 22:28:03 DEBUG o.apache.catalina.util.LifecycleBase - Setting state for [StandardEngine[Tomcat].StandardHost[localhost].TomcatEmbeddedContext[].StandardWrapper[dispatcherServlet]] to [INITIALIZING]
2026-05-03 22:28:03 DEBUG o.apache.catalina.util.LifecycleBase - Setting state for [StandardEngine[Tomcat].StandardHost[localhost].TomcatEmbeddedContext[].StandardWrapper[dispatcherServlet]] to [INITIALIZED]
2026-05-03 22:28:03 DEBUG o.apache.catalina.util.LifecycleBase - Setting state for [StandardEngine[Tomcat].StandardHost[localhost].TomcatEmbeddedContext[].StandardWrapper[dispatcherServlet]] to [STARTING_PREP]
2026-05-03 22:28:03 DEBUG o.apache.catalina.util.LifecycleBase - Setting state for [StandardPipeline[StandardEngine[Tomcat].StandardHost[localhost].TomcatEmbeddedContext[].StandardWrapper[dispatcherServlet]]] to [INITIALIZING]
2026-05-03 22:28:03 DEBUG o.apache.catalina.util.LifecycleBase - Setting state for [StandardPipeline[StandardEngine[Tomcat].StandardHost[localhost].TomcatEmbeddedContext[].StandardWrapper[dispatcherServlet]]] to [INITIALIZED]
2026-05-03 22:28:03 DEBUG o.apache.catalina.util.LifecycleBase - Setting state for [StandardPipeline[StandardEngine[Tomcat].StandardHost[localhost].TomcatEmbeddedContext[].StandardWrapper[dispatcherServlet]]] to [STARTING_PREP]
2026-05-03 22:28:03 DEBUG o.apache.catalina.util.LifecycleBase - Setting state for [StandardWrapperValve[StandardEngine[Tomcat].StandardHost[localhost].TomcatEmbeddedContext[].StandardWrapper[dispatcherServlet]]] to [INITIALIZING]
2026-05-03 22:28:03 DEBUG o.apache.catalina.util.LifecycleBase - Setting state for [StandardWrapperValve[StandardEngine[Tomcat].StandardHost[localhost].TomcatEmbeddedContext[].StandardWrapper[dispatcherServlet]]] to [INITIALIZED]
2026-05-03 22:28:03 DEBUG o.apache.catalina.util.LifecycleBase - Setting state for [StandardWrapperValve[StandardEngine[Tomcat].StandardHost[localhost].TomcatEmbeddedContext[].StandardWrapper[dispatcherServlet]]] to [STARTING_PREP]
2026-05-03 22:28:03 DEBUG o.apache.catalina.util.LifecycleBase - Setting state for [StandardWrapperValve[StandardEngine[Tomcat].StandardHost[localhost].TomcatEmbeddedContext[].StandardWrapper[dispatcherServlet]]] to [STARTING]
2026-05-03 22:28:03 DEBUG o.apache.catalina.util.LifecycleBase - Setting state for [StandardWrapperValve[StandardEngine[Tomcat].StandardHost[localhost].TomcatEmbeddedContext[].StandardWrapper[dispatcherServlet]]] to [STARTED]
2026-05-03 22:28:03 DEBUG o.apache.catalina.util.LifecycleBase - Setting state for [StandardPipeline[StandardEngine[Tomcat].StandardHost[localhost].TomcatEmbeddedContext[].StandardWrapper[dispatcherServlet]]] to [STARTING]
2026-05-03 22:28:03 DEBUG o.apache.catalina.util.LifecycleBase - Setting state for [StandardPipeline[StandardEngine[Tomcat].StandardHost[localhost].TomcatEmbeddedContext[].StandardWrapper[dispatcherServlet]]] to [STARTED]
2026-05-03 22:28:03 DEBUG o.apache.catalina.util.LifecycleBase - Setting state for [StandardEngine[Tomcat].StandardHost[localhost].TomcatEmbeddedContext[].StandardWrapper[dispatcherServlet]] to [STARTING]
2026-05-03 22:28:03 DEBUG o.apache.catalina.util.LifecycleBase - Setting state for [StandardEngine[Tomcat].StandardHost[localhost].TomcatEmbeddedContext[].StandardWrapper[dispatcherServlet]] to [STARTED]
2026-05-03 22:28:03 DEBUG o.apache.catalina.util.LifecycleBase - Setting state for [StandardManager[StandardEngine[Tomcat].StandardHost[localhost].TomcatEmbeddedContext[]]] to [INITIALIZING]
2026-05-03 22:28:03 DEBUG o.apache.catalina.util.LifecycleBase - Setting state for [StandardManager[StandardEngine[Tomcat].StandardHost[localhost].TomcatEmbeddedContext[]]] to [INITIALIZED]
2026-05-03 22:28:03 DEBUG o.apache.catalina.util.LifecycleBase - Setting state for [StandardManager[StandardEngine[Tomcat].StandardHost[localhost].TomcatEmbeddedContext[]]] to [STARTING_PREP]
2026-05-03 22:28:03 DEBUG o.apache.catalina.util.LifecycleBase - Setting state for [org.springframework.boot.web.embedded.tomcat.LazySessionIdGenerator@35c95587] to [INITIALIZING]
2026-05-03 22:28:03 DEBUG o.apache.catalina.util.LifecycleBase - Setting state for [org.springframework.boot.web.embedded.tomcat.LazySessionIdGenerator@35c95587] to [INITIALIZED]
2026-05-03 22:28:03 DEBUG o.apache.catalina.util.LifecycleBase - Setting state for [org.springframework.boot.web.embedded.tomcat.LazySessionIdGenerator@35c95587] to [STARTING_PREP]
2026-05-03 22:28:03 DEBUG o.apache.catalina.util.LifecycleBase - Setting state for [org.springframework.boot.web.embedded.tomcat.LazySessionIdGenerator@35c95587] to [STARTING]
2026-05-03 22:28:03 DEBUG o.apache.catalina.util.LifecycleBase - Setting state for [org.springframework.boot.web.embedded.tomcat.LazySessionIdGenerator@35c95587] to [STARTED]
2026-05-03 22:28:03 DEBUG o.apache.catalina.util.LifecycleBase - Setting state for [StandardManager[StandardEngine[Tomcat].StandardHost[localhost].TomcatEmbeddedContext[]]] to [STARTING]
2026-05-03 22:28:03 DEBUG o.apache.catalina.util.LifecycleBase - Setting state for [StandardManager[StandardEngine[Tomcat].StandardHost[localhost].TomcatEmbeddedContext[]]] to [STARTED]
2026-05-03 22:28:03 DEBUG o.apache.catalina.util.LifecycleBase - Setting state for [StandardEngine[Tomcat].StandardHost[localhost].TomcatEmbeddedContext[]] to [STARTING]
2026-05-03 22:28:03 DEBUG o.apache.catalina.util.LifecycleBase - Setting state for [StandardEngine[Tomcat].StandardHost[localhost].TomcatEmbeddedContext[]] to [STARTED]
2026-05-03 22:28:03 DEBUG o.apache.catalina.util.LifecycleBase - Setting state for [StandardPipeline[StandardEngine[Tomcat].StandardHost[localhost]]] to [INITIALIZING]
2026-05-03 22:28:03 DEBUG o.apache.catalina.util.LifecycleBase - Setting state for [StandardPipeline[StandardEngine[Tomcat].StandardHost[localhost]]] to [INITIALIZED]
2026-05-03 22:28:03 DEBUG o.apache.catalina.util.LifecycleBase - Setting state for [StandardPipeline[StandardEngine[Tomcat].StandardHost[localhost]]] to [STARTING_PREP]
2026-05-03 22:28:03 DEBUG o.apache.catalina.util.LifecycleBase - Setting state for [ErrorReportValve[StandardEngine[Tomcat].StandardHost[localhost]]] to [INITIALIZING]
2026-05-03 22:28:03 DEBUG o.apache.catalina.util.LifecycleBase - Setting state for [ErrorReportValve[StandardEngine[Tomcat].StandardHost[localhost]]] to [INITIALIZED]
2026-05-03 22:28:03 DEBUG o.apache.catalina.util.LifecycleBase - Setting state for [ErrorReportValve[StandardEngine[Tomcat].StandardHost[localhost]]] to [STARTING_PREP]
2026-05-03 22:28:03 DEBUG o.apache.catalina.util.LifecycleBase - Setting state for [ErrorReportValve[StandardEngine[Tomcat].StandardHost[localhost]]] to [STARTING]
2026-05-03 22:28:03 DEBUG o.apache.catalina.util.LifecycleBase - Setting state for [ErrorReportValve[StandardEngine[Tomcat].StandardHost[localhost]]] to [STARTED]
2026-05-03 22:28:03 DEBUG o.apache.catalina.util.LifecycleBase - Setting state for [StandardHostValve[StandardEngine[Tomcat].StandardHost[localhost]]] to [INITIALIZING]
2026-05-03 22:28:03 DEBUG o.apache.catalina.util.LifecycleBase - Setting state for [StandardHostValve[StandardEngine[Tomcat].StandardHost[localhost]]] to [INITIALIZED]
2026-05-03 22:28:03 DEBUG o.apache.catalina.util.LifecycleBase - Setting state for [StandardHostValve[StandardEngine[Tomcat].StandardHost[localhost]]] to [STARTING_PREP]
2026-05-03 22:28:03 DEBUG o.apache.catalina.util.LifecycleBase - Setting state for [StandardHostValve[StandardEngine[Tomcat].StandardHost[localhost]]] to [STARTING]
2026-05-03 22:28:03 DEBUG o.apache.catalina.util.LifecycleBase - Setting state for [StandardHostValve[StandardEngine[Tomcat].StandardHost[localhost]]] to [STARTED]
2026-05-03 22:28:03 DEBUG o.apache.catalina.util.LifecycleBase - Setting state for [StandardPipeline[StandardEngine[Tomcat].StandardHost[localhost]]] to [STARTING]
2026-05-03 22:28:03 DEBUG o.apache.catalina.util.LifecycleBase - Setting state for [StandardPipeline[StandardEngine[Tomcat].StandardHost[localhost]]] to [STARTED]
2026-05-03 22:28:03 DEBUG o.apache.catalina.util.LifecycleBase - Setting state for [StandardEngine[Tomcat].StandardHost[localhost]] to [STARTING]
2026-05-03 22:28:03 DEBUG o.apache.catalina.util.LifecycleBase - Setting state for [StandardEngine[Tomcat].StandardHost[localhost]] to [STARTED]
2026-05-03 22:28:03 DEBUG o.apache.catalina.util.LifecycleBase - Setting state for [StandardPipeline[StandardEngine[Tomcat]]] to [INITIALIZING]
2026-05-03 22:28:03 DEBUG o.apache.catalina.util.LifecycleBase - Setting state for [StandardPipeline[StandardEngine[Tomcat]]] to [INITIALIZED]
2026-05-03 22:28:03 DEBUG o.apache.catalina.util.LifecycleBase - Setting state for [StandardPipeline[StandardEngine[Tomcat]]] to [STARTING_PREP]
2026-05-03 22:28:03 DEBUG o.apache.catalina.util.LifecycleBase - Setting state for [StandardEngineValve[StandardEngine[Tomcat]]] to [INITIALIZING]
2026-05-03 22:28:03 DEBUG o.apache.catalina.util.LifecycleBase - Setting state for [StandardEngineValve[StandardEngine[Tomcat]]] to [INITIALIZED]
2026-05-03 22:28:03 DEBUG o.apache.catalina.util.LifecycleBase - Setting state for [StandardEngineValve[StandardEngine[Tomcat]]] to [STARTING_PREP]
2026-05-03 22:28:03 DEBUG o.apache.catalina.util.LifecycleBase - Setting state for [StandardEngineValve[StandardEngine[Tomcat]]] to [STARTING]
2026-05-03 22:28:03 DEBUG o.apache.catalina.util.LifecycleBase - Setting state for [StandardEngineValve[StandardEngine[Tomcat]]] to [STARTED]
2026-05-03 22:28:03 DEBUG o.apache.catalina.util.LifecycleBase - Setting state for [StandardPipeline[StandardEngine[Tomcat]]] to [STARTING]
2026-05-03 22:28:03 DEBUG o.apache.catalina.util.LifecycleBase - Setting state for [StandardPipeline[StandardEngine[Tomcat]]] to [STARTED]
2026-05-03 22:28:03 DEBUG o.apache.catalina.util.LifecycleBase - Setting state for [StandardEngine[Tomcat]] to [STARTING]
2026-05-03 22:28:03 DEBUG o.apache.catalina.util.LifecycleBase - Setting state for [StandardEngine[Tomcat]] to [STARTED]
2026-05-03 22:28:03 DEBUG o.apache.catalina.util.LifecycleBase - Setting state for [org.apache.catalina.mapper.MapperListener@65c17e38] to [STARTING_PREP]
2026-05-03 22:28:03 DEBUG o.apache.catalina.util.LifecycleBase - Setting state for [org.apache.catalina.mapper.MapperListener@65c17e38] to [STARTING]
2026-05-03 22:28:03 DEBUG org.apache.catalina.mapper.Mapper - Registered host [localhost]
2026-05-03 22:28:03 DEBUG o.a.catalina.mapper.MapperListener - Register Wrapper [dispatcherServlet] in Context [] for service [StandardService[Tomcat]]
2026-05-03 22:28:03 DEBUG o.a.catalina.mapper.MapperListener - Register Context [] for service [StandardService[Tomcat]]
2026-05-03 22:28:03 DEBUG o.a.catalina.mapper.MapperListener - Register host [localhost] at domain [null] for service [StandardService[Tomcat]]
2026-05-03 22:28:03 DEBUG o.apache.catalina.util.LifecycleBase - Setting state for [org.apache.catalina.mapper.MapperListener@65c17e38] to [STARTED]
2026-05-03 22:28:03 DEBUG o.apache.catalina.util.LifecycleBase - Setting state for [StandardService[Tomcat]] to [STARTED]
2026-05-03 22:28:03 DEBUG o.apache.catalina.util.LifecycleBase - Setting state for [StandardServer[-1]] to [STARTED]
2026-05-03 22:28:03 DEBUG o.apache.catalina.webresources.Cache - Increased cache size by [521] for item [org.apache.catalina.webresources.CachedResource@943d0c2] at [/index.html] making total cache size [2204]
2026-05-03 22:28:03 DEBUG o.apache.catalina.webresources.Cache - Increased cache size by [501] for item [org.apache.catalina.webresources.CachedResource@5acc6ca1] at [/] making total cache size [2705]
2026-05-03 22:28:04 DEBUG o.apache.catalina.util.LifecycleBase - Setting state for [Connector["http-nio-8080"]] to [STARTING_PREP]
2026-05-03 22:28:04 DEBUG o.apache.catalina.util.LifecycleBase - Setting state for [Connector["http-nio-8080"]] to [STARTING]
2026-05-03 22:28:04 INFO  o.a.coyote.http11.Http11NioProtocol - Starting ProtocolHandler ["http-nio-8080"]
2026-05-03 22:28:04 DEBUG o.apache.catalina.util.LifecycleBase - Setting state for [Connector["http-nio-8080"]] to [STARTED]
2026-05-03 22:28:32 DEBUG o.a.coyote.http11.Http11Processor - Error parsing HTTP request header
java.io.EOFException
	at org.apache.tomcat.util.net.NioEndpoint$NioSocketWrapper.fillReadBuffer(NioEndpoint.java:1334)
	at org.apache.tomcat.util.net.NioEndpoint$NioSocketWrapper.read(NioEndpoint.java:1218)
	at org.apache.coyote.http11.Http11InputBuffer.fill(Http11InputBuffer.java:780)
	at org.apache.coyote.http11.Http11InputBuffer.parseRequestLine(Http11InputBuffer.java:345)
	at org.apache.coyote.http11.Http11Processor.service(Http11Processor.java:272)
	at org.apache.coyote.AbstractProcessorLight.process(AbstractProcessorLight.java:63)
	at org.apache.coyote.AbstractProtocol$ConnectionHandler.process(AbstractProtocol.java:903)
	at org.apache.tomcat.util.net.NioEndpoint$SocketProcessor.doRun(NioEndpoint.java:1775)
	at org.apache.tomcat.util.net.SocketProcessorBase.run(SocketProcessorBase.java:52)
	at org.apache.tomcat.util.threads.ThreadPoolExecutor.runWorker(ThreadPoolExecutor.java:973)
	at org.apache.tomcat.util.threads.ThreadPoolExecutor$Worker.run(ThreadPoolExecutor.java:491)
	at org.apache.tomcat.util.threads.TaskThread$WrappingRunnable.run(TaskThread.java:63)
	at java.base/java.lang.Thread.run(Thread.java:1583)
2026-05-03 22:28:32 DEBUG o.a.coyote.http11.Http11Processor - Error state [CLOSE_CONNECTION_NOW] reported while processing request
java.io.EOFException
	at org.apache.tomcat.util.net.NioEndpoint$NioSocketWrapper.fillReadBuffer(NioEndpoint.java:1334)
	at org.apache.tomcat.util.net.NioEndpoint$NioSocketWrapper.read(NioEndpoint.java:1218)
	at org.apache.coyote.http11.Http11InputBuffer.fill(Http11InputBuffer.java:780)
	at org.apache.coyote.http11.Http11InputBuffer.parseRequestLine(Http11InputBuffer.java:345)
	at org.apache.coyote.http11.Http11Processor.service(Http11Processor.java:272)
	at org.apache.coyote.AbstractProcessorLight.process(AbstractProcessorLight.java:63)
	at org.apache.coyote.AbstractProtocol$ConnectionHandler.process(AbstractProtocol.java:903)
	at org.apache.tomcat.util.net.NioEndpoint$SocketProcessor.doRun(NioEndpoint.java:1775)
	at org.apache.tomcat.util.net.SocketProcessorBase.run(SocketProcessorBase.java:52)
	at org.apache.tomcat.util.threads.ThreadPoolExecutor.runWorker(ThreadPoolExecutor.java:973)
	at org.apache.tomcat.util.threads.ThreadPoolExecutor$Worker.run(ThreadPoolExecutor.java:491)
	at org.apache.tomcat.util.threads.TaskThread$WrappingRunnable.run(TaskThread.java:63)
	at java.base/java.lang.Thread.run(Thread.java:1583)
2026-05-03 22:28:32 DEBUG o.a.c.a.jaspic.AuthConfigFactoryImpl - Loading persistent provider registrations from [C:\Users\CyberPirate\AppData\Local\Temp\tomcat.8080.7147677663206833693\conf\jaspic-providers.xml]
2026-05-03 22:28:32 INFO  o.a.c.c.C.[Tomcat].[localhost].[/] - Initializing Spring DispatcherServlet 'dispatcherServlet'
2026-05-03 22:32:13 DEBUG o.a.tomcat.util.compat.Jre22Compat - Class not found so assuming code is running on a pre-Java 22 JVM
java.lang.ClassNotFoundException: java.text.ListFormat
	at java.base/jdk.internal.loader.BuiltinClassLoader.loadClass(BuiltinClassLoader.java:641)
	at java.base/jdk.internal.loader.ClassLoaders$AppClassLoader.loadClass(ClassLoaders.java:188)
	at java.base/java.lang.ClassLoader.loadClass(ClassLoader.java:526)
	at java.base/java.lang.Class.forName0(Native Method)
	at java.base/java.lang.Class.forName(Class.java:423)
	at java.base/java.lang.Class.forName(Class.java:414)
	at org.apache.tomcat.util.compat.Jre22Compat.<clinit>(Jre22Compat.java:37)
	at org.apache.tomcat.util.compat.JreCompat.<clinit>(JreCompat.java:75)
	at org.apache.catalina.startup.Tomcat.<clinit>(Tomcat.java:1196)
	at org.springframework.boot.web.embedded.tomcat.TomcatServletWebServerFactory.getWebServer(TomcatServletWebServerFactory.java:200)
	at org.springframework.boot.web.servlet.context.ServletWebServerApplicationContext.createWebServer(ServletWebServerApplicationContext.java:193)
	at org.springframework.boot.web.servlet.context.ServletWebServerApplicationContext.onRefresh(ServletWebServerApplicationContext.java:167)
	at org.springframework.context.support.AbstractApplicationContext.refresh(AbstractApplicationContext.java:622)
	at org.springframework.boot.web.servlet.context.ServletWebServerApplicationContext.refresh(ServletWebServerApplicationContext.java:146)
	at org.springframework.boot.SpringApplication.refresh(SpringApplication.java:752)
	at org.springframework.boot.SpringApplication.refreshContext(SpringApplication.java:439)
	at org.springframework.boot.SpringApplication.run(SpringApplication.java:318)
	at org.springframework.boot.SpringApplication.run(SpringApplication.java:1361)
	at org.springframework.boot.SpringApplication.run(SpringApplication.java:1350)
	at gr.aueb.cf.eduapp.EduAppApplication.main(EduAppApplication.java:12)
2026-05-03 22:32:13 DEBUG o.apache.catalina.core.ContainerBase - Add container child [StandardHost[localhost]] to container [StandardEngine[Tomcat]]
2026-05-03 22:32:13 DEBUG o.apache.catalina.core.ContainerBase - Add container child [TomcatEmbeddedContext[]] to container [StandardEngine[Tomcat].StandardHost[localhost]]
2026-05-03 22:32:13 DEBUG o.apache.catalina.util.LifecycleBase - Setting state for [StandardServer[-1]] to [INITIALIZING]
2026-05-03 22:32:13 DEBUG o.apache.catalina.util.LifecycleBase - Setting state for [org.apache.catalina.deploy.NamingResourcesImpl@25953be6] to [INITIALIZING]
2026-05-03 22:32:13 DEBUG o.apache.catalina.util.LifecycleBase - Setting state for [org.apache.catalina.deploy.NamingResourcesImpl@25953be6] to [INITIALIZED]
2026-05-03 22:32:13 DEBUG o.apache.catalina.util.LifecycleBase - Setting state for [StandardService[Tomcat]] to [INITIALIZING]
2026-05-03 22:32:13 DEBUG o.apache.catalina.util.LifecycleBase - Setting state for [StandardEngine[Tomcat]] to [INITIALIZING]
2026-05-03 22:32:13 DEBUG o.apache.catalina.util.LifecycleBase - Setting state for [StandardEngine[Tomcat]] to [INITIALIZED]
2026-05-03 22:32:13 DEBUG o.apache.catalina.util.LifecycleBase - Setting state for [org.apache.catalina.mapper.MapperListener@7c96c85] to [INITIALIZING]
2026-05-03 22:32:13 DEBUG o.apache.catalina.util.LifecycleBase - Setting state for [org.apache.catalina.mapper.MapperListener@7c96c85] to [INITIALIZED]
2026-05-03 22:32:13 DEBUG o.apache.catalina.util.LifecycleBase - Setting state for [Connector["http-nio-8080"]] to [INITIALIZING]
2026-05-03 22:32:13 INFO  o.a.coyote.http11.Http11NioProtocol - Initializing ProtocolHandler ["http-nio-8080"]
2026-05-03 22:32:13 DEBUG o.apache.catalina.util.LifecycleBase - Setting state for [Connector["http-nio-8080"]] to [INITIALIZED]
2026-05-03 22:32:13 DEBUG o.apache.catalina.util.LifecycleBase - Setting state for [StandardService[Tomcat]] to [INITIALIZED]
2026-05-03 22:32:13 DEBUG o.apache.catalina.util.LifecycleBase - Setting state for [StandardServer[-1]] to [INITIALIZED]
2026-05-03 22:32:13 DEBUG o.apache.catalina.util.LifecycleBase - Setting state for [StandardServer[-1]] to [STARTING_PREP]
2026-05-03 22:32:13 DEBUG o.apache.catalina.util.LifecycleBase - Setting state for [StandardServer[-1]] to [STARTING]
2026-05-03 22:32:13 DEBUG o.apache.catalina.util.LifecycleBase - Setting state for [org.apache.catalina.deploy.NamingResourcesImpl@25953be6] to [STARTING_PREP]
2026-05-03 22:32:13 DEBUG o.apache.catalina.util.LifecycleBase - Setting state for [org.apache.catalina.deploy.NamingResourcesImpl@25953be6] to [STARTING]
2026-05-03 22:32:13 DEBUG o.apache.catalina.util.LifecycleBase - Setting state for [org.apache.catalina.deploy.NamingResourcesImpl@25953be6] to [STARTED]
2026-05-03 22:32:13 DEBUG o.apache.catalina.util.LifecycleBase - Setting state for [StandardService[Tomcat]] to [STARTING_PREP]
2026-05-03 22:32:13 INFO  o.a.catalina.core.StandardService - Starting service [Tomcat]
2026-05-03 22:32:13 DEBUG o.apache.catalina.util.LifecycleBase - Setting state for [StandardService[Tomcat]] to [STARTING]
2026-05-03 22:32:13 DEBUG o.apache.catalina.util.LifecycleBase - Setting state for [StandardEngine[Tomcat]] to [STARTING_PREP]
2026-05-03 22:32:13 INFO  o.a.catalina.core.StandardEngine - Starting Servlet engine: [Apache Tomcat/10.1.52]
2026-05-03 22:32:13 DEBUG o.apache.catalina.util.LifecycleBase - Setting state for [SimpleRealm[StandardEngine[Tomcat]]] to [INITIALIZING]
2026-05-03 22:32:13 DEBUG o.apache.catalina.util.LifecycleBase - Setting state for [SimpleRealm[StandardEngine[Tomcat]]] to [INITIALIZED]
2026-05-03 22:32:13 DEBUG o.apache.catalina.util.LifecycleBase - Setting state for [SimpleRealm[StandardEngine[Tomcat]]] to [STARTING_PREP]
2026-05-03 22:32:13 DEBUG o.apache.catalina.util.LifecycleBase - Setting state for [SimpleRealm[StandardEngine[Tomcat]]] to [STARTING]
2026-05-03 22:32:13 DEBUG o.apache.catalina.util.LifecycleBase - Setting state for [SimpleRealm[StandardEngine[Tomcat]]] to [STARTED]
2026-05-03 22:32:13 DEBUG o.apache.catalina.util.LifecycleBase - Setting state for [StandardEngine[Tomcat].StandardHost[localhost]] to [INITIALIZING]
2026-05-03 22:32:13 DEBUG o.apache.catalina.util.LifecycleBase - Setting state for [StandardEngine[Tomcat].StandardHost[localhost]] to [INITIALIZED]
2026-05-03 22:32:13 DEBUG o.apache.catalina.util.LifecycleBase - Setting state for [StandardEngine[Tomcat].StandardHost[localhost]] to [STARTING_PREP]
2026-05-03 22:32:13 DEBUG o.apache.catalina.util.LifecycleBase - Setting state for [StandardEngine[Tomcat].StandardHost[localhost].TomcatEmbeddedContext[]] to [INITIALIZING]
2026-05-03 22:32:13 DEBUG o.apache.catalina.util.LifecycleBase - Setting state for [StandardEngine[Tomcat].StandardHost[localhost].TomcatEmbeddedContext[]] to [INITIALIZED]
2026-05-03 22:32:13 DEBUG o.apache.catalina.util.LifecycleBase - Setting state for [StandardEngine[Tomcat].StandardHost[localhost].TomcatEmbeddedContext[]] to [STARTING_PREP]
2026-05-03 22:32:13 DEBUG o.apache.catalina.util.LifecycleBase - Setting state for [org.apache.catalina.webresources.StandardRoot@4cffd3fd] to [INITIALIZING]
2026-05-03 22:32:13 DEBUG o.apache.catalina.util.LifecycleBase - Setting state for [org.apache.catalina.webresources.StandardRoot@4cffd3fd] to [INITIALIZED]
2026-05-03 22:32:13 DEBUG o.apache.catalina.util.LifecycleBase - Setting state for [org.apache.catalina.webresources.StandardRoot@4cffd3fd] to [STARTING_PREP]
2026-05-03 22:32:13 DEBUG o.apache.catalina.util.LifecycleBase - Setting state for [org.apache.catalina.webresources.DirResourceSet@4962b41e] to [INITIALIZING]
2026-05-03 22:32:13 DEBUG o.apache.catalina.util.LifecycleBase - Setting state for [org.apache.catalina.webresources.DirResourceSet@4962b41e] to [INITIALIZED]
2026-05-03 22:32:13 DEBUG o.apache.catalina.util.LifecycleBase - Setting state for [org.apache.catalina.webresources.DirResourceSet@4962b41e] to [STARTING_PREP]
2026-05-03 22:32:13 DEBUG o.apache.catalina.util.LifecycleBase - Setting state for [org.apache.catalina.webresources.DirResourceSet@4962b41e] to [STARTING]
2026-05-03 22:32:13 DEBUG o.apache.catalina.util.LifecycleBase - Setting state for [org.apache.catalina.webresources.DirResourceSet@4962b41e] to [STARTED]
2026-05-03 22:32:13 DEBUG o.apache.catalina.util.LifecycleBase - Setting state for [org.apache.catalina.webresources.StandardRoot@4cffd3fd] to [STARTING]
2026-05-03 22:32:13 DEBUG o.apache.catalina.util.LifecycleBase - Setting state for [org.apache.catalina.webresources.StandardRoot@4cffd3fd] to [STARTED]
2026-05-03 22:32:13 DEBUG o.apache.catalina.util.LifecycleBase - Setting state for [WebappLoader[StandardEngine[Tomcat].StandardHost[localhost].TomcatEmbeddedContext[]]] to [INITIALIZING]
2026-05-03 22:32:13 DEBUG o.apache.catalina.util.LifecycleBase - Setting state for [WebappLoader[StandardEngine[Tomcat].StandardHost[localhost].TomcatEmbeddedContext[]]] to [INITIALIZED]
2026-05-03 22:32:13 DEBUG o.apache.catalina.util.LifecycleBase - Setting state for [WebappLoader[StandardEngine[Tomcat].StandardHost[localhost].TomcatEmbeddedContext[]]] to [STARTING_PREP]
2026-05-03 22:32:13 DEBUG o.a.catalina.loader.WebappLoader - Starting this Loader
2026-05-03 22:32:13 DEBUG o.apache.catalina.webresources.Cache - Increased cache size by [531] for item [org.apache.catalina.webresources.CachedResource@66e827a8] at [/WEB-INF/classes] making total cache size [531]
2026-05-03 22:32:13 DEBUG o.apache.catalina.util.LifecycleBase - Setting state for [WebappLoader[StandardEngine[Tomcat].StandardHost[localhost].TomcatEmbeddedContext[]]] to [STARTING]
2026-05-03 22:32:13 DEBUG o.apache.catalina.util.LifecycleBase - Setting state for [WebappLoader[StandardEngine[Tomcat].StandardHost[localhost].TomcatEmbeddedContext[]]] to [STARTED]
2026-05-03 22:32:13 DEBUG o.apache.catalina.util.LifecycleBase - Setting state for [StandardPipeline[StandardEngine[Tomcat].StandardHost[localhost].TomcatEmbeddedContext[]]] to [INITIALIZING]
2026-05-03 22:32:13 DEBUG o.apache.catalina.util.LifecycleBase - Setting state for [StandardPipeline[StandardEngine[Tomcat].StandardHost[localhost].TomcatEmbeddedContext[]]] to [INITIALIZED]
2026-05-03 22:32:13 DEBUG o.apache.catalina.util.LifecycleBase - Setting state for [StandardPipeline[StandardEngine[Tomcat].StandardHost[localhost].TomcatEmbeddedContext[]]] to [STARTING_PREP]
2026-05-03 22:32:13 DEBUG o.apache.catalina.util.LifecycleBase - Setting state for [NonLoginAuthenticator[StandardEngine[Tomcat].StandardHost[localhost].TomcatEmbeddedContext[]]] to [INITIALIZING]
2026-05-03 22:32:13 DEBUG o.apache.catalina.util.LifecycleBase - Setting state for [NonLoginAuthenticator[StandardEngine[Tomcat].StandardHost[localhost].TomcatEmbeddedContext[]]] to [INITIALIZED]
2026-05-03 22:32:13 DEBUG o.apache.catalina.util.LifecycleBase - Setting state for [NonLoginAuthenticator[StandardEngine[Tomcat].StandardHost[localhost].TomcatEmbeddedContext[]]] to [STARTING_PREP]
2026-05-03 22:32:13 DEBUG o.apache.catalina.util.LifecycleBase - Setting state for [NonLoginAuthenticator[StandardEngine[Tomcat].StandardHost[localhost].TomcatEmbeddedContext[]]] to [STARTING]
2026-05-03 22:32:13 DEBUG o.apache.catalina.util.LifecycleBase - Setting state for [NonLoginAuthenticator[StandardEngine[Tomcat].StandardHost[localhost].TomcatEmbeddedContext[]]] to [STARTED]
2026-05-03 22:32:13 DEBUG o.apache.catalina.util.LifecycleBase - Setting state for [StandardContextValve[StandardEngine[Tomcat].StandardHost[localhost].TomcatEmbeddedContext[]]] to [INITIALIZING]
2026-05-03 22:32:13 DEBUG o.apache.catalina.util.LifecycleBase - Setting state for [StandardContextValve[StandardEngine[Tomcat].StandardHost[localhost].TomcatEmbeddedContext[]]] to [INITIALIZED]
2026-05-03 22:32:13 DEBUG o.apache.catalina.util.LifecycleBase - Setting state for [StandardContextValve[StandardEngine[Tomcat].StandardHost[localhost].TomcatEmbeddedContext[]]] to [STARTING_PREP]
2026-05-03 22:32:13 DEBUG o.apache.catalina.util.LifecycleBase - Setting state for [StandardContextValve[StandardEngine[Tomcat].StandardHost[localhost].TomcatEmbeddedContext[]]] to [STARTING]
2026-05-03 22:32:13 DEBUG o.apache.catalina.util.LifecycleBase - Setting state for [StandardContextValve[StandardEngine[Tomcat].StandardHost[localhost].TomcatEmbeddedContext[]]] to [STARTED]
2026-05-03 22:32:13 DEBUG o.apache.catalina.util.LifecycleBase - Setting state for [StandardPipeline[StandardEngine[Tomcat].StandardHost[localhost].TomcatEmbeddedContext[]]] to [STARTING]
2026-05-03 22:32:13 DEBUG o.apache.catalina.util.LifecycleBase - Setting state for [StandardPipeline[StandardEngine[Tomcat].StandardHost[localhost].TomcatEmbeddedContext[]]] to [STARTED]
2026-05-03 22:32:13 DEBUG o.a.catalina.core.StandardContext - No manager found. Checking if cluster manager should be used. Cluster configured: [false], Application distributable: [false]
2026-05-03 22:32:13 DEBUG o.a.catalina.core.StandardContext - Configured a manager of class [org.apache.catalina.session.StandardManager]
2026-05-03 22:32:13 DEBUG o.apache.catalina.util.LifecycleBase - Setting state for [org.apache.catalina.deploy.NamingResourcesImpl@8c12524] to [INITIALIZING]
2026-05-03 22:32:13 DEBUG o.apache.catalina.util.LifecycleBase - Setting state for [org.apache.catalina.deploy.NamingResourcesImpl@8c12524] to [INITIALIZED]
2026-05-03 22:32:13 DEBUG o.apache.catalina.util.LifecycleBase - Setting state for [org.apache.catalina.deploy.NamingResourcesImpl@8c12524] to [STARTING_PREP]
2026-05-03 22:32:13 DEBUG o.apache.catalina.util.LifecycleBase - Setting state for [org.apache.catalina.deploy.NamingResourcesImpl@8c12524] to [STARTING]
2026-05-03 22:32:13 DEBUG o.apache.catalina.util.LifecycleBase - Setting state for [org.apache.catalina.deploy.NamingResourcesImpl@8c12524] to [STARTED]
2026-05-03 22:32:13 INFO  o.a.c.c.C.[Tomcat].[localhost].[/] - Initializing Spring embedded WebApplicationContext
2026-05-03 22:32:15 DEBUG o.apache.catalina.webresources.Cache - Increased cache size by [573] for item [org.apache.catalina.webresources.CachedResource@75c33608] at [/WEB-INF/classes/hibernate.properties] making total cache size [1104]
2026-05-03 22:32:16 DEBUG o.apache.catalina.webresources.Cache - Increased cache size by [579] for item [org.apache.catalina.webresources.CachedResource@644f6e89] at [/WEB-INF/classes/META-INF/validation.xml] making total cache size [1683]
2026-05-03 22:32:18 DEBUG o.apache.catalina.core.ContainerBase - Add container child [StandardWrapper[dispatcherServlet]] to container [StandardEngine[Tomcat].StandardHost[localhost].TomcatEmbeddedContext[]]
2026-05-03 22:32:18 DEBUG o.apache.catalina.util.LifecycleBase - Setting state for [StandardEngine[Tomcat].StandardHost[localhost].TomcatEmbeddedContext[].StandardWrapper[dispatcherServlet]] to [INITIALIZING]
2026-05-03 22:32:18 DEBUG o.apache.catalina.util.LifecycleBase - Setting state for [StandardEngine[Tomcat].StandardHost[localhost].TomcatEmbeddedContext[].StandardWrapper[dispatcherServlet]] to [INITIALIZED]
2026-05-03 22:32:18 DEBUG o.apache.catalina.util.LifecycleBase - Setting state for [StandardEngine[Tomcat].StandardHost[localhost].TomcatEmbeddedContext[].StandardWrapper[dispatcherServlet]] to [STARTING_PREP]
2026-05-03 22:32:18 DEBUG o.apache.catalina.util.LifecycleBase - Setting state for [StandardPipeline[StandardEngine[Tomcat].StandardHost[localhost].TomcatEmbeddedContext[].StandardWrapper[dispatcherServlet]]] to [INITIALIZING]
2026-05-03 22:32:18 DEBUG o.apache.catalina.util.LifecycleBase - Setting state for [StandardPipeline[StandardEngine[Tomcat].StandardHost[localhost].TomcatEmbeddedContext[].StandardWrapper[dispatcherServlet]]] to [INITIALIZED]
2026-05-03 22:32:18 DEBUG o.apache.catalina.util.LifecycleBase - Setting state for [StandardPipeline[StandardEngine[Tomcat].StandardHost[localhost].TomcatEmbeddedContext[].StandardWrapper[dispatcherServlet]]] to [STARTING_PREP]
2026-05-03 22:32:18 DEBUG o.apache.catalina.util.LifecycleBase - Setting state for [StandardWrapperValve[StandardEngine[Tomcat].StandardHost[localhost].TomcatEmbeddedContext[].StandardWrapper[dispatcherServlet]]] to [INITIALIZING]
2026-05-03 22:32:18 DEBUG o.apache.catalina.util.LifecycleBase - Setting state for [StandardWrapperValve[StandardEngine[Tomcat].StandardHost[localhost].TomcatEmbeddedContext[].StandardWrapper[dispatcherServlet]]] to [INITIALIZED]
2026-05-03 22:32:18 DEBUG o.apache.catalina.util.LifecycleBase - Setting state for [StandardWrapperValve[StandardEngine[Tomcat].StandardHost[localhost].TomcatEmbeddedContext[].StandardWrapper[dispatcherServlet]]] to [STARTING_PREP]
2026-05-03 22:32:18 DEBUG o.apache.catalina.util.LifecycleBase - Setting state for [StandardWrapperValve[StandardEngine[Tomcat].StandardHost[localhost].TomcatEmbeddedContext[].StandardWrapper[dispatcherServlet]]] to [STARTING]
2026-05-03 22:32:18 DEBUG o.apache.catalina.util.LifecycleBase - Setting state for [StandardWrapperValve[StandardEngine[Tomcat].StandardHost[localhost].TomcatEmbeddedContext[].StandardWrapper[dispatcherServlet]]] to [STARTED]
2026-05-03 22:32:18 DEBUG o.apache.catalina.util.LifecycleBase - Setting state for [StandardPipeline[StandardEngine[Tomcat].StandardHost[localhost].TomcatEmbeddedContext[].StandardWrapper[dispatcherServlet]]] to [STARTING]
2026-05-03 22:32:18 DEBUG o.apache.catalina.util.LifecycleBase - Setting state for [StandardPipeline[StandardEngine[Tomcat].StandardHost[localhost].TomcatEmbeddedContext[].StandardWrapper[dispatcherServlet]]] to [STARTED]
2026-05-03 22:32:18 DEBUG o.apache.catalina.util.LifecycleBase - Setting state for [StandardEngine[Tomcat].StandardHost[localhost].TomcatEmbeddedContext[].StandardWrapper[dispatcherServlet]] to [STARTING]
2026-05-03 22:32:18 DEBUG o.apache.catalina.util.LifecycleBase - Setting state for [StandardEngine[Tomcat].StandardHost[localhost].TomcatEmbeddedContext[].StandardWrapper[dispatcherServlet]] to [STARTED]
2026-05-03 22:32:18 DEBUG o.apache.catalina.util.LifecycleBase - Setting state for [StandardManager[StandardEngine[Tomcat].StandardHost[localhost].TomcatEmbeddedContext[]]] to [INITIALIZING]
2026-05-03 22:32:18 DEBUG o.apache.catalina.util.LifecycleBase - Setting state for [StandardManager[StandardEngine[Tomcat].StandardHost[localhost].TomcatEmbeddedContext[]]] to [INITIALIZED]
2026-05-03 22:32:18 DEBUG o.apache.catalina.util.LifecycleBase - Setting state for [StandardManager[StandardEngine[Tomcat].StandardHost[localhost].TomcatEmbeddedContext[]]] to [STARTING_PREP]
2026-05-03 22:32:18 DEBUG o.apache.catalina.util.LifecycleBase - Setting state for [org.springframework.boot.web.embedded.tomcat.LazySessionIdGenerator@6acdca3a] to [INITIALIZING]
2026-05-03 22:32:18 DEBUG o.apache.catalina.util.LifecycleBase - Setting state for [org.springframework.boot.web.embedded.tomcat.LazySessionIdGenerator@6acdca3a] to [INITIALIZED]
2026-05-03 22:32:18 DEBUG o.apache.catalina.util.LifecycleBase - Setting state for [org.springframework.boot.web.embedded.tomcat.LazySessionIdGenerator@6acdca3a] to [STARTING_PREP]
2026-05-03 22:32:18 DEBUG o.apache.catalina.util.LifecycleBase - Setting state for [org.springframework.boot.web.embedded.tomcat.LazySessionIdGenerator@6acdca3a] to [STARTING]
2026-05-03 22:32:18 DEBUG o.apache.catalina.util.LifecycleBase - Setting state for [org.springframework.boot.web.embedded.tomcat.LazySessionIdGenerator@6acdca3a] to [STARTED]
2026-05-03 22:32:18 DEBUG o.apache.catalina.util.LifecycleBase - Setting state for [StandardManager[StandardEngine[Tomcat].StandardHost[localhost].TomcatEmbeddedContext[]]] to [STARTING]
2026-05-03 22:32:18 DEBUG o.apache.catalina.util.LifecycleBase - Setting state for [StandardManager[StandardEngine[Tomcat].StandardHost[localhost].TomcatEmbeddedContext[]]] to [STARTED]
2026-05-03 22:32:18 DEBUG o.apache.catalina.util.LifecycleBase - Setting state for [StandardEngine[Tomcat].StandardHost[localhost].TomcatEmbeddedContext[]] to [STARTING]
2026-05-03 22:32:18 DEBUG o.apache.catalina.util.LifecycleBase - Setting state for [StandardEngine[Tomcat].StandardHost[localhost].TomcatEmbeddedContext[]] to [STARTED]
2026-05-03 22:32:18 DEBUG o.apache.catalina.util.LifecycleBase - Setting state for [StandardPipeline[StandardEngine[Tomcat].StandardHost[localhost]]] to [INITIALIZING]
2026-05-03 22:32:18 DEBUG o.apache.catalina.util.LifecycleBase - Setting state for [StandardPipeline[StandardEngine[Tomcat].StandardHost[localhost]]] to [INITIALIZED]
2026-05-03 22:32:18 DEBUG o.apache.catalina.util.LifecycleBase - Setting state for [StandardPipeline[StandardEngine[Tomcat].StandardHost[localhost]]] to [STARTING_PREP]
2026-05-03 22:32:18 DEBUG o.apache.catalina.util.LifecycleBase - Setting state for [ErrorReportValve[StandardEngine[Tomcat].StandardHost[localhost]]] to [INITIALIZING]
2026-05-03 22:32:18 DEBUG o.apache.catalina.util.LifecycleBase - Setting state for [ErrorReportValve[StandardEngine[Tomcat].StandardHost[localhost]]] to [INITIALIZED]
2026-05-03 22:32:18 DEBUG o.apache.catalina.util.LifecycleBase - Setting state for [ErrorReportValve[StandardEngine[Tomcat].StandardHost[localhost]]] to [STARTING_PREP]
2026-05-03 22:32:18 DEBUG o.apache.catalina.util.LifecycleBase - Setting state for [ErrorReportValve[StandardEngine[Tomcat].StandardHost[localhost]]] to [STARTING]
2026-05-03 22:32:18 DEBUG o.apache.catalina.util.LifecycleBase - Setting state for [ErrorReportValve[StandardEngine[Tomcat].StandardHost[localhost]]] to [STARTED]
2026-05-03 22:32:18 DEBUG o.apache.catalina.util.LifecycleBase - Setting state for [StandardHostValve[StandardEngine[Tomcat].StandardHost[localhost]]] to [INITIALIZING]
2026-05-03 22:32:18 DEBUG o.apache.catalina.util.LifecycleBase - Setting state for [StandardHostValve[StandardEngine[Tomcat].StandardHost[localhost]]] to [INITIALIZED]
2026-05-03 22:32:18 DEBUG o.apache.catalina.util.LifecycleBase - Setting state for [StandardHostValve[StandardEngine[Tomcat].StandardHost[localhost]]] to [STARTING_PREP]
2026-05-03 22:32:18 DEBUG o.apache.catalina.util.LifecycleBase - Setting state for [StandardHostValve[StandardEngine[Tomcat].StandardHost[localhost]]] to [STARTING]
2026-05-03 22:32:18 DEBUG o.apache.catalina.util.LifecycleBase - Setting state for [StandardHostValve[StandardEngine[Tomcat].StandardHost[localhost]]] to [STARTED]
2026-05-03 22:32:18 DEBUG o.apache.catalina.util.LifecycleBase - Setting state for [StandardPipeline[StandardEngine[Tomcat].StandardHost[localhost]]] to [STARTING]
2026-05-03 22:32:18 DEBUG o.apache.catalina.util.LifecycleBase - Setting state for [StandardPipeline[StandardEngine[Tomcat].StandardHost[localhost]]] to [STARTED]
2026-05-03 22:32:18 DEBUG o.apache.catalina.util.LifecycleBase - Setting state for [StandardEngine[Tomcat].StandardHost[localhost]] to [STARTING]
2026-05-03 22:32:18 DEBUG o.apache.catalina.util.LifecycleBase - Setting state for [StandardEngine[Tomcat].StandardHost[localhost]] to [STARTED]
2026-05-03 22:32:18 DEBUG o.apache.catalina.util.LifecycleBase - Setting state for [StandardPipeline[StandardEngine[Tomcat]]] to [INITIALIZING]
2026-05-03 22:32:18 DEBUG o.apache.catalina.util.LifecycleBase - Setting state for [StandardPipeline[StandardEngine[Tomcat]]] to [INITIALIZED]
2026-05-03 22:32:18 DEBUG o.apache.catalina.util.LifecycleBase - Setting state for [StandardPipeline[StandardEngine[Tomcat]]] to [STARTING_PREP]
2026-05-03 22:32:18 DEBUG o.apache.catalina.util.LifecycleBase - Setting state for [StandardEngineValve[StandardEngine[Tomcat]]] to [INITIALIZING]
2026-05-03 22:32:18 DEBUG o.apache.catalina.util.LifecycleBase - Setting state for [StandardEngineValve[StandardEngine[Tomcat]]] to [INITIALIZED]
2026-05-03 22:32:18 DEBUG o.apache.catalina.util.LifecycleBase - Setting state for [StandardEngineValve[StandardEngine[Tomcat]]] to [STARTING_PREP]
2026-05-03 22:32:18 DEBUG o.apache.catalina.util.LifecycleBase - Setting state for [StandardEngineValve[StandardEngine[Tomcat]]] to [STARTING]
2026-05-03 22:32:18 DEBUG o.apache.catalina.util.LifecycleBase - Setting state for [StandardEngineValve[StandardEngine[Tomcat]]] to [STARTED]
2026-05-03 22:32:18 DEBUG o.apache.catalina.util.LifecycleBase - Setting state for [StandardPipeline[StandardEngine[Tomcat]]] to [STARTING]
2026-05-03 22:32:18 DEBUG o.apache.catalina.util.LifecycleBase - Setting state for [StandardPipeline[StandardEngine[Tomcat]]] to [STARTED]
2026-05-03 22:32:18 DEBUG o.apache.catalina.util.LifecycleBase - Setting state for [StandardEngine[Tomcat]] to [STARTING]
2026-05-03 22:32:18 DEBUG o.apache.catalina.util.LifecycleBase - Setting state for [StandardEngine[Tomcat]] to [STARTED]
2026-05-03 22:32:18 DEBUG o.apache.catalina.util.LifecycleBase - Setting state for [org.apache.catalina.mapper.MapperListener@7c96c85] to [STARTING_PREP]
2026-05-03 22:32:18 DEBUG o.apache.catalina.util.LifecycleBase - Setting state for [org.apache.catalina.mapper.MapperListener@7c96c85] to [STARTING]
2026-05-03 22:32:18 DEBUG org.apache.catalina.mapper.Mapper - Registered host [localhost]
2026-05-03 22:32:18 DEBUG o.a.catalina.mapper.MapperListener - Register Wrapper [dispatcherServlet] in Context [] for service [StandardService[Tomcat]]
2026-05-03 22:32:18 DEBUG o.a.catalina.mapper.MapperListener - Register Context [] for service [StandardService[Tomcat]]
2026-05-03 22:32:18 DEBUG o.a.catalina.mapper.MapperListener - Register host [localhost] at domain [null] for service [StandardService[Tomcat]]
2026-05-03 22:32:18 DEBUG o.apache.catalina.util.LifecycleBase - Setting state for [org.apache.catalina.mapper.MapperListener@7c96c85] to [STARTED]
2026-05-03 22:32:18 DEBUG o.apache.catalina.util.LifecycleBase - Setting state for [StandardService[Tomcat]] to [STARTED]
2026-05-03 22:32:18 DEBUG o.apache.catalina.util.LifecycleBase - Setting state for [StandardServer[-1]] to [STARTED]
2026-05-03 22:32:18 DEBUG o.apache.catalina.webresources.Cache - Increased cache size by [521] for item [org.apache.catalina.webresources.CachedResource@261d7ee2] at [/index.html] making total cache size [2204]
2026-05-03 22:32:18 DEBUG o.apache.catalina.webresources.Cache - Increased cache size by [501] for item [org.apache.catalina.webresources.CachedResource@10fa270e] at [/] making total cache size [2705]
2026-05-03 22:32:19 DEBUG o.apache.catalina.util.LifecycleBase - Setting state for [Connector["http-nio-8080"]] to [STARTING_PREP]
2026-05-03 22:32:19 DEBUG o.apache.catalina.util.LifecycleBase - Setting state for [Connector["http-nio-8080"]] to [STARTING]
2026-05-03 22:32:19 INFO  o.a.coyote.http11.Http11NioProtocol - Starting ProtocolHandler ["http-nio-8080"]
2026-05-03 22:32:19 DEBUG o.apache.catalina.util.LifecycleBase - Setting state for [Connector["http-nio-8080"]] to [STARTED]
2026-05-03 22:32:21 DEBUG o.a.coyote.http11.Http11Processor - Error parsing HTTP request header
java.io.EOFException
	at org.apache.tomcat.util.net.NioEndpoint$NioSocketWrapper.fillReadBuffer(NioEndpoint.java:1334)
	at org.apache.tomcat.util.net.NioEndpoint$NioSocketWrapper.read(NioEndpoint.java:1218)
	at org.apache.coyote.http11.Http11InputBuffer.fill(Http11InputBuffer.java:780)
	at org.apache.coyote.http11.Http11InputBuffer.parseRequestLine(Http11InputBuffer.java:345)
	at org.apache.coyote.http11.Http11Processor.service(Http11Processor.java:272)
	at org.apache.coyote.AbstractProcessorLight.process(AbstractProcessorLight.java:63)
	at org.apache.coyote.AbstractProtocol$ConnectionHandler.process(AbstractProtocol.java:903)
	at org.apache.tomcat.util.net.NioEndpoint$SocketProcessor.doRun(NioEndpoint.java:1775)
	at org.apache.tomcat.util.net.SocketProcessorBase.run(SocketProcessorBase.java:52)
	at org.apache.tomcat.util.threads.ThreadPoolExecutor.runWorker(ThreadPoolExecutor.java:973)
	at org.apache.tomcat.util.threads.ThreadPoolExecutor$Worker.run(ThreadPoolExecutor.java:491)
	at org.apache.tomcat.util.threads.TaskThread$WrappingRunnable.run(TaskThread.java:63)
	at java.base/java.lang.Thread.run(Thread.java:1583)
2026-05-03 22:32:21 DEBUG o.a.coyote.http11.Http11Processor - Error state [CLOSE_CONNECTION_NOW] reported while processing request
java.io.EOFException
	at org.apache.tomcat.util.net.NioEndpoint$NioSocketWrapper.fillReadBuffer(NioEndpoint.java:1334)
	at org.apache.tomcat.util.net.NioEndpoint$NioSocketWrapper.read(NioEndpoint.java:1218)
	at org.apache.coyote.http11.Http11InputBuffer.fill(Http11InputBuffer.java:780)
	at org.apache.coyote.http11.Http11InputBuffer.parseRequestLine(Http11InputBuffer.java:345)
	at org.apache.coyote.http11.Http11Processor.service(Http11Processor.java:272)
	at org.apache.coyote.AbstractProcessorLight.process(AbstractProcessorLight.java:63)
	at org.apache.coyote.AbstractProtocol$ConnectionHandler.process(AbstractProtocol.java:903)
	at org.apache.tomcat.util.net.NioEndpoint$SocketProcessor.doRun(NioEndpoint.java:1775)
	at org.apache.tomcat.util.net.SocketProcessorBase.run(SocketProcessorBase.java:52)
	at org.apache.tomcat.util.threads.ThreadPoolExecutor.runWorker(ThreadPoolExecutor.java:973)
	at org.apache.tomcat.util.threads.ThreadPoolExecutor$Worker.run(ThreadPoolExecutor.java:491)
	at org.apache.tomcat.util.threads.TaskThread$WrappingRunnable.run(TaskThread.java:63)
	at java.base/java.lang.Thread.run(Thread.java:1583)
2026-05-03 22:32:21 DEBUG o.a.c.a.jaspic.AuthConfigFactoryImpl - Loading persistent provider registrations from [C:\Users\CyberPirate\AppData\Local\Temp\tomcat.8080.8626007795189375498\conf\jaspic-providers.xml]
2026-05-03 22:32:21 INFO  o.a.c.c.C.[Tomcat].[localhost].[/] - Initializing Spring DispatcherServlet 'dispatcherServlet'
2026-05-03 22:35:10 DEBUG o.a.coyote.http11.Http11Processor - Error parsing HTTP request header
java.io.EOFException
	at org.apache.tomcat.util.net.NioEndpoint$NioSocketWrapper.fillReadBuffer(NioEndpoint.java:1334)
	at org.apache.tomcat.util.net.NioEndpoint$NioSocketWrapper.read(NioEndpoint.java:1218)
	at org.apache.coyote.http11.Http11InputBuffer.fill(Http11InputBuffer.java:780)
	at org.apache.coyote.http11.Http11InputBuffer.parseRequestLine(Http11InputBuffer.java:345)
	at org.apache.coyote.http11.Http11Processor.service(Http11Processor.java:272)
	at org.apache.coyote.AbstractProcessorLight.process(AbstractProcessorLight.java:63)
	at org.apache.coyote.AbstractProtocol$ConnectionHandler.process(AbstractProtocol.java:903)
	at org.apache.tomcat.util.net.NioEndpoint$SocketProcessor.doRun(NioEndpoint.java:1775)
	at org.apache.tomcat.util.net.SocketProcessorBase.run(SocketProcessorBase.java:52)
	at org.apache.tomcat.util.threads.ThreadPoolExecutor.runWorker(ThreadPoolExecutor.java:973)
	at org.apache.tomcat.util.threads.ThreadPoolExecutor$Worker.run(ThreadPoolExecutor.java:491)
	at org.apache.tomcat.util.threads.TaskThread$WrappingRunnable.run(TaskThread.java:63)
	at java.base/java.lang.Thread.run(Thread.java:1583)
2026-05-03 22:35:10 DEBUG o.a.coyote.http11.Http11Processor - Error state [CLOSE_CONNECTION_NOW] reported while processing request
java.io.EOFException
	at org.apache.tomcat.util.net.NioEndpoint$NioSocketWrapper.fillReadBuffer(NioEndpoint.java:1334)
	at org.apache.tomcat.util.net.NioEndpoint$NioSocketWrapper.read(NioEndpoint.java:1218)
	at org.apache.coyote.http11.Http11InputBuffer.fill(Http11InputBuffer.java:780)
	at org.apache.coyote.http11.Http11InputBuffer.parseRequestLine(Http11InputBuffer.java:345)
	at org.apache.coyote.http11.Http11Processor.service(Http11Processor.java:272)
	at org.apache.coyote.AbstractProcessorLight.process(AbstractProcessorLight.java:63)
	at org.apache.coyote.AbstractProtocol$ConnectionHandler.process(AbstractProtocol.java:903)
	at org.apache.tomcat.util.net.NioEndpoint$SocketProcessor.doRun(NioEndpoint.java:1775)
	at org.apache.tomcat.util.net.SocketProcessorBase.run(SocketProcessorBase.java:52)
	at org.apache.tomcat.util.threads.ThreadPoolExecutor.runWorker(ThreadPoolExecutor.java:973)
	at org.apache.tomcat.util.threads.ThreadPoolExecutor$Worker.run(ThreadPoolExecutor.java:491)
	at org.apache.tomcat.util.threads.TaskThread$WrappingRunnable.run(TaskThread.java:63)
	at java.base/java.lang.Thread.run(Thread.java:1583)
2026-05-03 22:38:11 DEBUG o.a.coyote.http11.Http11Processor - Error parsing HTTP request header
java.io.EOFException
	at org.apache.tomcat.util.net.NioEndpoint$NioSocketWrapper.fillReadBuffer(NioEndpoint.java:1334)
	at org.apache.tomcat.util.net.NioEndpoint$NioSocketWrapper.read(NioEndpoint.java:1218)
	at org.apache.coyote.http11.Http11InputBuffer.fill(Http11InputBuffer.java:780)
	at org.apache.coyote.http11.Http11InputBuffer.parseRequestLine(Http11InputBuffer.java:345)
	at org.apache.coyote.http11.Http11Processor.service(Http11Processor.java:272)
	at org.apache.coyote.AbstractProcessorLight.process(AbstractProcessorLight.java:63)
	at org.apache.coyote.AbstractProtocol$ConnectionHandler.process(AbstractProtocol.java:903)
	at org.apache.tomcat.util.net.NioEndpoint$SocketProcessor.doRun(NioEndpoint.java:1775)
	at org.apache.tomcat.util.net.SocketProcessorBase.run(SocketProcessorBase.java:52)
	at org.apache.tomcat.util.threads.ThreadPoolExecutor.runWorker(ThreadPoolExecutor.java:973)
	at org.apache.tomcat.util.threads.ThreadPoolExecutor$Worker.run(ThreadPoolExecutor.java:491)
	at org.apache.tomcat.util.threads.TaskThread$WrappingRunnable.run(TaskThread.java:63)
	at java.base/java.lang.Thread.run(Thread.java:1583)
2026-05-03 22:38:11 DEBUG o.a.coyote.http11.Http11Processor - Error state [CLOSE_CONNECTION_NOW] reported while processing request
java.io.EOFException
	at org.apache.tomcat.util.net.NioEndpoint$NioSocketWrapper.fillReadBuffer(NioEndpoint.java:1334)
	at org.apache.tomcat.util.net.NioEndpoint$NioSocketWrapper.read(NioEndpoint.java:1218)
	at org.apache.coyote.http11.Http11InputBuffer.fill(Http11InputBuffer.java:780)
	at org.apache.coyote.http11.Http11InputBuffer.parseRequestLine(Http11InputBuffer.java:345)
	at org.apache.coyote.http11.Http11Processor.service(Http11Processor.java:272)
	at org.apache.coyote.AbstractProcessorLight.process(AbstractProcessorLight.java:63)
	at org.apache.coyote.AbstractProtocol$ConnectionHandler.process(AbstractProtocol.java:903)
	at org.apache.tomcat.util.net.NioEndpoint$SocketProcessor.doRun(NioEndpoint.java:1775)
	at org.apache.tomcat.util.net.SocketProcessorBase.run(SocketProcessorBase.java:52)
	at org.apache.tomcat.util.threads.ThreadPoolExecutor.runWorker(ThreadPoolExecutor.java:973)
	at org.apache.tomcat.util.threads.ThreadPoolExecutor$Worker.run(ThreadPoolExecutor.java:491)
	at org.apache.tomcat.util.threads.TaskThread$WrappingRunnable.run(TaskThread.java:63)
	at java.base/java.lang.Thread.run(Thread.java:1583)
2026-05-03 22:52:43 DEBUG o.a.coyote.http11.Http11Processor - Error parsing HTTP request header
java.io.EOFException
	at org.apache.tomcat.util.net.NioEndpoint$NioSocketWrapper.fillReadBuffer(NioEndpoint.java:1334)
	at org.apache.tomcat.util.net.NioEndpoint$NioSocketWrapper.read(NioEndpoint.java:1218)
	at org.apache.coyote.http11.Http11InputBuffer.fill(Http11InputBuffer.java:780)
	at org.apache.coyote.http11.Http11InputBuffer.parseRequestLine(Http11InputBuffer.java:345)
	at org.apache.coyote.http11.Http11Processor.service(Http11Processor.java:272)
	at org.apache.coyote.AbstractProcessorLight.process(AbstractProcessorLight.java:63)
	at org.apache.coyote.AbstractProtocol$ConnectionHandler.process(AbstractProtocol.java:903)
	at org.apache.tomcat.util.net.NioEndpoint$SocketProcessor.doRun(NioEndpoint.java:1775)
	at org.apache.tomcat.util.net.SocketProcessorBase.run(SocketProcessorBase.java:52)
	at org.apache.tomcat.util.threads.ThreadPoolExecutor.runWorker(ThreadPoolExecutor.java:973)
	at org.apache.tomcat.util.threads.ThreadPoolExecutor$Worker.run(ThreadPoolExecutor.java:491)
	at org.apache.tomcat.util.threads.TaskThread$WrappingRunnable.run(TaskThread.java:63)
	at java.base/java.lang.Thread.run(Thread.java:1583)
2026-05-03 22:52:43 DEBUG o.a.coyote.http11.Http11Processor - Error state [CLOSE_CONNECTION_NOW] reported while processing request
java.io.EOFException
	at org.apache.tomcat.util.net.NioEndpoint$NioSocketWrapper.fillReadBuffer(NioEndpoint.java:1334)
	at org.apache.tomcat.util.net.NioEndpoint$NioSocketWrapper.read(NioEndpoint.java:1218)
	at org.apache.coyote.http11.Http11InputBuffer.fill(Http11InputBuffer.java:780)
	at org.apache.coyote.http11.Http11InputBuffer.parseRequestLine(Http11InputBuffer.java:345)
	at org.apache.coyote.http11.Http11Processor.service(Http11Processor.java:272)
	at org.apache.coyote.AbstractProcessorLight.process(AbstractProcessorLight.java:63)
	at org.apache.coyote.AbstractProtocol$ConnectionHandler.process(AbstractProtocol.java:903)
	at org.apache.tomcat.util.net.NioEndpoint$SocketProcessor.doRun(NioEndpoint.java:1775)
	at org.apache.tomcat.util.net.SocketProcessorBase.run(SocketProcessorBase.java:52)
	at org.apache.tomcat.util.threads.ThreadPoolExecutor.runWorker(ThreadPoolExecutor.java:973)
	at org.apache.tomcat.util.threads.ThreadPoolExecutor$Worker.run(ThreadPoolExecutor.java:491)
	at org.apache.tomcat.util.threads.TaskThread$WrappingRunnable.run(TaskThread.java:63)
	at java.base/java.lang.Thread.run(Thread.java:1583)
2026-05-03 22:53:47 DEBUG o.a.tomcat.util.compat.Jre22Compat - Class not found so assuming code is running on a pre-Java 22 JVM
java.lang.ClassNotFoundException: java.text.ListFormat
	at java.base/jdk.internal.loader.BuiltinClassLoader.loadClass(BuiltinClassLoader.java:641)
	at java.base/jdk.internal.loader.ClassLoaders$AppClassLoader.loadClass(ClassLoaders.java:188)
	at java.base/java.lang.ClassLoader.loadClass(ClassLoader.java:526)
	at java.base/java.lang.Class.forName0(Native Method)
	at java.base/java.lang.Class.forName(Class.java:423)
	at java.base/java.lang.Class.forName(Class.java:414)
	at org.apache.tomcat.util.compat.Jre22Compat.<clinit>(Jre22Compat.java:37)
	at org.apache.tomcat.util.compat.JreCompat.<clinit>(JreCompat.java:75)
	at org.apache.catalina.startup.Tomcat.<clinit>(Tomcat.java:1196)
	at org.springframework.boot.web.embedded.tomcat.TomcatServletWebServerFactory.getWebServer(TomcatServletWebServerFactory.java:200)
	at org.springframework.boot.web.servlet.context.ServletWebServerApplicationContext.createWebServer(ServletWebServerApplicationContext.java:193)
	at org.springframework.boot.web.servlet.context.ServletWebServerApplicationContext.onRefresh(ServletWebServerApplicationContext.java:167)
	at org.springframework.context.support.AbstractApplicationContext.refresh(AbstractApplicationContext.java:622)
	at org.springframework.boot.web.servlet.context.ServletWebServerApplicationContext.refresh(ServletWebServerApplicationContext.java:146)
	at org.springframework.boot.SpringApplication.refresh(SpringApplication.java:752)
	at org.springframework.boot.SpringApplication.refreshContext(SpringApplication.java:439)
	at org.springframework.boot.SpringApplication.run(SpringApplication.java:318)
	at org.springframework.boot.SpringApplication.run(SpringApplication.java:1361)
	at org.springframework.boot.SpringApplication.run(SpringApplication.java:1350)
	at gr.aueb.cf.eduapp.EduAppApplication.main(EduAppApplication.java:12)
2026-05-03 22:53:47 DEBUG o.apache.catalina.core.ContainerBase - Add container child [StandardHost[localhost]] to container [StandardEngine[Tomcat]]
2026-05-03 22:53:47 DEBUG o.apache.catalina.core.ContainerBase - Add container child [TomcatEmbeddedContext[]] to container [StandardEngine[Tomcat].StandardHost[localhost]]
2026-05-03 22:53:47 DEBUG o.apache.catalina.util.LifecycleBase - Setting state for [StandardServer[-1]] to [INITIALIZING]
2026-05-03 22:53:47 DEBUG o.apache.catalina.util.LifecycleBase - Setting state for [org.apache.catalina.deploy.NamingResourcesImpl@79ba0a6f] to [INITIALIZING]
2026-05-03 22:53:47 DEBUG o.apache.catalina.util.LifecycleBase - Setting state for [org.apache.catalina.deploy.NamingResourcesImpl@79ba0a6f] to [INITIALIZED]
2026-05-03 22:53:47 DEBUG o.apache.catalina.util.LifecycleBase - Setting state for [StandardService[Tomcat]] to [INITIALIZING]
2026-05-03 22:53:47 DEBUG o.apache.catalina.util.LifecycleBase - Setting state for [StandardEngine[Tomcat]] to [INITIALIZING]
2026-05-03 22:53:47 DEBUG o.apache.catalina.util.LifecycleBase - Setting state for [StandardEngine[Tomcat]] to [INITIALIZED]
2026-05-03 22:53:47 DEBUG o.apache.catalina.util.LifecycleBase - Setting state for [org.apache.catalina.mapper.MapperListener@25a1a012] to [INITIALIZING]
2026-05-03 22:53:47 DEBUG o.apache.catalina.util.LifecycleBase - Setting state for [org.apache.catalina.mapper.MapperListener@25a1a012] to [INITIALIZED]
2026-05-03 22:53:47 DEBUG o.apache.catalina.util.LifecycleBase - Setting state for [Connector["http-nio-8080"]] to [INITIALIZING]
2026-05-03 22:53:47 INFO  o.a.coyote.http11.Http11NioProtocol - Initializing ProtocolHandler ["http-nio-8080"]
2026-05-03 22:53:47 DEBUG o.apache.catalina.util.LifecycleBase - Setting state for [Connector["http-nio-8080"]] to [INITIALIZED]
2026-05-03 22:53:47 DEBUG o.apache.catalina.util.LifecycleBase - Setting state for [StandardService[Tomcat]] to [INITIALIZED]
2026-05-03 22:53:47 DEBUG o.apache.catalina.util.LifecycleBase - Setting state for [StandardServer[-1]] to [INITIALIZED]
2026-05-03 22:53:47 DEBUG o.apache.catalina.util.LifecycleBase - Setting state for [StandardServer[-1]] to [STARTING_PREP]
2026-05-03 22:53:47 DEBUG o.apache.catalina.util.LifecycleBase - Setting state for [StandardServer[-1]] to [STARTING]
2026-05-03 22:53:47 DEBUG o.apache.catalina.util.LifecycleBase - Setting state for [org.apache.catalina.deploy.NamingResourcesImpl@79ba0a6f] to [STARTING_PREP]
2026-05-03 22:53:47 DEBUG o.apache.catalina.util.LifecycleBase - Setting state for [org.apache.catalina.deploy.NamingResourcesImpl@79ba0a6f] to [STARTING]
2026-05-03 22:53:47 DEBUG o.apache.catalina.util.LifecycleBase - Setting state for [org.apache.catalina.deploy.NamingResourcesImpl@79ba0a6f] to [STARTED]
2026-05-03 22:53:47 DEBUG o.apache.catalina.util.LifecycleBase - Setting state for [StandardService[Tomcat]] to [STARTING_PREP]
2026-05-03 22:53:47 INFO  o.a.catalina.core.StandardService - Starting service [Tomcat]
2026-05-03 22:53:47 DEBUG o.apache.catalina.util.LifecycleBase - Setting state for [StandardService[Tomcat]] to [STARTING]
2026-05-03 22:53:47 DEBUG o.apache.catalina.util.LifecycleBase - Setting state for [StandardEngine[Tomcat]] to [STARTING_PREP]
2026-05-03 22:53:47 INFO  o.a.catalina.core.StandardEngine - Starting Servlet engine: [Apache Tomcat/10.1.52]
2026-05-03 22:53:47 DEBUG o.apache.catalina.util.LifecycleBase - Setting state for [SimpleRealm[StandardEngine[Tomcat]]] to [INITIALIZING]
2026-05-03 22:53:47 DEBUG o.apache.catalina.util.LifecycleBase - Setting state for [SimpleRealm[StandardEngine[Tomcat]]] to [INITIALIZED]
2026-05-03 22:53:47 DEBUG o.apache.catalina.util.LifecycleBase - Setting state for [SimpleRealm[StandardEngine[Tomcat]]] to [STARTING_PREP]
2026-05-03 22:53:47 DEBUG o.apache.catalina.util.LifecycleBase - Setting state for [SimpleRealm[StandardEngine[Tomcat]]] to [STARTING]
2026-05-03 22:53:47 DEBUG o.apache.catalina.util.LifecycleBase - Setting state for [SimpleRealm[StandardEngine[Tomcat]]] to [STARTED]
2026-05-03 22:53:47 DEBUG o.apache.catalina.util.LifecycleBase - Setting state for [StandardEngine[Tomcat].StandardHost[localhost]] to [INITIALIZING]
2026-05-03 22:53:47 DEBUG o.apache.catalina.util.LifecycleBase - Setting state for [StandardEngine[Tomcat].StandardHost[localhost]] to [INITIALIZED]
2026-05-03 22:53:47 DEBUG o.apache.catalina.util.LifecycleBase - Setting state for [StandardEngine[Tomcat].StandardHost[localhost]] to [STARTING_PREP]
2026-05-03 22:53:47 DEBUG o.apache.catalina.util.LifecycleBase - Setting state for [StandardEngine[Tomcat].StandardHost[localhost].TomcatEmbeddedContext[]] to [INITIALIZING]
2026-05-03 22:53:47 DEBUG o.apache.catalina.util.LifecycleBase - Setting state for [StandardEngine[Tomcat].StandardHost[localhost].TomcatEmbeddedContext[]] to [INITIALIZED]
2026-05-03 22:53:47 DEBUG o.apache.catalina.util.LifecycleBase - Setting state for [StandardEngine[Tomcat].StandardHost[localhost].TomcatEmbeddedContext[]] to [STARTING_PREP]
2026-05-03 22:53:47 DEBUG o.apache.catalina.util.LifecycleBase - Setting state for [org.apache.catalina.webresources.StandardRoot@1f536481] to [INITIALIZING]
2026-05-03 22:53:47 DEBUG o.apache.catalina.util.LifecycleBase - Setting state for [org.apache.catalina.webresources.StandardRoot@1f536481] to [INITIALIZED]
2026-05-03 22:53:47 DEBUG o.apache.catalina.util.LifecycleBase - Setting state for [org.apache.catalina.webresources.StandardRoot@1f536481] to [STARTING_PREP]
2026-05-03 22:53:47 DEBUG o.apache.catalina.util.LifecycleBase - Setting state for [org.apache.catalina.webresources.DirResourceSet@7889b4b9] to [INITIALIZING]
2026-05-03 22:53:47 DEBUG o.apache.catalina.util.LifecycleBase - Setting state for [org.apache.catalina.webresources.DirResourceSet@7889b4b9] to [INITIALIZED]
2026-05-03 22:53:47 DEBUG o.apache.catalina.util.LifecycleBase - Setting state for [org.apache.catalina.webresources.DirResourceSet@7889b4b9] to [STARTING_PREP]
2026-05-03 22:53:47 DEBUG o.apache.catalina.util.LifecycleBase - Setting state for [org.apache.catalina.webresources.DirResourceSet@7889b4b9] to [STARTING]
2026-05-03 22:53:47 DEBUG o.apache.catalina.util.LifecycleBase - Setting state for [org.apache.catalina.webresources.DirResourceSet@7889b4b9] to [STARTED]
2026-05-03 22:53:47 DEBUG o.apache.catalina.util.LifecycleBase - Setting state for [org.apache.catalina.webresources.StandardRoot@1f536481] to [STARTING]
2026-05-03 22:53:47 DEBUG o.apache.catalina.util.LifecycleBase - Setting state for [org.apache.catalina.webresources.StandardRoot@1f536481] to [STARTED]
2026-05-03 22:53:47 DEBUG o.apache.catalina.util.LifecycleBase - Setting state for [WebappLoader[StandardEngine[Tomcat].StandardHost[localhost].TomcatEmbeddedContext[]]] to [INITIALIZING]
2026-05-03 22:53:47 DEBUG o.apache.catalina.util.LifecycleBase - Setting state for [WebappLoader[StandardEngine[Tomcat].StandardHost[localhost].TomcatEmbeddedContext[]]] to [INITIALIZED]
2026-05-03 22:53:47 DEBUG o.apache.catalina.util.LifecycleBase - Setting state for [WebappLoader[StandardEngine[Tomcat].StandardHost[localhost].TomcatEmbeddedContext[]]] to [STARTING_PREP]
2026-05-03 22:53:47 DEBUG o.a.catalina.loader.WebappLoader - Starting this Loader
2026-05-03 22:53:47 DEBUG o.apache.catalina.webresources.Cache - Increased cache size by [531] for item [org.apache.catalina.webresources.CachedResource@59018eed] at [/WEB-INF/classes] making total cache size [531]
2026-05-03 22:53:47 DEBUG o.apache.catalina.util.LifecycleBase - Setting state for [WebappLoader[StandardEngine[Tomcat].StandardHost[localhost].TomcatEmbeddedContext[]]] to [STARTING]
2026-05-03 22:53:47 DEBUG o.apache.catalina.util.LifecycleBase - Setting state for [WebappLoader[StandardEngine[Tomcat].StandardHost[localhost].TomcatEmbeddedContext[]]] to [STARTED]
2026-05-03 22:53:47 DEBUG o.apache.catalina.util.LifecycleBase - Setting state for [StandardPipeline[StandardEngine[Tomcat].StandardHost[localhost].TomcatEmbeddedContext[]]] to [INITIALIZING]
2026-05-03 22:53:47 DEBUG o.apache.catalina.util.LifecycleBase - Setting state for [StandardPipeline[StandardEngine[Tomcat].StandardHost[localhost].TomcatEmbeddedContext[]]] to [INITIALIZED]
2026-05-03 22:53:47 DEBUG o.apache.catalina.util.LifecycleBase - Setting state for [StandardPipeline[StandardEngine[Tomcat].StandardHost[localhost].TomcatEmbeddedContext[]]] to [STARTING_PREP]
2026-05-03 22:53:47 DEBUG o.apache.catalina.util.LifecycleBase - Setting state for [NonLoginAuthenticator[StandardEngine[Tomcat].StandardHost[localhost].TomcatEmbeddedContext[]]] to [INITIALIZING]
2026-05-03 22:53:47 DEBUG o.apache.catalina.util.LifecycleBase - Setting state for [NonLoginAuthenticator[StandardEngine[Tomcat].StandardHost[localhost].TomcatEmbeddedContext[]]] to [INITIALIZED]
2026-05-03 22:53:47 DEBUG o.apache.catalina.util.LifecycleBase - Setting state for [NonLoginAuthenticator[StandardEngine[Tomcat].StandardHost[localhost].TomcatEmbeddedContext[]]] to [STARTING_PREP]
2026-05-03 22:53:47 DEBUG o.apache.catalina.util.LifecycleBase - Setting state for [NonLoginAuthenticator[StandardEngine[Tomcat].StandardHost[localhost].TomcatEmbeddedContext[]]] to [STARTING]
2026-05-03 22:53:47 DEBUG o.apache.catalina.util.LifecycleBase - Setting state for [NonLoginAuthenticator[StandardEngine[Tomcat].StandardHost[localhost].TomcatEmbeddedContext[]]] to [STARTED]
2026-05-03 22:53:47 DEBUG o.apache.catalina.util.LifecycleBase - Setting state for [StandardContextValve[StandardEngine[Tomcat].StandardHost[localhost].TomcatEmbeddedContext[]]] to [INITIALIZING]
2026-05-03 22:53:47 DEBUG o.apache.catalina.util.LifecycleBase - Setting state for [StandardContextValve[StandardEngine[Tomcat].StandardHost[localhost].TomcatEmbeddedContext[]]] to [INITIALIZED]
2026-05-03 22:53:47 DEBUG o.apache.catalina.util.LifecycleBase - Setting state for [StandardContextValve[StandardEngine[Tomcat].StandardHost[localhost].TomcatEmbeddedContext[]]] to [STARTING_PREP]
2026-05-03 22:53:47 DEBUG o.apache.catalina.util.LifecycleBase - Setting state for [StandardContextValve[StandardEngine[Tomcat].StandardHost[localhost].TomcatEmbeddedContext[]]] to [STARTING]
2026-05-03 22:53:47 DEBUG o.apache.catalina.util.LifecycleBase - Setting state for [StandardContextValve[StandardEngine[Tomcat].StandardHost[localhost].TomcatEmbeddedContext[]]] to [STARTED]
2026-05-03 22:53:47 DEBUG o.apache.catalina.util.LifecycleBase - Setting state for [StandardPipeline[StandardEngine[Tomcat].StandardHost[localhost].TomcatEmbeddedContext[]]] to [STARTING]
2026-05-03 22:53:47 DEBUG o.apache.catalina.util.LifecycleBase - Setting state for [StandardPipeline[StandardEngine[Tomcat].StandardHost[localhost].TomcatEmbeddedContext[]]] to [STARTED]
2026-05-03 22:53:47 DEBUG o.a.catalina.core.StandardContext - No manager found. Checking if cluster manager should be used. Cluster configured: [false], Application distributable: [false]
2026-05-03 22:53:47 DEBUG o.a.catalina.core.StandardContext - Configured a manager of class [org.apache.catalina.session.StandardManager]
2026-05-03 22:53:47 DEBUG o.apache.catalina.util.LifecycleBase - Setting state for [org.apache.catalina.deploy.NamingResourcesImpl@707865bd] to [INITIALIZING]
2026-05-03 22:53:47 DEBUG o.apache.catalina.util.LifecycleBase - Setting state for [org.apache.catalina.deploy.NamingResourcesImpl@707865bd] to [INITIALIZED]
2026-05-03 22:53:47 DEBUG o.apache.catalina.util.LifecycleBase - Setting state for [org.apache.catalina.deploy.NamingResourcesImpl@707865bd] to [STARTING_PREP]
2026-05-03 22:53:47 DEBUG o.apache.catalina.util.LifecycleBase - Setting state for [org.apache.catalina.deploy.NamingResourcesImpl@707865bd] to [STARTING]
2026-05-03 22:53:47 DEBUG o.apache.catalina.util.LifecycleBase - Setting state for [org.apache.catalina.deploy.NamingResourcesImpl@707865bd] to [STARTED]
2026-05-03 22:53:47 INFO  o.a.c.c.C.[Tomcat].[localhost].[/] - Initializing Spring embedded WebApplicationContext
2026-05-03 22:53:49 DEBUG o.apache.catalina.webresources.Cache - Increased cache size by [573] for item [org.apache.catalina.webresources.CachedResource@173a5fad] at [/WEB-INF/classes/hibernate.properties] making total cache size [1104]
2026-05-03 22:53:50 DEBUG o.apache.catalina.webresources.Cache - Increased cache size by [579] for item [org.apache.catalina.webresources.CachedResource@29d29657] at [/WEB-INF/classes/META-INF/validation.xml] making total cache size [1683]
2026-05-03 22:53:51 DEBUG o.apache.catalina.core.ContainerBase - Add container child [StandardWrapper[dispatcherServlet]] to container [StandardEngine[Tomcat].StandardHost[localhost].TomcatEmbeddedContext[]]
2026-05-03 22:53:51 DEBUG o.apache.catalina.util.LifecycleBase - Setting state for [StandardEngine[Tomcat].StandardHost[localhost].TomcatEmbeddedContext[].StandardWrapper[dispatcherServlet]] to [INITIALIZING]
2026-05-03 22:53:51 DEBUG o.apache.catalina.util.LifecycleBase - Setting state for [StandardEngine[Tomcat].StandardHost[localhost].TomcatEmbeddedContext[].StandardWrapper[dispatcherServlet]] to [INITIALIZED]
2026-05-03 22:53:51 DEBUG o.apache.catalina.util.LifecycleBase - Setting state for [StandardEngine[Tomcat].StandardHost[localhost].TomcatEmbeddedContext[].StandardWrapper[dispatcherServlet]] to [STARTING_PREP]
2026-05-03 22:53:51 DEBUG o.apache.catalina.util.LifecycleBase - Setting state for [StandardPipeline[StandardEngine[Tomcat].StandardHost[localhost].TomcatEmbeddedContext[].StandardWrapper[dispatcherServlet]]] to [INITIALIZING]
2026-05-03 22:53:51 DEBUG o.apache.catalina.util.LifecycleBase - Setting state for [StandardPipeline[StandardEngine[Tomcat].StandardHost[localhost].TomcatEmbeddedContext[].StandardWrapper[dispatcherServlet]]] to [INITIALIZED]
2026-05-03 22:53:51 DEBUG o.apache.catalina.util.LifecycleBase - Setting state for [StandardPipeline[StandardEngine[Tomcat].StandardHost[localhost].TomcatEmbeddedContext[].StandardWrapper[dispatcherServlet]]] to [STARTING_PREP]
2026-05-03 22:53:51 DEBUG o.apache.catalina.util.LifecycleBase - Setting state for [StandardWrapperValve[StandardEngine[Tomcat].StandardHost[localhost].TomcatEmbeddedContext[].StandardWrapper[dispatcherServlet]]] to [INITIALIZING]
2026-05-03 22:53:51 DEBUG o.apache.catalina.util.LifecycleBase - Setting state for [StandardWrapperValve[StandardEngine[Tomcat].StandardHost[localhost].TomcatEmbeddedContext[].StandardWrapper[dispatcherServlet]]] to [INITIALIZED]
2026-05-03 22:53:51 DEBUG o.apache.catalina.util.LifecycleBase - Setting state for [StandardWrapperValve[StandardEngine[Tomcat].StandardHost[localhost].TomcatEmbeddedContext[].StandardWrapper[dispatcherServlet]]] to [STARTING_PREP]
2026-05-03 22:53:51 DEBUG o.apache.catalina.util.LifecycleBase - Setting state for [StandardWrapperValve[StandardEngine[Tomcat].StandardHost[localhost].TomcatEmbeddedContext[].StandardWrapper[dispatcherServlet]]] to [STARTING]
2026-05-03 22:53:51 DEBUG o.apache.catalina.util.LifecycleBase - Setting state for [StandardWrapperValve[StandardEngine[Tomcat].StandardHost[localhost].TomcatEmbeddedContext[].StandardWrapper[dispatcherServlet]]] to [STARTED]
2026-05-03 22:53:51 DEBUG o.apache.catalina.util.LifecycleBase - Setting state for [StandardPipeline[StandardEngine[Tomcat].StandardHost[localhost].TomcatEmbeddedContext[].StandardWrapper[dispatcherServlet]]] to [STARTING]
2026-05-03 22:53:51 DEBUG o.apache.catalina.util.LifecycleBase - Setting state for [StandardPipeline[StandardEngine[Tomcat].StandardHost[localhost].TomcatEmbeddedContext[].StandardWrapper[dispatcherServlet]]] to [STARTED]
2026-05-03 22:53:51 DEBUG o.apache.catalina.util.LifecycleBase - Setting state for [StandardEngine[Tomcat].StandardHost[localhost].TomcatEmbeddedContext[].StandardWrapper[dispatcherServlet]] to [STARTING]
2026-05-03 22:53:51 DEBUG o.apache.catalina.util.LifecycleBase - Setting state for [StandardEngine[Tomcat].StandardHost[localhost].TomcatEmbeddedContext[].StandardWrapper[dispatcherServlet]] to [STARTED]
2026-05-03 22:53:51 DEBUG o.apache.catalina.util.LifecycleBase - Setting state for [StandardManager[StandardEngine[Tomcat].StandardHost[localhost].TomcatEmbeddedContext[]]] to [INITIALIZING]
2026-05-03 22:53:51 DEBUG o.apache.catalina.util.LifecycleBase - Setting state for [StandardManager[StandardEngine[Tomcat].StandardHost[localhost].TomcatEmbeddedContext[]]] to [INITIALIZED]
2026-05-03 22:53:51 DEBUG o.apache.catalina.util.LifecycleBase - Setting state for [StandardManager[StandardEngine[Tomcat].StandardHost[localhost].TomcatEmbeddedContext[]]] to [STARTING_PREP]
2026-05-03 22:53:51 DEBUG o.apache.catalina.util.LifecycleBase - Setting state for [org.springframework.boot.web.embedded.tomcat.LazySessionIdGenerator@6f65b61d] to [INITIALIZING]
2026-05-03 22:53:51 DEBUG o.apache.catalina.util.LifecycleBase - Setting state for [org.springframework.boot.web.embedded.tomcat.LazySessionIdGenerator@6f65b61d] to [INITIALIZED]
2026-05-03 22:53:51 DEBUG o.apache.catalina.util.LifecycleBase - Setting state for [org.springframework.boot.web.embedded.tomcat.LazySessionIdGenerator@6f65b61d] to [STARTING_PREP]
2026-05-03 22:53:51 DEBUG o.apache.catalina.util.LifecycleBase - Setting state for [org.springframework.boot.web.embedded.tomcat.LazySessionIdGenerator@6f65b61d] to [STARTING]
2026-05-03 22:53:51 DEBUG o.apache.catalina.util.LifecycleBase - Setting state for [org.springframework.boot.web.embedded.tomcat.LazySessionIdGenerator@6f65b61d] to [STARTED]
2026-05-03 22:53:51 DEBUG o.apache.catalina.util.LifecycleBase - Setting state for [StandardManager[StandardEngine[Tomcat].StandardHost[localhost].TomcatEmbeddedContext[]]] to [STARTING]
2026-05-03 22:53:51 DEBUG o.apache.catalina.util.LifecycleBase - Setting state for [StandardManager[StandardEngine[Tomcat].StandardHost[localhost].TomcatEmbeddedContext[]]] to [STARTED]
2026-05-03 22:53:51 DEBUG o.apache.catalina.util.LifecycleBase - Setting state for [StandardEngine[Tomcat].StandardHost[localhost].TomcatEmbeddedContext[]] to [STARTING]
2026-05-03 22:53:51 DEBUG o.apache.catalina.util.LifecycleBase - Setting state for [StandardEngine[Tomcat].StandardHost[localhost].TomcatEmbeddedContext[]] to [STARTED]
2026-05-03 22:53:51 DEBUG o.apache.catalina.util.LifecycleBase - Setting state for [StandardPipeline[StandardEngine[Tomcat].StandardHost[localhost]]] to [INITIALIZING]
2026-05-03 22:53:51 DEBUG o.apache.catalina.util.LifecycleBase - Setting state for [StandardPipeline[StandardEngine[Tomcat].StandardHost[localhost]]] to [INITIALIZED]
2026-05-03 22:53:51 DEBUG o.apache.catalina.util.LifecycleBase - Setting state for [StandardPipeline[StandardEngine[Tomcat].StandardHost[localhost]]] to [STARTING_PREP]
2026-05-03 22:53:51 DEBUG o.apache.catalina.util.LifecycleBase - Setting state for [ErrorReportValve[StandardEngine[Tomcat].StandardHost[localhost]]] to [INITIALIZING]
2026-05-03 22:53:51 DEBUG o.apache.catalina.util.LifecycleBase - Setting state for [ErrorReportValve[StandardEngine[Tomcat].StandardHost[localhost]]] to [INITIALIZED]
2026-05-03 22:53:51 DEBUG o.apache.catalina.util.LifecycleBase - Setting state for [ErrorReportValve[StandardEngine[Tomcat].StandardHost[localhost]]] to [STARTING_PREP]
2026-05-03 22:53:51 DEBUG o.apache.catalina.util.LifecycleBase - Setting state for [ErrorReportValve[StandardEngine[Tomcat].StandardHost[localhost]]] to [STARTING]
2026-05-03 22:53:51 DEBUG o.apache.catalina.util.LifecycleBase - Setting state for [ErrorReportValve[StandardEngine[Tomcat].StandardHost[localhost]]] to [STARTED]
2026-05-03 22:53:51 DEBUG o.apache.catalina.util.LifecycleBase - Setting state for [StandardHostValve[StandardEngine[Tomcat].StandardHost[localhost]]] to [INITIALIZING]
2026-05-03 22:53:51 DEBUG o.apache.catalina.util.LifecycleBase - Setting state for [StandardHostValve[StandardEngine[Tomcat].StandardHost[localhost]]] to [INITIALIZED]
2026-05-03 22:53:51 DEBUG o.apache.catalina.util.LifecycleBase - Setting state for [StandardHostValve[StandardEngine[Tomcat].StandardHost[localhost]]] to [STARTING_PREP]
2026-05-03 22:53:51 DEBUG o.apache.catalina.util.LifecycleBase - Setting state for [StandardHostValve[StandardEngine[Tomcat].StandardHost[localhost]]] to [STARTING]
2026-05-03 22:53:51 DEBUG o.apache.catalina.util.LifecycleBase - Setting state for [StandardHostValve[StandardEngine[Tomcat].StandardHost[localhost]]] to [STARTED]
2026-05-03 22:53:51 DEBUG o.apache.catalina.util.LifecycleBase - Setting state for [StandardPipeline[StandardEngine[Tomcat].StandardHost[localhost]]] to [STARTING]
2026-05-03 22:53:51 DEBUG o.apache.catalina.util.LifecycleBase - Setting state for [StandardPipeline[StandardEngine[Tomcat].StandardHost[localhost]]] to [STARTED]
2026-05-03 22:53:51 DEBUG o.apache.catalina.util.LifecycleBase - Setting state for [StandardEngine[Tomcat].StandardHost[localhost]] to [STARTING]
2026-05-03 22:53:51 DEBUG o.apache.catalina.util.LifecycleBase - Setting state for [StandardEngine[Tomcat].StandardHost[localhost]] to [STARTED]
2026-05-03 22:53:51 DEBUG o.apache.catalina.util.LifecycleBase - Setting state for [StandardPipeline[StandardEngine[Tomcat]]] to [INITIALIZING]
2026-05-03 22:53:51 DEBUG o.apache.catalina.util.LifecycleBase - Setting state for [StandardPipeline[StandardEngine[Tomcat]]] to [INITIALIZED]
2026-05-03 22:53:51 DEBUG o.apache.catalina.util.LifecycleBase - Setting state for [StandardPipeline[StandardEngine[Tomcat]]] to [STARTING_PREP]
2026-05-03 22:53:51 DEBUG o.apache.catalina.util.LifecycleBase - Setting state for [StandardEngineValve[StandardEngine[Tomcat]]] to [INITIALIZING]
2026-05-03 22:53:51 DEBUG o.apache.catalina.util.LifecycleBase - Setting state for [StandardEngineValve[StandardEngine[Tomcat]]] to [INITIALIZED]
2026-05-03 22:53:51 DEBUG o.apache.catalina.util.LifecycleBase - Setting state for [StandardEngineValve[StandardEngine[Tomcat]]] to [STARTING_PREP]
2026-05-03 22:53:51 DEBUG o.apache.catalina.util.LifecycleBase - Setting state for [StandardEngineValve[StandardEngine[Tomcat]]] to [STARTING]
2026-05-03 22:53:51 DEBUG o.apache.catalina.util.LifecycleBase - Setting state for [StandardEngineValve[StandardEngine[Tomcat]]] to [STARTED]
2026-05-03 22:53:51 DEBUG o.apache.catalina.util.LifecycleBase - Setting state for [StandardPipeline[StandardEngine[Tomcat]]] to [STARTING]
2026-05-03 22:53:51 DEBUG o.apache.catalina.util.LifecycleBase - Setting state for [StandardPipeline[StandardEngine[Tomcat]]] to [STARTED]
2026-05-03 22:53:51 DEBUG o.apache.catalina.util.LifecycleBase - Setting state for [StandardEngine[Tomcat]] to [STARTING]
2026-05-03 22:53:51 DEBUG o.apache.catalina.util.LifecycleBase - Setting state for [StandardEngine[Tomcat]] to [STARTED]
2026-05-03 22:53:51 DEBUG o.apache.catalina.util.LifecycleBase - Setting state for [org.apache.catalina.mapper.MapperListener@25a1a012] to [STARTING_PREP]
2026-05-03 22:53:51 DEBUG o.apache.catalina.util.LifecycleBase - Setting state for [org.apache.catalina.mapper.MapperListener@25a1a012] to [STARTING]
2026-05-03 22:53:51 DEBUG org.apache.catalina.mapper.Mapper - Registered host [localhost]
2026-05-03 22:53:51 DEBUG o.a.catalina.mapper.MapperListener - Register Wrapper [dispatcherServlet] in Context [] for service [StandardService[Tomcat]]
2026-05-03 22:53:51 DEBUG o.a.catalina.mapper.MapperListener - Register Context [] for service [StandardService[Tomcat]]
2026-05-03 22:53:51 DEBUG o.a.catalina.mapper.MapperListener - Register host [localhost] at domain [null] for service [StandardService[Tomcat]]
2026-05-03 22:53:51 DEBUG o.apache.catalina.util.LifecycleBase - Setting state for [org.apache.catalina.mapper.MapperListener@25a1a012] to [STARTED]
2026-05-03 22:53:51 DEBUG o.apache.catalina.util.LifecycleBase - Setting state for [StandardService[Tomcat]] to [STARTED]
2026-05-03 22:53:51 DEBUG o.apache.catalina.util.LifecycleBase - Setting state for [StandardServer[-1]] to [STARTED]
2026-05-03 22:53:52 DEBUG o.apache.catalina.webresources.Cache - Increased cache size by [521] for item [org.apache.catalina.webresources.CachedResource@7b381066] at [/index.html] making total cache size [2204]
2026-05-03 22:53:52 DEBUG o.apache.catalina.webresources.Cache - Increased cache size by [501] for item [org.apache.catalina.webresources.CachedResource@5f1d270a] at [/] making total cache size [2705]
2026-05-03 22:53:53 DEBUG o.apache.catalina.util.LifecycleBase - Setting state for [Connector["http-nio-8080"]] to [STARTING_PREP]
2026-05-03 22:53:53 DEBUG o.apache.catalina.util.LifecycleBase - Setting state for [Connector["http-nio-8080"]] to [STARTING]
2026-05-03 22:53:53 INFO  o.a.coyote.http11.Http11NioProtocol - Starting ProtocolHandler ["http-nio-8080"]
2026-05-03 22:53:53 DEBUG o.apache.catalina.util.LifecycleBase - Setting state for [Connector["http-nio-8080"]] to [STARTED]
2026-05-03 22:54:23 DEBUG o.a.coyote.http11.Http11Processor - Error parsing HTTP request header
java.io.EOFException
	at org.apache.tomcat.util.net.NioEndpoint$NioSocketWrapper.fillReadBuffer(NioEndpoint.java:1334)
	at org.apache.tomcat.util.net.NioEndpoint$NioSocketWrapper.read(NioEndpoint.java:1218)
	at org.apache.coyote.http11.Http11InputBuffer.fill(Http11InputBuffer.java:780)
	at org.apache.coyote.http11.Http11InputBuffer.parseRequestLine(Http11InputBuffer.java:345)
	at org.apache.coyote.http11.Http11Processor.service(Http11Processor.java:272)
	at org.apache.coyote.AbstractProcessorLight.process(AbstractProcessorLight.java:63)
	at org.apache.coyote.AbstractProtocol$ConnectionHandler.process(AbstractProtocol.java:903)
	at org.apache.tomcat.util.net.NioEndpoint$SocketProcessor.doRun(NioEndpoint.java:1775)
	at org.apache.tomcat.util.net.SocketProcessorBase.run(SocketProcessorBase.java:52)
	at org.apache.tomcat.util.threads.ThreadPoolExecutor.runWorker(ThreadPoolExecutor.java:973)
	at org.apache.tomcat.util.threads.ThreadPoolExecutor$Worker.run(ThreadPoolExecutor.java:491)
	at org.apache.tomcat.util.threads.TaskThread$WrappingRunnable.run(TaskThread.java:63)
	at java.base/java.lang.Thread.run(Thread.java:1583)
2026-05-03 22:54:23 DEBUG o.a.coyote.http11.Http11Processor - Error state [CLOSE_CONNECTION_NOW] reported while processing request
java.io.EOFException
	at org.apache.tomcat.util.net.NioEndpoint$NioSocketWrapper.fillReadBuffer(NioEndpoint.java:1334)
	at org.apache.tomcat.util.net.NioEndpoint$NioSocketWrapper.read(NioEndpoint.java:1218)
	at org.apache.coyote.http11.Http11InputBuffer.fill(Http11InputBuffer.java:780)
	at org.apache.coyote.http11.Http11InputBuffer.parseRequestLine(Http11InputBuffer.java:345)
	at org.apache.coyote.http11.Http11Processor.service(Http11Processor.java:272)
	at org.apache.coyote.AbstractProcessorLight.process(AbstractProcessorLight.java:63)
	at org.apache.coyote.AbstractProtocol$ConnectionHandler.process(AbstractProtocol.java:903)
	at org.apache.tomcat.util.net.NioEndpoint$SocketProcessor.doRun(NioEndpoint.java:1775)
	at org.apache.tomcat.util.net.SocketProcessorBase.run(SocketProcessorBase.java:52)
	at org.apache.tomcat.util.threads.ThreadPoolExecutor.runWorker(ThreadPoolExecutor.java:973)
	at org.apache.tomcat.util.threads.ThreadPoolExecutor$Worker.run(ThreadPoolExecutor.java:491)
	at org.apache.tomcat.util.threads.TaskThread$WrappingRunnable.run(TaskThread.java:63)
	at java.base/java.lang.Thread.run(Thread.java:1583)
2026-05-03 22:54:23 DEBUG o.a.c.a.jaspic.AuthConfigFactoryImpl - Loading persistent provider registrations from [C:\Users\CyberPirate\AppData\Local\Temp\tomcat.8080.15073747050175157119\conf\jaspic-providers.xml]
2026-05-03 22:54:23 INFO  o.a.c.c.C.[Tomcat].[localhost].[/] - Initializing Spring DispatcherServlet 'dispatcherServlet'
2026-05-03 22:56:12 DEBUG o.a.tomcat.util.compat.Jre22Compat - Class not found so assuming code is running on a pre-Java 22 JVM
java.lang.ClassNotFoundException: java.text.ListFormat
	at java.base/jdk.internal.loader.BuiltinClassLoader.loadClass(BuiltinClassLoader.java:641)
	at java.base/jdk.internal.loader.ClassLoaders$AppClassLoader.loadClass(ClassLoaders.java:188)
	at java.base/java.lang.ClassLoader.loadClass(ClassLoader.java:526)
	at java.base/java.lang.Class.forName0(Native Method)
	at java.base/java.lang.Class.forName(Class.java:423)
	at java.base/java.lang.Class.forName(Class.java:414)
	at org.apache.tomcat.util.compat.Jre22Compat.<clinit>(Jre22Compat.java:37)
	at org.apache.tomcat.util.compat.JreCompat.<clinit>(JreCompat.java:75)
	at org.apache.catalina.startup.Tomcat.<clinit>(Tomcat.java:1196)
	at org.springframework.boot.web.embedded.tomcat.TomcatServletWebServerFactory.getWebServer(TomcatServletWebServerFactory.java:200)
	at org.springframework.boot.web.servlet.context.ServletWebServerApplicationContext.createWebServer(ServletWebServerApplicationContext.java:193)
	at org.springframework.boot.web.servlet.context.ServletWebServerApplicationContext.onRefresh(ServletWebServerApplicationContext.java:167)
	at org.springframework.context.support.AbstractApplicationContext.refresh(AbstractApplicationContext.java:622)
	at org.springframework.boot.web.servlet.context.ServletWebServerApplicationContext.refresh(ServletWebServerApplicationContext.java:146)
	at org.springframework.boot.SpringApplication.refresh(SpringApplication.java:752)
	at org.springframework.boot.SpringApplication.refreshContext(SpringApplication.java:439)
	at org.springframework.boot.SpringApplication.run(SpringApplication.java:318)
	at org.springframework.boot.SpringApplication.run(SpringApplication.java:1361)
	at org.springframework.boot.SpringApplication.run(SpringApplication.java:1350)
	at gr.aueb.cf.eduapp.EduAppApplication.main(EduAppApplication.java:12)
2026-05-03 22:56:12 DEBUG o.apache.catalina.core.ContainerBase - Add container child [StandardHost[localhost]] to container [StandardEngine[Tomcat]]
2026-05-03 22:56:12 DEBUG o.apache.catalina.core.ContainerBase - Add container child [TomcatEmbeddedContext[]] to container [StandardEngine[Tomcat].StandardHost[localhost]]
2026-05-03 22:56:12 DEBUG o.apache.catalina.util.LifecycleBase - Setting state for [StandardServer[-1]] to [INITIALIZING]
2026-05-03 22:56:12 DEBUG o.apache.catalina.util.LifecycleBase - Setting state for [org.apache.catalina.deploy.NamingResourcesImpl@7a1a3468] to [INITIALIZING]
2026-05-03 22:56:12 DEBUG o.apache.catalina.util.LifecycleBase - Setting state for [org.apache.catalina.deploy.NamingResourcesImpl@7a1a3468] to [INITIALIZED]
2026-05-03 22:56:12 DEBUG o.apache.catalina.util.LifecycleBase - Setting state for [StandardService[Tomcat]] to [INITIALIZING]
2026-05-03 22:56:12 DEBUG o.apache.catalina.util.LifecycleBase - Setting state for [StandardEngine[Tomcat]] to [INITIALIZING]
2026-05-03 22:56:12 DEBUG o.apache.catalina.util.LifecycleBase - Setting state for [StandardEngine[Tomcat]] to [INITIALIZED]
2026-05-03 22:56:12 DEBUG o.apache.catalina.util.LifecycleBase - Setting state for [org.apache.catalina.mapper.MapperListener@629e8212] to [INITIALIZING]
2026-05-03 22:56:12 DEBUG o.apache.catalina.util.LifecycleBase - Setting state for [org.apache.catalina.mapper.MapperListener@629e8212] to [INITIALIZED]
2026-05-03 22:56:12 DEBUG o.apache.catalina.util.LifecycleBase - Setting state for [Connector["http-nio-8080"]] to [INITIALIZING]
2026-05-03 22:56:12 INFO  o.a.coyote.http11.Http11NioProtocol - Initializing ProtocolHandler ["http-nio-8080"]
2026-05-03 22:56:12 DEBUG o.apache.catalina.util.LifecycleBase - Setting state for [Connector["http-nio-8080"]] to [INITIALIZED]
2026-05-03 22:56:12 DEBUG o.apache.catalina.util.LifecycleBase - Setting state for [StandardService[Tomcat]] to [INITIALIZED]
2026-05-03 22:56:12 DEBUG o.apache.catalina.util.LifecycleBase - Setting state for [StandardServer[-1]] to [INITIALIZED]
2026-05-03 22:56:12 DEBUG o.apache.catalina.util.LifecycleBase - Setting state for [StandardServer[-1]] to [STARTING_PREP]
2026-05-03 22:56:12 DEBUG o.apache.catalina.util.LifecycleBase - Setting state for [StandardServer[-1]] to [STARTING]
2026-05-03 22:56:12 DEBUG o.apache.catalina.util.LifecycleBase - Setting state for [org.apache.catalina.deploy.NamingResourcesImpl@7a1a3468] to [STARTING_PREP]
2026-05-03 22:56:12 DEBUG o.apache.catalina.util.LifecycleBase - Setting state for [org.apache.catalina.deploy.NamingResourcesImpl@7a1a3468] to [STARTING]
2026-05-03 22:56:12 DEBUG o.apache.catalina.util.LifecycleBase - Setting state for [org.apache.catalina.deploy.NamingResourcesImpl@7a1a3468] to [STARTED]
2026-05-03 22:56:12 DEBUG o.apache.catalina.util.LifecycleBase - Setting state for [StandardService[Tomcat]] to [STARTING_PREP]
2026-05-03 22:56:12 INFO  o.a.catalina.core.StandardService - Starting service [Tomcat]
2026-05-03 22:56:12 DEBUG o.apache.catalina.util.LifecycleBase - Setting state for [StandardService[Tomcat]] to [STARTING]
2026-05-03 22:56:12 DEBUG o.apache.catalina.util.LifecycleBase - Setting state for [StandardEngine[Tomcat]] to [STARTING_PREP]
2026-05-03 22:56:12 INFO  o.a.catalina.core.StandardEngine - Starting Servlet engine: [Apache Tomcat/10.1.52]
2026-05-03 22:56:12 DEBUG o.apache.catalina.util.LifecycleBase - Setting state for [SimpleRealm[StandardEngine[Tomcat]]] to [INITIALIZING]
2026-05-03 22:56:12 DEBUG o.apache.catalina.util.LifecycleBase - Setting state for [SimpleRealm[StandardEngine[Tomcat]]] to [INITIALIZED]
2026-05-03 22:56:12 DEBUG o.apache.catalina.util.LifecycleBase - Setting state for [SimpleRealm[StandardEngine[Tomcat]]] to [STARTING_PREP]
2026-05-03 22:56:12 DEBUG o.apache.catalina.util.LifecycleBase - Setting state for [SimpleRealm[StandardEngine[Tomcat]]] to [STARTING]
2026-05-03 22:56:12 DEBUG o.apache.catalina.util.LifecycleBase - Setting state for [SimpleRealm[StandardEngine[Tomcat]]] to [STARTED]
2026-05-03 22:56:12 DEBUG o.apache.catalina.util.LifecycleBase - Setting state for [StandardEngine[Tomcat].StandardHost[localhost]] to [INITIALIZING]
2026-05-03 22:56:12 DEBUG o.apache.catalina.util.LifecycleBase - Setting state for [StandardEngine[Tomcat].StandardHost[localhost]] to [INITIALIZED]
2026-05-03 22:56:12 DEBUG o.apache.catalina.util.LifecycleBase - Setting state for [StandardEngine[Tomcat].StandardHost[localhost]] to [STARTING_PREP]
2026-05-03 22:56:12 DEBUG o.apache.catalina.util.LifecycleBase - Setting state for [StandardEngine[Tomcat].StandardHost[localhost].TomcatEmbeddedContext[]] to [INITIALIZING]
2026-05-03 22:56:12 DEBUG o.apache.catalina.util.LifecycleBase - Setting state for [StandardEngine[Tomcat].StandardHost[localhost].TomcatEmbeddedContext[]] to [INITIALIZED]
2026-05-03 22:56:12 DEBUG o.apache.catalina.util.LifecycleBase - Setting state for [StandardEngine[Tomcat].StandardHost[localhost].TomcatEmbeddedContext[]] to [STARTING_PREP]
2026-05-03 22:56:12 DEBUG o.apache.catalina.util.LifecycleBase - Setting state for [org.apache.catalina.webresources.StandardRoot@237add] to [INITIALIZING]
2026-05-03 22:56:12 DEBUG o.apache.catalina.util.LifecycleBase - Setting state for [org.apache.catalina.webresources.StandardRoot@237add] to [INITIALIZED]
2026-05-03 22:56:12 DEBUG o.apache.catalina.util.LifecycleBase - Setting state for [org.apache.catalina.webresources.StandardRoot@237add] to [STARTING_PREP]
2026-05-03 22:56:12 DEBUG o.apache.catalina.util.LifecycleBase - Setting state for [org.apache.catalina.webresources.DirResourceSet@2de9ca6] to [INITIALIZING]
2026-05-03 22:56:12 DEBUG o.apache.catalina.util.LifecycleBase - Setting state for [org.apache.catalina.webresources.DirResourceSet@2de9ca6] to [INITIALIZED]
2026-05-03 22:56:12 DEBUG o.apache.catalina.util.LifecycleBase - Setting state for [org.apache.catalina.webresources.DirResourceSet@2de9ca6] to [STARTING_PREP]
2026-05-03 22:56:12 DEBUG o.apache.catalina.util.LifecycleBase - Setting state for [org.apache.catalina.webresources.DirResourceSet@2de9ca6] to [STARTING]
2026-05-03 22:56:12 DEBUG o.apache.catalina.util.LifecycleBase - Setting state for [org.apache.catalina.webresources.DirResourceSet@2de9ca6] to [STARTED]
2026-05-03 22:56:12 DEBUG o.apache.catalina.util.LifecycleBase - Setting state for [org.apache.catalina.webresources.StandardRoot@237add] to [STARTING]
2026-05-03 22:56:12 DEBUG o.apache.catalina.util.LifecycleBase - Setting state for [org.apache.catalina.webresources.StandardRoot@237add] to [STARTED]
2026-05-03 22:56:12 DEBUG o.apache.catalina.util.LifecycleBase - Setting state for [WebappLoader[StandardEngine[Tomcat].StandardHost[localhost].TomcatEmbeddedContext[]]] to [INITIALIZING]
2026-05-03 22:56:12 DEBUG o.apache.catalina.util.LifecycleBase - Setting state for [WebappLoader[StandardEngine[Tomcat].StandardHost[localhost].TomcatEmbeddedContext[]]] to [INITIALIZED]
2026-05-03 22:56:12 DEBUG o.apache.catalina.util.LifecycleBase - Setting state for [WebappLoader[StandardEngine[Tomcat].StandardHost[localhost].TomcatEmbeddedContext[]]] to [STARTING_PREP]
2026-05-03 22:56:12 DEBUG o.a.catalina.loader.WebappLoader - Starting this Loader
2026-05-03 22:56:12 DEBUG o.apache.catalina.webresources.Cache - Increased cache size by [531] for item [org.apache.catalina.webresources.CachedResource@1142d377] at [/WEB-INF/classes] making total cache size [531]
2026-05-03 22:56:12 DEBUG o.apache.catalina.util.LifecycleBase - Setting state for [WebappLoader[StandardEngine[Tomcat].StandardHost[localhost].TomcatEmbeddedContext[]]] to [STARTING]
2026-05-03 22:56:12 DEBUG o.apache.catalina.util.LifecycleBase - Setting state for [WebappLoader[StandardEngine[Tomcat].StandardHost[localhost].TomcatEmbeddedContext[]]] to [STARTED]
2026-05-03 22:56:12 DEBUG o.apache.catalina.util.LifecycleBase - Setting state for [StandardPipeline[StandardEngine[Tomcat].StandardHost[localhost].TomcatEmbeddedContext[]]] to [INITIALIZING]
2026-05-03 22:56:12 DEBUG o.apache.catalina.util.LifecycleBase - Setting state for [StandardPipeline[StandardEngine[Tomcat].StandardHost[localhost].TomcatEmbeddedContext[]]] to [INITIALIZED]
2026-05-03 22:56:12 DEBUG o.apache.catalina.util.LifecycleBase - Setting state for [StandardPipeline[StandardEngine[Tomcat].StandardHost[localhost].TomcatEmbeddedContext[]]] to [STARTING_PREP]
2026-05-03 22:56:12 DEBUG o.apache.catalina.util.LifecycleBase - Setting state for [NonLoginAuthenticator[StandardEngine[Tomcat].StandardHost[localhost].TomcatEmbeddedContext[]]] to [INITIALIZING]
2026-05-03 22:56:12 DEBUG o.apache.catalina.util.LifecycleBase - Setting state for [NonLoginAuthenticator[StandardEngine[Tomcat].StandardHost[localhost].TomcatEmbeddedContext[]]] to [INITIALIZED]
2026-05-03 22:56:12 DEBUG o.apache.catalina.util.LifecycleBase - Setting state for [NonLoginAuthenticator[StandardEngine[Tomcat].StandardHost[localhost].TomcatEmbeddedContext[]]] to [STARTING_PREP]
2026-05-03 22:56:12 DEBUG o.apache.catalina.util.LifecycleBase - Setting state for [NonLoginAuthenticator[StandardEngine[Tomcat].StandardHost[localhost].TomcatEmbeddedContext[]]] to [STARTING]
2026-05-03 22:56:12 DEBUG o.apache.catalina.util.LifecycleBase - Setting state for [NonLoginAuthenticator[StandardEngine[Tomcat].StandardHost[localhost].TomcatEmbeddedContext[]]] to [STARTED]
2026-05-03 22:56:12 DEBUG o.apache.catalina.util.LifecycleBase - Setting state for [StandardContextValve[StandardEngine[Tomcat].StandardHost[localhost].TomcatEmbeddedContext[]]] to [INITIALIZING]
2026-05-03 22:56:12 DEBUG o.apache.catalina.util.LifecycleBase - Setting state for [StandardContextValve[StandardEngine[Tomcat].StandardHost[localhost].TomcatEmbeddedContext[]]] to [INITIALIZED]
2026-05-03 22:56:12 DEBUG o.apache.catalina.util.LifecycleBase - Setting state for [StandardContextValve[StandardEngine[Tomcat].StandardHost[localhost].TomcatEmbeddedContext[]]] to [STARTING_PREP]
2026-05-03 22:56:12 DEBUG o.apache.catalina.util.LifecycleBase - Setting state for [StandardContextValve[StandardEngine[Tomcat].StandardHost[localhost].TomcatEmbeddedContext[]]] to [STARTING]
2026-05-03 22:56:12 DEBUG o.apache.catalina.util.LifecycleBase - Setting state for [StandardContextValve[StandardEngine[Tomcat].StandardHost[localhost].TomcatEmbeddedContext[]]] to [STARTED]
2026-05-03 22:56:12 DEBUG o.apache.catalina.util.LifecycleBase - Setting state for [StandardPipeline[StandardEngine[Tomcat].StandardHost[localhost].TomcatEmbeddedContext[]]] to [STARTING]
2026-05-03 22:56:12 DEBUG o.apache.catalina.util.LifecycleBase - Setting state for [StandardPipeline[StandardEngine[Tomcat].StandardHost[localhost].TomcatEmbeddedContext[]]] to [STARTED]
2026-05-03 22:56:12 DEBUG o.a.catalina.core.StandardContext - No manager found. Checking if cluster manager should be used. Cluster configured: [false], Application distributable: [false]
2026-05-03 22:56:12 DEBUG o.a.catalina.core.StandardContext - Configured a manager of class [org.apache.catalina.session.StandardManager]
2026-05-03 22:56:12 DEBUG o.apache.catalina.util.LifecycleBase - Setting state for [org.apache.catalina.deploy.NamingResourcesImpl@2db15f70] to [INITIALIZING]
2026-05-03 22:56:12 DEBUG o.apache.catalina.util.LifecycleBase - Setting state for [org.apache.catalina.deploy.NamingResourcesImpl@2db15f70] to [INITIALIZED]
2026-05-03 22:56:12 DEBUG o.apache.catalina.util.LifecycleBase - Setting state for [org.apache.catalina.deploy.NamingResourcesImpl@2db15f70] to [STARTING_PREP]
2026-05-03 22:56:12 DEBUG o.apache.catalina.util.LifecycleBase - Setting state for [org.apache.catalina.deploy.NamingResourcesImpl@2db15f70] to [STARTING]
2026-05-03 22:56:12 DEBUG o.apache.catalina.util.LifecycleBase - Setting state for [org.apache.catalina.deploy.NamingResourcesImpl@2db15f70] to [STARTED]
2026-05-03 22:56:12 INFO  o.a.c.c.C.[Tomcat].[localhost].[/] - Initializing Spring embedded WebApplicationContext
2026-05-03 22:56:13 DEBUG o.apache.catalina.webresources.Cache - Increased cache size by [573] for item [org.apache.catalina.webresources.CachedResource@3ba97962] at [/WEB-INF/classes/hibernate.properties] making total cache size [1104]
2026-05-03 22:56:14 DEBUG o.apache.catalina.webresources.Cache - Increased cache size by [579] for item [org.apache.catalina.webresources.CachedResource@1e160a9e] at [/WEB-INF/classes/META-INF/validation.xml] making total cache size [1683]
2026-05-03 22:56:16 DEBUG o.apache.catalina.core.ContainerBase - Add container child [StandardWrapper[dispatcherServlet]] to container [StandardEngine[Tomcat].StandardHost[localhost].TomcatEmbeddedContext[]]
2026-05-03 22:56:16 DEBUG o.apache.catalina.util.LifecycleBase - Setting state for [StandardEngine[Tomcat].StandardHost[localhost].TomcatEmbeddedContext[].StandardWrapper[dispatcherServlet]] to [INITIALIZING]
2026-05-03 22:56:16 DEBUG o.apache.catalina.util.LifecycleBase - Setting state for [StandardEngine[Tomcat].StandardHost[localhost].TomcatEmbeddedContext[].StandardWrapper[dispatcherServlet]] to [INITIALIZED]
2026-05-03 22:56:16 DEBUG o.apache.catalina.util.LifecycleBase - Setting state for [StandardEngine[Tomcat].StandardHost[localhost].TomcatEmbeddedContext[].StandardWrapper[dispatcherServlet]] to [STARTING_PREP]
2026-05-03 22:56:16 DEBUG o.apache.catalina.util.LifecycleBase - Setting state for [StandardPipeline[StandardEngine[Tomcat].StandardHost[localhost].TomcatEmbeddedContext[].StandardWrapper[dispatcherServlet]]] to [INITIALIZING]
2026-05-03 22:56:16 DEBUG o.apache.catalina.util.LifecycleBase - Setting state for [StandardPipeline[StandardEngine[Tomcat].StandardHost[localhost].TomcatEmbeddedContext[].StandardWrapper[dispatcherServlet]]] to [INITIALIZED]
2026-05-03 22:56:16 DEBUG o.apache.catalina.util.LifecycleBase - Setting state for [StandardPipeline[StandardEngine[Tomcat].StandardHost[localhost].TomcatEmbeddedContext[].StandardWrapper[dispatcherServlet]]] to [STARTING_PREP]
2026-05-03 22:56:16 DEBUG o.apache.catalina.util.LifecycleBase - Setting state for [StandardWrapperValve[StandardEngine[Tomcat].StandardHost[localhost].TomcatEmbeddedContext[].StandardWrapper[dispatcherServlet]]] to [INITIALIZING]
2026-05-03 22:56:16 DEBUG o.apache.catalina.util.LifecycleBase - Setting state for [StandardWrapperValve[StandardEngine[Tomcat].StandardHost[localhost].TomcatEmbeddedContext[].StandardWrapper[dispatcherServlet]]] to [INITIALIZED]
2026-05-03 22:56:16 DEBUG o.apache.catalina.util.LifecycleBase - Setting state for [StandardWrapperValve[StandardEngine[Tomcat].StandardHost[localhost].TomcatEmbeddedContext[].StandardWrapper[dispatcherServlet]]] to [STARTING_PREP]
2026-05-03 22:56:16 DEBUG o.apache.catalina.util.LifecycleBase - Setting state for [StandardWrapperValve[StandardEngine[Tomcat].StandardHost[localhost].TomcatEmbeddedContext[].StandardWrapper[dispatcherServlet]]] to [STARTING]
2026-05-03 22:56:16 DEBUG o.apache.catalina.util.LifecycleBase - Setting state for [StandardWrapperValve[StandardEngine[Tomcat].StandardHost[localhost].TomcatEmbeddedContext[].StandardWrapper[dispatcherServlet]]] to [STARTED]
2026-05-03 22:56:16 DEBUG o.apache.catalina.util.LifecycleBase - Setting state for [StandardPipeline[StandardEngine[Tomcat].StandardHost[localhost].TomcatEmbeddedContext[].StandardWrapper[dispatcherServlet]]] to [STARTING]
2026-05-03 22:56:16 DEBUG o.apache.catalina.util.LifecycleBase - Setting state for [StandardPipeline[StandardEngine[Tomcat].StandardHost[localhost].TomcatEmbeddedContext[].StandardWrapper[dispatcherServlet]]] to [STARTED]
2026-05-03 22:56:16 DEBUG o.apache.catalina.util.LifecycleBase - Setting state for [StandardEngine[Tomcat].StandardHost[localhost].TomcatEmbeddedContext[].StandardWrapper[dispatcherServlet]] to [STARTING]
2026-05-03 22:56:16 DEBUG o.apache.catalina.util.LifecycleBase - Setting state for [StandardEngine[Tomcat].StandardHost[localhost].TomcatEmbeddedContext[].StandardWrapper[dispatcherServlet]] to [STARTED]
2026-05-03 22:56:16 DEBUG o.apache.catalina.util.LifecycleBase - Setting state for [StandardManager[StandardEngine[Tomcat].StandardHost[localhost].TomcatEmbeddedContext[]]] to [INITIALIZING]
2026-05-03 22:56:16 DEBUG o.apache.catalina.util.LifecycleBase - Setting state for [StandardManager[StandardEngine[Tomcat].StandardHost[localhost].TomcatEmbeddedContext[]]] to [INITIALIZED]
2026-05-03 22:56:16 DEBUG o.apache.catalina.util.LifecycleBase - Setting state for [StandardManager[StandardEngine[Tomcat].StandardHost[localhost].TomcatEmbeddedContext[]]] to [STARTING_PREP]
2026-05-03 22:56:16 DEBUG o.apache.catalina.util.LifecycleBase - Setting state for [org.springframework.boot.web.embedded.tomcat.LazySessionIdGenerator@1e1f467f] to [INITIALIZING]
2026-05-03 22:56:16 DEBUG o.apache.catalina.util.LifecycleBase - Setting state for [org.springframework.boot.web.embedded.tomcat.LazySessionIdGenerator@1e1f467f] to [INITIALIZED]
2026-05-03 22:56:16 DEBUG o.apache.catalina.util.LifecycleBase - Setting state for [org.springframework.boot.web.embedded.tomcat.LazySessionIdGenerator@1e1f467f] to [STARTING_PREP]
2026-05-03 22:56:16 DEBUG o.apache.catalina.util.LifecycleBase - Setting state for [org.springframework.boot.web.embedded.tomcat.LazySessionIdGenerator@1e1f467f] to [STARTING]
2026-05-03 22:56:16 DEBUG o.apache.catalina.util.LifecycleBase - Setting state for [org.springframework.boot.web.embedded.tomcat.LazySessionIdGenerator@1e1f467f] to [STARTED]
2026-05-03 22:56:16 DEBUG o.apache.catalina.util.LifecycleBase - Setting state for [StandardManager[StandardEngine[Tomcat].StandardHost[localhost].TomcatEmbeddedContext[]]] to [STARTING]
2026-05-03 22:56:16 DEBUG o.apache.catalina.util.LifecycleBase - Setting state for [StandardManager[StandardEngine[Tomcat].StandardHost[localhost].TomcatEmbeddedContext[]]] to [STARTED]
2026-05-03 22:56:16 DEBUG o.apache.catalina.util.LifecycleBase - Setting state for [StandardEngine[Tomcat].StandardHost[localhost].TomcatEmbeddedContext[]] to [STARTING]
2026-05-03 22:56:16 DEBUG o.apache.catalina.util.LifecycleBase - Setting state for [StandardEngine[Tomcat].StandardHost[localhost].TomcatEmbeddedContext[]] to [STARTED]
2026-05-03 22:56:16 DEBUG o.apache.catalina.util.LifecycleBase - Setting state for [StandardPipeline[StandardEngine[Tomcat].StandardHost[localhost]]] to [INITIALIZING]
2026-05-03 22:56:16 DEBUG o.apache.catalina.util.LifecycleBase - Setting state for [StandardPipeline[StandardEngine[Tomcat].StandardHost[localhost]]] to [INITIALIZED]
2026-05-03 22:56:16 DEBUG o.apache.catalina.util.LifecycleBase - Setting state for [StandardPipeline[StandardEngine[Tomcat].StandardHost[localhost]]] to [STARTING_PREP]
2026-05-03 22:56:16 DEBUG o.apache.catalina.util.LifecycleBase - Setting state for [ErrorReportValve[StandardEngine[Tomcat].StandardHost[localhost]]] to [INITIALIZING]
2026-05-03 22:56:16 DEBUG o.apache.catalina.util.LifecycleBase - Setting state for [ErrorReportValve[StandardEngine[Tomcat].StandardHost[localhost]]] to [INITIALIZED]
2026-05-03 22:56:16 DEBUG o.apache.catalina.util.LifecycleBase - Setting state for [ErrorReportValve[StandardEngine[Tomcat].StandardHost[localhost]]] to [STARTING_PREP]
2026-05-03 22:56:16 DEBUG o.apache.catalina.util.LifecycleBase - Setting state for [ErrorReportValve[StandardEngine[Tomcat].StandardHost[localhost]]] to [STARTING]
2026-05-03 22:56:16 DEBUG o.apache.catalina.util.LifecycleBase - Setting state for [ErrorReportValve[StandardEngine[Tomcat].StandardHost[localhost]]] to [STARTED]
2026-05-03 22:56:16 DEBUG o.apache.catalina.util.LifecycleBase - Setting state for [StandardHostValve[StandardEngine[Tomcat].StandardHost[localhost]]] to [INITIALIZING]
2026-05-03 22:56:16 DEBUG o.apache.catalina.util.LifecycleBase - Setting state for [StandardHostValve[StandardEngine[Tomcat].StandardHost[localhost]]] to [INITIALIZED]
2026-05-03 22:56:16 DEBUG o.apache.catalina.util.LifecycleBase - Setting state for [StandardHostValve[StandardEngine[Tomcat].StandardHost[localhost]]] to [STARTING_PREP]
2026-05-03 22:56:16 DEBUG o.apache.catalina.util.LifecycleBase - Setting state for [StandardHostValve[StandardEngine[Tomcat].StandardHost[localhost]]] to [STARTING]
2026-05-03 22:56:16 DEBUG o.apache.catalina.util.LifecycleBase - Setting state for [StandardHostValve[StandardEngine[Tomcat].StandardHost[localhost]]] to [STARTED]
2026-05-03 22:56:16 DEBUG o.apache.catalina.util.LifecycleBase - Setting state for [StandardPipeline[StandardEngine[Tomcat].StandardHost[localhost]]] to [STARTING]
2026-05-03 22:56:16 DEBUG o.apache.catalina.util.LifecycleBase - Setting state for [StandardPipeline[StandardEngine[Tomcat].StandardHost[localhost]]] to [STARTED]
2026-05-03 22:56:16 DEBUG o.apache.catalina.util.LifecycleBase - Setting state for [StandardEngine[Tomcat].StandardHost[localhost]] to [STARTING]
2026-05-03 22:56:16 DEBUG o.apache.catalina.util.LifecycleBase - Setting state for [StandardEngine[Tomcat].StandardHost[localhost]] to [STARTED]
2026-05-03 22:56:16 DEBUG o.apache.catalina.util.LifecycleBase - Setting state for [StandardPipeline[StandardEngine[Tomcat]]] to [INITIALIZING]
2026-05-03 22:56:16 DEBUG o.apache.catalina.util.LifecycleBase - Setting state for [StandardPipeline[StandardEngine[Tomcat]]] to [INITIALIZED]
2026-05-03 22:56:16 DEBUG o.apache.catalina.util.LifecycleBase - Setting state for [StandardPipeline[StandardEngine[Tomcat]]] to [STARTING_PREP]
2026-05-03 22:56:16 DEBUG o.apache.catalina.util.LifecycleBase - Setting state for [StandardEngineValve[StandardEngine[Tomcat]]] to [INITIALIZING]
2026-05-03 22:56:16 DEBUG o.apache.catalina.util.LifecycleBase - Setting state for [StandardEngineValve[StandardEngine[Tomcat]]] to [INITIALIZED]
2026-05-03 22:56:16 DEBUG o.apache.catalina.util.LifecycleBase - Setting state for [StandardEngineValve[StandardEngine[Tomcat]]] to [STARTING_PREP]
2026-05-03 22:56:16 DEBUG o.apache.catalina.util.LifecycleBase - Setting state for [StandardEngineValve[StandardEngine[Tomcat]]] to [STARTING]
2026-05-03 22:56:16 DEBUG o.apache.catalina.util.LifecycleBase - Setting state for [StandardEngineValve[StandardEngine[Tomcat]]] to [STARTED]
2026-05-03 22:56:16 DEBUG o.apache.catalina.util.LifecycleBase - Setting state for [StandardPipeline[StandardEngine[Tomcat]]] to [STARTING]
2026-05-03 22:56:16 DEBUG o.apache.catalina.util.LifecycleBase - Setting state for [StandardPipeline[StandardEngine[Tomcat]]] to [STARTED]
2026-05-03 22:56:16 DEBUG o.apache.catalina.util.LifecycleBase - Setting state for [StandardEngine[Tomcat]] to [STARTING]
2026-05-03 22:56:16 DEBUG o.apache.catalina.util.LifecycleBase - Setting state for [StandardEngine[Tomcat]] to [STARTED]
2026-05-03 22:56:16 DEBUG o.apache.catalina.util.LifecycleBase - Setting state for [org.apache.catalina.mapper.MapperListener@629e8212] to [STARTING_PREP]
2026-05-03 22:56:16 DEBUG o.apache.catalina.util.LifecycleBase - Setting state for [org.apache.catalina.mapper.MapperListener@629e8212] to [STARTING]
2026-05-03 22:56:16 DEBUG org.apache.catalina.mapper.Mapper - Registered host [localhost]
2026-05-03 22:56:16 DEBUG o.a.catalina.mapper.MapperListener - Register Wrapper [dispatcherServlet] in Context [] for service [StandardService[Tomcat]]
2026-05-03 22:56:16 DEBUG o.a.catalina.mapper.MapperListener - Register Context [] for service [StandardService[Tomcat]]
2026-05-03 22:56:16 DEBUG o.a.catalina.mapper.MapperListener - Register host [localhost] at domain [null] for service [StandardService[Tomcat]]
2026-05-03 22:56:16 DEBUG o.apache.catalina.util.LifecycleBase - Setting state for [org.apache.catalina.mapper.MapperListener@629e8212] to [STARTED]
2026-05-03 22:56:16 DEBUG o.apache.catalina.util.LifecycleBase - Setting state for [StandardService[Tomcat]] to [STARTED]
2026-05-03 22:56:16 DEBUG o.apache.catalina.util.LifecycleBase - Setting state for [StandardServer[-1]] to [STARTED]
2026-05-03 22:56:16 DEBUG o.apache.catalina.webresources.Cache - Increased cache size by [521] for item [org.apache.catalina.webresources.CachedResource@233bfc46] at [/index.html] making total cache size [2204]
2026-05-03 22:56:17 DEBUG o.apache.catalina.webresources.Cache - Increased cache size by [501] for item [org.apache.catalina.webresources.CachedResource@1d0b4b69] at [/] making total cache size [2705]
2026-05-03 22:56:17 DEBUG o.apache.catalina.util.LifecycleBase - Setting state for [Connector["http-nio-8080"]] to [STARTING_PREP]
2026-05-03 22:56:17 DEBUG o.apache.catalina.util.LifecycleBase - Setting state for [Connector["http-nio-8080"]] to [STARTING]
2026-05-03 22:56:17 INFO  o.a.coyote.http11.Http11NioProtocol - Starting ProtocolHandler ["http-nio-8080"]
2026-05-03 22:56:17 DEBUG o.apache.catalina.util.LifecycleBase - Setting state for [Connector["http-nio-8080"]] to [STARTED]
2026-05-03 22:56:24 DEBUG o.a.coyote.http11.Http11Processor - Error parsing HTTP request header
java.io.EOFException
	at org.apache.tomcat.util.net.NioEndpoint$NioSocketWrapper.fillReadBuffer(NioEndpoint.java:1334)
	at org.apache.tomcat.util.net.NioEndpoint$NioSocketWrapper.read(NioEndpoint.java:1218)
	at org.apache.coyote.http11.Http11InputBuffer.fill(Http11InputBuffer.java:780)
	at org.apache.coyote.http11.Http11InputBuffer.parseRequestLine(Http11InputBuffer.java:345)
	at org.apache.coyote.http11.Http11Processor.service(Http11Processor.java:272)
	at org.apache.coyote.AbstractProcessorLight.process(AbstractProcessorLight.java:63)
	at org.apache.coyote.AbstractProtocol$ConnectionHandler.process(AbstractProtocol.java:903)
	at org.apache.tomcat.util.net.NioEndpoint$SocketProcessor.doRun(NioEndpoint.java:1775)
	at org.apache.tomcat.util.net.SocketProcessorBase.run(SocketProcessorBase.java:52)
	at org.apache.tomcat.util.threads.ThreadPoolExecutor.runWorker(ThreadPoolExecutor.java:973)
	at org.apache.tomcat.util.threads.ThreadPoolExecutor$Worker.run(ThreadPoolExecutor.java:491)
	at org.apache.tomcat.util.threads.TaskThread$WrappingRunnable.run(TaskThread.java:63)
	at java.base/java.lang.Thread.run(Thread.java:1583)
2026-05-03 22:56:24 DEBUG o.a.coyote.http11.Http11Processor - Error state [CLOSE_CONNECTION_NOW] reported while processing request
java.io.EOFException
	at org.apache.tomcat.util.net.NioEndpoint$NioSocketWrapper.fillReadBuffer(NioEndpoint.java:1334)
	at org.apache.tomcat.util.net.NioEndpoint$NioSocketWrapper.read(NioEndpoint.java:1218)
	at org.apache.coyote.http11.Http11InputBuffer.fill(Http11InputBuffer.java:780)
	at org.apache.coyote.http11.Http11InputBuffer.parseRequestLine(Http11InputBuffer.java:345)
	at org.apache.coyote.http11.Http11Processor.service(Http11Processor.java:272)
	at org.apache.coyote.AbstractProcessorLight.process(AbstractProcessorLight.java:63)
	at org.apache.coyote.AbstractProtocol$ConnectionHandler.process(AbstractProtocol.java:903)
	at org.apache.tomcat.util.net.NioEndpoint$SocketProcessor.doRun(NioEndpoint.java:1775)
	at org.apache.tomcat.util.net.SocketProcessorBase.run(SocketProcessorBase.java:52)
	at org.apache.tomcat.util.threads.ThreadPoolExecutor.runWorker(ThreadPoolExecutor.java:973)
	at org.apache.tomcat.util.threads.ThreadPoolExecutor$Worker.run(ThreadPoolExecutor.java:491)
	at org.apache.tomcat.util.threads.TaskThread$WrappingRunnable.run(TaskThread.java:63)
	at java.base/java.lang.Thread.run(Thread.java:1583)
2026-05-03 22:56:24 DEBUG o.a.c.a.jaspic.AuthConfigFactoryImpl - Loading persistent provider registrations from [C:\Users\CyberPirate\AppData\Local\Temp\tomcat.8080.9024259350713560649\conf\jaspic-providers.xml]
2026-05-03 22:56:24 INFO  o.a.c.c.C.[Tomcat].[localhost].[/] - Initializing Spring DispatcherServlet 'dispatcherServlet'
2026-05-03 22:57:08 DEBUG o.a.tomcat.util.compat.Jre22Compat - Class not found so assuming code is running on a pre-Java 22 JVM
java.lang.ClassNotFoundException: java.text.ListFormat
	at java.base/jdk.internal.loader.BuiltinClassLoader.loadClass(BuiltinClassLoader.java:641)
	at java.base/jdk.internal.loader.ClassLoaders$AppClassLoader.loadClass(ClassLoaders.java:188)
	at java.base/java.lang.ClassLoader.loadClass(ClassLoader.java:526)
	at java.base/java.lang.Class.forName0(Native Method)
	at java.base/java.lang.Class.forName(Class.java:423)
	at java.base/java.lang.Class.forName(Class.java:414)
	at org.apache.tomcat.util.compat.Jre22Compat.<clinit>(Jre22Compat.java:37)
	at org.apache.tomcat.util.compat.JreCompat.<clinit>(JreCompat.java:75)
	at org.apache.catalina.startup.Tomcat.<clinit>(Tomcat.java:1196)
	at org.springframework.boot.web.embedded.tomcat.TomcatServletWebServerFactory.getWebServer(TomcatServletWebServerFactory.java:200)
	at org.springframework.boot.web.servlet.context.ServletWebServerApplicationContext.createWebServer(ServletWebServerApplicationContext.java:193)
	at org.springframework.boot.web.servlet.context.ServletWebServerApplicationContext.onRefresh(ServletWebServerApplicationContext.java:167)
	at org.springframework.context.support.AbstractApplicationContext.refresh(AbstractApplicationContext.java:622)
	at org.springframework.boot.web.servlet.context.ServletWebServerApplicationContext.refresh(ServletWebServerApplicationContext.java:146)
	at org.springframework.boot.SpringApplication.refresh(SpringApplication.java:752)
	at org.springframework.boot.SpringApplication.refreshContext(SpringApplication.java:439)
	at org.springframework.boot.SpringApplication.run(SpringApplication.java:318)
	at org.springframework.boot.SpringApplication.run(SpringApplication.java:1361)
	at org.springframework.boot.SpringApplication.run(SpringApplication.java:1350)
	at gr.aueb.cf.eduapp.EduAppApplication.main(EduAppApplication.java:12)
2026-05-03 22:57:08 DEBUG o.apache.catalina.core.ContainerBase - Add container child [StandardHost[localhost]] to container [StandardEngine[Tomcat]]
2026-05-03 22:57:08 DEBUG o.apache.catalina.core.ContainerBase - Add container child [TomcatEmbeddedContext[]] to container [StandardEngine[Tomcat].StandardHost[localhost]]
2026-05-03 22:57:08 DEBUG o.apache.catalina.util.LifecycleBase - Setting state for [StandardServer[-1]] to [INITIALIZING]
2026-05-03 22:57:08 DEBUG o.apache.catalina.util.LifecycleBase - Setting state for [org.apache.catalina.deploy.NamingResourcesImpl@261de205] to [INITIALIZING]
2026-05-03 22:57:08 DEBUG o.apache.catalina.util.LifecycleBase - Setting state for [org.apache.catalina.deploy.NamingResourcesImpl@261de205] to [INITIALIZED]
2026-05-03 22:57:08 DEBUG o.apache.catalina.util.LifecycleBase - Setting state for [StandardService[Tomcat]] to [INITIALIZING]
2026-05-03 22:57:08 DEBUG o.apache.catalina.util.LifecycleBase - Setting state for [StandardEngine[Tomcat]] to [INITIALIZING]
2026-05-03 22:57:08 DEBUG o.apache.catalina.util.LifecycleBase - Setting state for [StandardEngine[Tomcat]] to [INITIALIZED]
2026-05-03 22:57:08 DEBUG o.apache.catalina.util.LifecycleBase - Setting state for [org.apache.catalina.mapper.MapperListener@ce12fbb] to [INITIALIZING]
2026-05-03 22:57:08 DEBUG o.apache.catalina.util.LifecycleBase - Setting state for [org.apache.catalina.mapper.MapperListener@ce12fbb] to [INITIALIZED]
2026-05-03 22:57:08 DEBUG o.apache.catalina.util.LifecycleBase - Setting state for [Connector["http-nio-8080"]] to [INITIALIZING]
2026-05-03 22:57:08 INFO  o.a.coyote.http11.Http11NioProtocol - Initializing ProtocolHandler ["http-nio-8080"]
2026-05-03 22:57:08 DEBUG o.apache.catalina.util.LifecycleBase - Setting state for [Connector["http-nio-8080"]] to [INITIALIZED]
2026-05-03 22:57:08 DEBUG o.apache.catalina.util.LifecycleBase - Setting state for [StandardService[Tomcat]] to [INITIALIZED]
2026-05-03 22:57:08 DEBUG o.apache.catalina.util.LifecycleBase - Setting state for [StandardServer[-1]] to [INITIALIZED]
2026-05-03 22:57:08 DEBUG o.apache.catalina.util.LifecycleBase - Setting state for [StandardServer[-1]] to [STARTING_PREP]
2026-05-03 22:57:08 DEBUG o.apache.catalina.util.LifecycleBase - Setting state for [StandardServer[-1]] to [STARTING]
2026-05-03 22:57:08 DEBUG o.apache.catalina.util.LifecycleBase - Setting state for [org.apache.catalina.deploy.NamingResourcesImpl@261de205] to [STARTING_PREP]
2026-05-03 22:57:08 DEBUG o.apache.catalina.util.LifecycleBase - Setting state for [org.apache.catalina.deploy.NamingResourcesImpl@261de205] to [STARTING]
2026-05-03 22:57:08 DEBUG o.apache.catalina.util.LifecycleBase - Setting state for [org.apache.catalina.deploy.NamingResourcesImpl@261de205] to [STARTED]
2026-05-03 22:57:08 DEBUG o.apache.catalina.util.LifecycleBase - Setting state for [StandardService[Tomcat]] to [STARTING_PREP]
2026-05-03 22:57:08 INFO  o.a.catalina.core.StandardService - Starting service [Tomcat]
2026-05-03 22:57:08 DEBUG o.apache.catalina.util.LifecycleBase - Setting state for [StandardService[Tomcat]] to [STARTING]
2026-05-03 22:57:08 DEBUG o.apache.catalina.util.LifecycleBase - Setting state for [StandardEngine[Tomcat]] to [STARTING_PREP]
2026-05-03 22:57:08 INFO  o.a.catalina.core.StandardEngine - Starting Servlet engine: [Apache Tomcat/10.1.52]
2026-05-03 22:57:08 DEBUG o.apache.catalina.util.LifecycleBase - Setting state for [SimpleRealm[StandardEngine[Tomcat]]] to [INITIALIZING]
2026-05-03 22:57:08 DEBUG o.apache.catalina.util.LifecycleBase - Setting state for [SimpleRealm[StandardEngine[Tomcat]]] to [INITIALIZED]
2026-05-03 22:57:08 DEBUG o.apache.catalina.util.LifecycleBase - Setting state for [SimpleRealm[StandardEngine[Tomcat]]] to [STARTING_PREP]
2026-05-03 22:57:08 DEBUG o.apache.catalina.util.LifecycleBase - Setting state for [SimpleRealm[StandardEngine[Tomcat]]] to [STARTING]
2026-05-03 22:57:08 DEBUG o.apache.catalina.util.LifecycleBase - Setting state for [SimpleRealm[StandardEngine[Tomcat]]] to [STARTED]
2026-05-03 22:57:08 DEBUG o.apache.catalina.util.LifecycleBase - Setting state for [StandardEngine[Tomcat].StandardHost[localhost]] to [INITIALIZING]
2026-05-03 22:57:08 DEBUG o.apache.catalina.util.LifecycleBase - Setting state for [StandardEngine[Tomcat].StandardHost[localhost]] to [INITIALIZED]
2026-05-03 22:57:08 DEBUG o.apache.catalina.util.LifecycleBase - Setting state for [StandardEngine[Tomcat].StandardHost[localhost]] to [STARTING_PREP]
2026-05-03 22:57:08 DEBUG o.apache.catalina.util.LifecycleBase - Setting state for [StandardEngine[Tomcat].StandardHost[localhost].TomcatEmbeddedContext[]] to [INITIALIZING]
2026-05-03 22:57:08 DEBUG o.apache.catalina.util.LifecycleBase - Setting state for [StandardEngine[Tomcat].StandardHost[localhost].TomcatEmbeddedContext[]] to [INITIALIZED]
2026-05-03 22:57:08 DEBUG o.apache.catalina.util.LifecycleBase - Setting state for [StandardEngine[Tomcat].StandardHost[localhost].TomcatEmbeddedContext[]] to [STARTING_PREP]
2026-05-03 22:57:08 DEBUG o.apache.catalina.util.LifecycleBase - Setting state for [org.apache.catalina.webresources.StandardRoot@5234b61a] to [INITIALIZING]
2026-05-03 22:57:08 DEBUG o.apache.catalina.util.LifecycleBase - Setting state for [org.apache.catalina.webresources.StandardRoot@5234b61a] to [INITIALIZED]
2026-05-03 22:57:08 DEBUG o.apache.catalina.util.LifecycleBase - Setting state for [org.apache.catalina.webresources.StandardRoot@5234b61a] to [STARTING_PREP]
2026-05-03 22:57:08 DEBUG o.apache.catalina.util.LifecycleBase - Setting state for [org.apache.catalina.webresources.DirResourceSet@1e545821] to [INITIALIZING]
2026-05-03 22:57:08 DEBUG o.apache.catalina.util.LifecycleBase - Setting state for [org.apache.catalina.webresources.DirResourceSet@1e545821] to [INITIALIZED]
2026-05-03 22:57:08 DEBUG o.apache.catalina.util.LifecycleBase - Setting state for [org.apache.catalina.webresources.DirResourceSet@1e545821] to [STARTING_PREP]
2026-05-03 22:57:08 DEBUG o.apache.catalina.util.LifecycleBase - Setting state for [org.apache.catalina.webresources.DirResourceSet@1e545821] to [STARTING]
2026-05-03 22:57:08 DEBUG o.apache.catalina.util.LifecycleBase - Setting state for [org.apache.catalina.webresources.DirResourceSet@1e545821] to [STARTED]
2026-05-03 22:57:08 DEBUG o.apache.catalina.util.LifecycleBase - Setting state for [org.apache.catalina.webresources.StandardRoot@5234b61a] to [STARTING]
2026-05-03 22:57:08 DEBUG o.apache.catalina.util.LifecycleBase - Setting state for [org.apache.catalina.webresources.StandardRoot@5234b61a] to [STARTED]
2026-05-03 22:57:08 DEBUG o.apache.catalina.util.LifecycleBase - Setting state for [WebappLoader[StandardEngine[Tomcat].StandardHost[localhost].TomcatEmbeddedContext[]]] to [INITIALIZING]
2026-05-03 22:57:08 DEBUG o.apache.catalina.util.LifecycleBase - Setting state for [WebappLoader[StandardEngine[Tomcat].StandardHost[localhost].TomcatEmbeddedContext[]]] to [INITIALIZED]
2026-05-03 22:57:08 DEBUG o.apache.catalina.util.LifecycleBase - Setting state for [WebappLoader[StandardEngine[Tomcat].StandardHost[localhost].TomcatEmbeddedContext[]]] to [STARTING_PREP]
2026-05-03 22:57:08 DEBUG o.a.catalina.loader.WebappLoader - Starting this Loader
2026-05-03 22:57:08 DEBUG o.apache.catalina.webresources.Cache - Increased cache size by [531] for item [org.apache.catalina.webresources.CachedResource@2ee39e73] at [/WEB-INF/classes] making total cache size [531]
2026-05-03 22:57:08 DEBUG o.apache.catalina.util.LifecycleBase - Setting state for [WebappLoader[StandardEngine[Tomcat].StandardHost[localhost].TomcatEmbeddedContext[]]] to [STARTING]
2026-05-03 22:57:08 DEBUG o.apache.catalina.util.LifecycleBase - Setting state for [WebappLoader[StandardEngine[Tomcat].StandardHost[localhost].TomcatEmbeddedContext[]]] to [STARTED]
2026-05-03 22:57:08 DEBUG o.apache.catalina.util.LifecycleBase - Setting state for [StandardPipeline[StandardEngine[Tomcat].StandardHost[localhost].TomcatEmbeddedContext[]]] to [INITIALIZING]
2026-05-03 22:57:08 DEBUG o.apache.catalina.util.LifecycleBase - Setting state for [StandardPipeline[StandardEngine[Tomcat].StandardHost[localhost].TomcatEmbeddedContext[]]] to [INITIALIZED]
2026-05-03 22:57:08 DEBUG o.apache.catalina.util.LifecycleBase - Setting state for [StandardPipeline[StandardEngine[Tomcat].StandardHost[localhost].TomcatEmbeddedContext[]]] to [STARTING_PREP]
2026-05-03 22:57:08 DEBUG o.apache.catalina.util.LifecycleBase - Setting state for [NonLoginAuthenticator[StandardEngine[Tomcat].StandardHost[localhost].TomcatEmbeddedContext[]]] to [INITIALIZING]
2026-05-03 22:57:08 DEBUG o.apache.catalina.util.LifecycleBase - Setting state for [NonLoginAuthenticator[StandardEngine[Tomcat].StandardHost[localhost].TomcatEmbeddedContext[]]] to [INITIALIZED]
2026-05-03 22:57:08 DEBUG o.apache.catalina.util.LifecycleBase - Setting state for [NonLoginAuthenticator[StandardEngine[Tomcat].StandardHost[localhost].TomcatEmbeddedContext[]]] to [STARTING_PREP]
2026-05-03 22:57:08 DEBUG o.apache.catalina.util.LifecycleBase - Setting state for [NonLoginAuthenticator[StandardEngine[Tomcat].StandardHost[localhost].TomcatEmbeddedContext[]]] to [STARTING]
2026-05-03 22:57:08 DEBUG o.apache.catalina.util.LifecycleBase - Setting state for [NonLoginAuthenticator[StandardEngine[Tomcat].StandardHost[localhost].TomcatEmbeddedContext[]]] to [STARTED]
2026-05-03 22:57:08 DEBUG o.apache.catalina.util.LifecycleBase - Setting state for [StandardContextValve[StandardEngine[Tomcat].StandardHost[localhost].TomcatEmbeddedContext[]]] to [INITIALIZING]
2026-05-03 22:57:08 DEBUG o.apache.catalina.util.LifecycleBase - Setting state for [StandardContextValve[StandardEngine[Tomcat].StandardHost[localhost].TomcatEmbeddedContext[]]] to [INITIALIZED]
2026-05-03 22:57:08 DEBUG o.apache.catalina.util.LifecycleBase - Setting state for [StandardContextValve[StandardEngine[Tomcat].StandardHost[localhost].TomcatEmbeddedContext[]]] to [STARTING_PREP]
2026-05-03 22:57:08 DEBUG o.apache.catalina.util.LifecycleBase - Setting state for [StandardContextValve[StandardEngine[Tomcat].StandardHost[localhost].TomcatEmbeddedContext[]]] to [STARTING]
2026-05-03 22:57:08 DEBUG o.apache.catalina.util.LifecycleBase - Setting state for [StandardContextValve[StandardEngine[Tomcat].StandardHost[localhost].TomcatEmbeddedContext[]]] to [STARTED]
2026-05-03 22:57:08 DEBUG o.apache.catalina.util.LifecycleBase - Setting state for [StandardPipeline[StandardEngine[Tomcat].StandardHost[localhost].TomcatEmbeddedContext[]]] to [STARTING]
2026-05-03 22:57:08 DEBUG o.apache.catalina.util.LifecycleBase - Setting state for [StandardPipeline[StandardEngine[Tomcat].StandardHost[localhost].TomcatEmbeddedContext[]]] to [STARTED]
2026-05-03 22:57:08 DEBUG o.a.catalina.core.StandardContext - No manager found. Checking if cluster manager should be used. Cluster configured: [false], Application distributable: [false]
2026-05-03 22:57:08 DEBUG o.a.catalina.core.StandardContext - Configured a manager of class [org.apache.catalina.session.StandardManager]
2026-05-03 22:57:08 DEBUG o.apache.catalina.util.LifecycleBase - Setting state for [org.apache.catalina.deploy.NamingResourcesImpl@31f77791] to [INITIALIZING]
2026-05-03 22:57:08 DEBUG o.apache.catalina.util.LifecycleBase - Setting state for [org.apache.catalina.deploy.NamingResourcesImpl@31f77791] to [INITIALIZED]
2026-05-03 22:57:08 DEBUG o.apache.catalina.util.LifecycleBase - Setting state for [org.apache.catalina.deploy.NamingResourcesImpl@31f77791] to [STARTING_PREP]
2026-05-03 22:57:08 DEBUG o.apache.catalina.util.LifecycleBase - Setting state for [org.apache.catalina.deploy.NamingResourcesImpl@31f77791] to [STARTING]
2026-05-03 22:57:08 DEBUG o.apache.catalina.util.LifecycleBase - Setting state for [org.apache.catalina.deploy.NamingResourcesImpl@31f77791] to [STARTED]
2026-05-03 22:57:10 INFO  o.a.c.c.C.[Tomcat].[localhost].[/] - Initializing Spring embedded WebApplicationContext
2026-05-03 22:57:11 DEBUG o.apache.catalina.webresources.Cache - Increased cache size by [573] for item [org.apache.catalina.webresources.CachedResource@6fc0e448] at [/WEB-INF/classes/hibernate.properties] making total cache size [1104]
2026-05-03 22:57:13 DEBUG o.apache.catalina.webresources.Cache - Increased cache size by [579] for item [org.apache.catalina.webresources.CachedResource@44428583] at [/WEB-INF/classes/META-INF/validation.xml] making total cache size [1683]
2026-05-03 22:57:15 DEBUG o.apache.catalina.core.ContainerBase - Add container child [StandardWrapper[dispatcherServlet]] to container [StandardEngine[Tomcat].StandardHost[localhost].TomcatEmbeddedContext[]]
2026-05-03 22:57:15 DEBUG o.apache.catalina.util.LifecycleBase - Setting state for [StandardEngine[Tomcat].StandardHost[localhost].TomcatEmbeddedContext[].StandardWrapper[dispatcherServlet]] to [INITIALIZING]
2026-05-03 22:57:15 DEBUG o.apache.catalina.util.LifecycleBase - Setting state for [StandardEngine[Tomcat].StandardHost[localhost].TomcatEmbeddedContext[].StandardWrapper[dispatcherServlet]] to [INITIALIZED]
2026-05-03 22:57:15 DEBUG o.apache.catalina.util.LifecycleBase - Setting state for [StandardEngine[Tomcat].StandardHost[localhost].TomcatEmbeddedContext[].StandardWrapper[dispatcherServlet]] to [STARTING_PREP]
2026-05-03 22:57:15 DEBUG o.apache.catalina.util.LifecycleBase - Setting state for [StandardPipeline[StandardEngine[Tomcat].StandardHost[localhost].TomcatEmbeddedContext[].StandardWrapper[dispatcherServlet]]] to [INITIALIZING]
2026-05-03 22:57:15 DEBUG o.apache.catalina.util.LifecycleBase - Setting state for [StandardPipeline[StandardEngine[Tomcat].StandardHost[localhost].TomcatEmbeddedContext[].StandardWrapper[dispatcherServlet]]] to [INITIALIZED]
2026-05-03 22:57:15 DEBUG o.apache.catalina.util.LifecycleBase - Setting state for [StandardPipeline[StandardEngine[Tomcat].StandardHost[localhost].TomcatEmbeddedContext[].StandardWrapper[dispatcherServlet]]] to [STARTING_PREP]
2026-05-03 22:57:15 DEBUG o.apache.catalina.util.LifecycleBase - Setting state for [StandardWrapperValve[StandardEngine[Tomcat].StandardHost[localhost].TomcatEmbeddedContext[].StandardWrapper[dispatcherServlet]]] to [INITIALIZING]
2026-05-03 22:57:15 DEBUG o.apache.catalina.util.LifecycleBase - Setting state for [StandardWrapperValve[StandardEngine[Tomcat].StandardHost[localhost].TomcatEmbeddedContext[].StandardWrapper[dispatcherServlet]]] to [INITIALIZED]
2026-05-03 22:57:15 DEBUG o.apache.catalina.util.LifecycleBase - Setting state for [StandardWrapperValve[StandardEngine[Tomcat].StandardHost[localhost].TomcatEmbeddedContext[].StandardWrapper[dispatcherServlet]]] to [STARTING_PREP]
2026-05-03 22:57:15 DEBUG o.apache.catalina.util.LifecycleBase - Setting state for [StandardWrapperValve[StandardEngine[Tomcat].StandardHost[localhost].TomcatEmbeddedContext[].StandardWrapper[dispatcherServlet]]] to [STARTING]
2026-05-03 22:57:15 DEBUG o.apache.catalina.util.LifecycleBase - Setting state for [StandardWrapperValve[StandardEngine[Tomcat].StandardHost[localhost].TomcatEmbeddedContext[].StandardWrapper[dispatcherServlet]]] to [STARTED]
2026-05-03 22:57:15 DEBUG o.apache.catalina.util.LifecycleBase - Setting state for [StandardPipeline[StandardEngine[Tomcat].StandardHost[localhost].TomcatEmbeddedContext[].StandardWrapper[dispatcherServlet]]] to [STARTING]
2026-05-03 22:57:15 DEBUG o.apache.catalina.util.LifecycleBase - Setting state for [StandardPipeline[StandardEngine[Tomcat].StandardHost[localhost].TomcatEmbeddedContext[].StandardWrapper[dispatcherServlet]]] to [STARTED]
2026-05-03 22:57:15 DEBUG o.apache.catalina.util.LifecycleBase - Setting state for [StandardEngine[Tomcat].StandardHost[localhost].TomcatEmbeddedContext[].StandardWrapper[dispatcherServlet]] to [STARTING]
2026-05-03 22:57:15 DEBUG o.apache.catalina.util.LifecycleBase - Setting state for [StandardEngine[Tomcat].StandardHost[localhost].TomcatEmbeddedContext[].StandardWrapper[dispatcherServlet]] to [STARTED]
2026-05-03 22:57:15 DEBUG o.apache.catalina.util.LifecycleBase - Setting state for [StandardManager[StandardEngine[Tomcat].StandardHost[localhost].TomcatEmbeddedContext[]]] to [INITIALIZING]
2026-05-03 22:57:15 DEBUG o.apache.catalina.util.LifecycleBase - Setting state for [StandardManager[StandardEngine[Tomcat].StandardHost[localhost].TomcatEmbeddedContext[]]] to [INITIALIZED]
2026-05-03 22:57:15 DEBUG o.apache.catalina.util.LifecycleBase - Setting state for [StandardManager[StandardEngine[Tomcat].StandardHost[localhost].TomcatEmbeddedContext[]]] to [STARTING_PREP]
2026-05-03 22:57:15 DEBUG o.apache.catalina.util.LifecycleBase - Setting state for [org.springframework.boot.web.embedded.tomcat.LazySessionIdGenerator@3ce2c454] to [INITIALIZING]
2026-05-03 22:57:15 DEBUG o.apache.catalina.util.LifecycleBase - Setting state for [org.springframework.boot.web.embedded.tomcat.LazySessionIdGenerator@3ce2c454] to [INITIALIZED]
2026-05-03 22:57:15 DEBUG o.apache.catalina.util.LifecycleBase - Setting state for [org.springframework.boot.web.embedded.tomcat.LazySessionIdGenerator@3ce2c454] to [STARTING_PREP]
2026-05-03 22:57:15 DEBUG o.apache.catalina.util.LifecycleBase - Setting state for [org.springframework.boot.web.embedded.tomcat.LazySessionIdGenerator@3ce2c454] to [STARTING]
2026-05-03 22:57:15 DEBUG o.apache.catalina.util.LifecycleBase - Setting state for [org.springframework.boot.web.embedded.tomcat.LazySessionIdGenerator@3ce2c454] to [STARTED]
2026-05-03 22:57:15 DEBUG o.apache.catalina.util.LifecycleBase - Setting state for [StandardManager[StandardEngine[Tomcat].StandardHost[localhost].TomcatEmbeddedContext[]]] to [STARTING]
2026-05-03 22:57:15 DEBUG o.apache.catalina.util.LifecycleBase - Setting state for [StandardManager[StandardEngine[Tomcat].StandardHost[localhost].TomcatEmbeddedContext[]]] to [STARTED]
2026-05-03 22:57:15 DEBUG o.apache.catalina.util.LifecycleBase - Setting state for [StandardEngine[Tomcat].StandardHost[localhost].TomcatEmbeddedContext[]] to [STARTING]
2026-05-03 22:57:15 DEBUG o.apache.catalina.util.LifecycleBase - Setting state for [StandardEngine[Tomcat].StandardHost[localhost].TomcatEmbeddedContext[]] to [STARTED]
2026-05-03 22:57:15 DEBUG o.apache.catalina.util.LifecycleBase - Setting state for [StandardPipeline[StandardEngine[Tomcat].StandardHost[localhost]]] to [INITIALIZING]
2026-05-03 22:57:15 DEBUG o.apache.catalina.util.LifecycleBase - Setting state for [StandardPipeline[StandardEngine[Tomcat].StandardHost[localhost]]] to [INITIALIZED]
2026-05-03 22:57:15 DEBUG o.apache.catalina.util.LifecycleBase - Setting state for [StandardPipeline[StandardEngine[Tomcat].StandardHost[localhost]]] to [STARTING_PREP]
2026-05-03 22:57:15 DEBUG o.apache.catalina.util.LifecycleBase - Setting state for [ErrorReportValve[StandardEngine[Tomcat].StandardHost[localhost]]] to [INITIALIZING]
2026-05-03 22:57:15 DEBUG o.apache.catalina.util.LifecycleBase - Setting state for [ErrorReportValve[StandardEngine[Tomcat].StandardHost[localhost]]] to [INITIALIZED]
2026-05-03 22:57:15 DEBUG o.apache.catalina.util.LifecycleBase - Setting state for [ErrorReportValve[StandardEngine[Tomcat].StandardHost[localhost]]] to [STARTING_PREP]
2026-05-03 22:57:15 DEBUG o.apache.catalina.util.LifecycleBase - Setting state for [ErrorReportValve[StandardEngine[Tomcat].StandardHost[localhost]]] to [STARTING]
2026-05-03 22:57:15 DEBUG o.apache.catalina.util.LifecycleBase - Setting state for [ErrorReportValve[StandardEngine[Tomcat].StandardHost[localhost]]] to [STARTED]
2026-05-03 22:57:15 DEBUG o.apache.catalina.util.LifecycleBase - Setting state for [StandardHostValve[StandardEngine[Tomcat].StandardHost[localhost]]] to [INITIALIZING]
2026-05-03 22:57:15 DEBUG o.apache.catalina.util.LifecycleBase - Setting state for [StandardHostValve[StandardEngine[Tomcat].StandardHost[localhost]]] to [INITIALIZED]
2026-05-03 22:57:15 DEBUG o.apache.catalina.util.LifecycleBase - Setting state for [StandardHostValve[StandardEngine[Tomcat].StandardHost[localhost]]] to [STARTING_PREP]
2026-05-03 22:57:15 DEBUG o.apache.catalina.util.LifecycleBase - Setting state for [StandardHostValve[StandardEngine[Tomcat].StandardHost[localhost]]] to [STARTING]
2026-05-03 22:57:15 DEBUG o.apache.catalina.util.LifecycleBase - Setting state for [StandardHostValve[StandardEngine[Tomcat].StandardHost[localhost]]] to [STARTED]
2026-05-03 22:57:15 DEBUG o.apache.catalina.util.LifecycleBase - Setting state for [StandardPipeline[StandardEngine[Tomcat].StandardHost[localhost]]] to [STARTING]
2026-05-03 22:57:15 DEBUG o.apache.catalina.util.LifecycleBase - Setting state for [StandardPipeline[StandardEngine[Tomcat].StandardHost[localhost]]] to [STARTED]
2026-05-03 22:57:15 DEBUG o.apache.catalina.util.LifecycleBase - Setting state for [StandardEngine[Tomcat].StandardHost[localhost]] to [STARTING]
2026-05-03 22:57:15 DEBUG o.apache.catalina.util.LifecycleBase - Setting state for [StandardEngine[Tomcat].StandardHost[localhost]] to [STARTED]
2026-05-03 22:57:15 DEBUG o.apache.catalina.util.LifecycleBase - Setting state for [StandardPipeline[StandardEngine[Tomcat]]] to [INITIALIZING]
2026-05-03 22:57:15 DEBUG o.apache.catalina.util.LifecycleBase - Setting state for [StandardPipeline[StandardEngine[Tomcat]]] to [INITIALIZED]
2026-05-03 22:57:15 DEBUG o.apache.catalina.util.LifecycleBase - Setting state for [StandardPipeline[StandardEngine[Tomcat]]] to [STARTING_PREP]
2026-05-03 22:57:15 DEBUG o.apache.catalina.util.LifecycleBase - Setting state for [StandardEngineValve[StandardEngine[Tomcat]]] to [INITIALIZING]
2026-05-03 22:57:15 DEBUG o.apache.catalina.util.LifecycleBase - Setting state for [StandardEngineValve[StandardEngine[Tomcat]]] to [INITIALIZED]
2026-05-03 22:57:15 DEBUG o.apache.catalina.util.LifecycleBase - Setting state for [StandardEngineValve[StandardEngine[Tomcat]]] to [STARTING_PREP]
2026-05-03 22:57:15 DEBUG o.apache.catalina.util.LifecycleBase - Setting state for [StandardEngineValve[StandardEngine[Tomcat]]] to [STARTING]
2026-05-03 22:57:15 DEBUG o.apache.catalina.util.LifecycleBase - Setting state for [StandardEngineValve[StandardEngine[Tomcat]]] to [STARTED]
2026-05-03 22:57:15 DEBUG o.apache.catalina.util.LifecycleBase - Setting state for [StandardPipeline[StandardEngine[Tomcat]]] to [STARTING]
2026-05-03 22:57:15 DEBUG o.apache.catalina.util.LifecycleBase - Setting state for [StandardPipeline[StandardEngine[Tomcat]]] to [STARTED]
2026-05-03 22:57:15 DEBUG o.apache.catalina.util.LifecycleBase - Setting state for [StandardEngine[Tomcat]] to [STARTING]
2026-05-03 22:57:15 DEBUG o.apache.catalina.util.LifecycleBase - Setting state for [StandardEngine[Tomcat]] to [STARTED]
2026-05-03 22:57:15 DEBUG o.apache.catalina.util.LifecycleBase - Setting state for [org.apache.catalina.mapper.MapperListener@ce12fbb] to [STARTING_PREP]
2026-05-03 22:57:15 DEBUG o.apache.catalina.util.LifecycleBase - Setting state for [org.apache.catalina.mapper.MapperListener@ce12fbb] to [STARTING]
2026-05-03 22:57:15 DEBUG org.apache.catalina.mapper.Mapper - Registered host [localhost]
2026-05-03 22:57:15 DEBUG o.a.catalina.mapper.MapperListener - Register Wrapper [dispatcherServlet] in Context [] for service [StandardService[Tomcat]]
2026-05-03 22:57:15 DEBUG o.a.catalina.mapper.MapperListener - Register Context [] for service [StandardService[Tomcat]]
2026-05-03 22:57:15 DEBUG o.a.catalina.mapper.MapperListener - Register host [localhost] at domain [null] for service [StandardService[Tomcat]]
2026-05-03 22:57:15 DEBUG o.apache.catalina.util.LifecycleBase - Setting state for [org.apache.catalina.mapper.MapperListener@ce12fbb] to [STARTED]
2026-05-03 22:57:15 DEBUG o.apache.catalina.util.LifecycleBase - Setting state for [StandardService[Tomcat]] to [STARTED]
2026-05-03 22:57:15 DEBUG o.apache.catalina.util.LifecycleBase - Setting state for [StandardServer[-1]] to [STARTED]
2026-05-03 22:57:16 DEBUG o.apache.catalina.webresources.Cache - Increased cache size by [521] for item [org.apache.catalina.webresources.CachedResource@7a7d25ca] at [/index.html] making total cache size [2204]
2026-05-03 22:57:16 DEBUG o.apache.catalina.webresources.Cache - Increased cache size by [501] for item [org.apache.catalina.webresources.CachedResource@236a6a2a] at [/] making total cache size [2705]
2026-05-03 22:57:17 DEBUG o.apache.catalina.util.LifecycleBase - Setting state for [Connector["http-nio-8080"]] to [STARTING_PREP]
2026-05-03 22:57:17 DEBUG o.apache.catalina.util.LifecycleBase - Setting state for [Connector["http-nio-8080"]] to [STARTING]
2026-05-03 22:57:17 INFO  o.a.coyote.http11.Http11NioProtocol - Starting ProtocolHandler ["http-nio-8080"]
2026-05-03 22:57:17 DEBUG o.apache.catalina.util.LifecycleBase - Setting state for [Connector["http-nio-8080"]] to [STARTED]
2026-05-03 22:57:17 DEBUG o.a.coyote.http11.Http11Processor - Error parsing HTTP request header
java.io.EOFException
	at org.apache.tomcat.util.net.NioEndpoint$NioSocketWrapper.fillReadBuffer(NioEndpoint.java:1334)
	at org.apache.tomcat.util.net.NioEndpoint$NioSocketWrapper.read(NioEndpoint.java:1218)
	at org.apache.coyote.http11.Http11InputBuffer.fill(Http11InputBuffer.java:780)
	at org.apache.coyote.http11.Http11InputBuffer.parseRequestLine(Http11InputBuffer.java:345)
	at org.apache.coyote.http11.Http11Processor.service(Http11Processor.java:272)
	at org.apache.coyote.AbstractProcessorLight.process(AbstractProcessorLight.java:63)
	at org.apache.coyote.AbstractProtocol$ConnectionHandler.process(AbstractProtocol.java:903)
	at org.apache.tomcat.util.net.NioEndpoint$SocketProcessor.doRun(NioEndpoint.java:1775)
	at org.apache.tomcat.util.net.SocketProcessorBase.run(SocketProcessorBase.java:52)
	at org.apache.tomcat.util.threads.ThreadPoolExecutor.runWorker(ThreadPoolExecutor.java:973)
	at org.apache.tomcat.util.threads.ThreadPoolExecutor$Worker.run(ThreadPoolExecutor.java:491)
	at org.apache.tomcat.util.threads.TaskThread$WrappingRunnable.run(TaskThread.java:63)
	at java.base/java.lang.Thread.run(Thread.java:1583)
2026-05-03 22:57:17 DEBUG o.a.coyote.http11.Http11Processor - Error state [CLOSE_CONNECTION_NOW] reported while processing request
java.io.EOFException
	at org.apache.tomcat.util.net.NioEndpoint$NioSocketWrapper.fillReadBuffer(NioEndpoint.java:1334)
	at org.apache.tomcat.util.net.NioEndpoint$NioSocketWrapper.read(NioEndpoint.java:1218)
	at org.apache.coyote.http11.Http11InputBuffer.fill(Http11InputBuffer.java:780)
	at org.apache.coyote.http11.Http11InputBuffer.parseRequestLine(Http11InputBuffer.java:345)
	at org.apache.coyote.http11.Http11Processor.service(Http11Processor.java:272)
	at org.apache.coyote.AbstractProcessorLight.process(AbstractProcessorLight.java:63)
	at org.apache.coyote.AbstractProtocol$ConnectionHandler.process(AbstractProtocol.java:903)
	at org.apache.tomcat.util.net.NioEndpoint$SocketProcessor.doRun(NioEndpoint.java:1775)
	at org.apache.tomcat.util.net.SocketProcessorBase.run(SocketProcessorBase.java:52)
	at org.apache.tomcat.util.threads.ThreadPoolExecutor.runWorker(ThreadPoolExecutor.java:973)
	at org.apache.tomcat.util.threads.ThreadPoolExecutor$Worker.run(ThreadPoolExecutor.java:491)
	at org.apache.tomcat.util.threads.TaskThread$WrappingRunnable.run(TaskThread.java:63)
	at java.base/java.lang.Thread.run(Thread.java:1583)
2026-05-03 22:57:17 DEBUG o.a.c.a.jaspic.AuthConfigFactoryImpl - Loading persistent provider registrations from [C:\Users\CyberPirate\AppData\Local\Temp\tomcat.8080.3476211852888210065\conf\jaspic-providers.xml]
2026-05-03 22:57:17 INFO  o.a.c.c.C.[Tomcat].[localhost].[/] - Initializing Spring DispatcherServlet 'dispatcherServlet'
