2026-04-26 13:58:52 DEBUG o.a.tomcat.util.compat.Jre22Compat - Class not found so assuming code is running on a pre-Java 22 JVM
java.lang.ClassNotFoundException: java.text.ListFormat
	at java.base/jdk.internal.loader.BuiltinClassLoader.loadClass(BuiltinClassLoader.java:641)
	at java.base/jdk.internal.loader.ClassLoaders$AppClassLoader.loadClass(ClassLoaders.java:188)
	at java.base/java.lang.ClassLoader.loadClass(ClassLoader.java:526)
	at java.base/java.lang.Class.forName0(Native Method)
	at java.base/java.lang.Class.forName(Class.java:423)
	at java.base/java.lang.Class.forName(Class.java:414)
	at org.apache.tomcat.util.compat.Jre22Compat.<clinit>(Jre22Compat.java:37)
	at org.apache.tomcat.util.compat.JreCompat.<clinit>(JreCompat.java:75)
	at org.apache.catalina.startup.Tomcat.<clinit>(Tomcat.java:1196)
	at org.springframework.boot.web.embedded.tomcat.TomcatServletWebServerFactory.getWebServer(TomcatServletWebServerFactory.java:200)
	at org.springframework.boot.web.servlet.context.ServletWebServerApplicationContext.createWebServer(ServletWebServerApplicationContext.java:193)
	at org.springframework.boot.web.servlet.context.ServletWebServerApplicationContext.onRefresh(ServletWebServerApplicationContext.java:167)
	at org.springframework.context.support.AbstractApplicationContext.refresh(AbstractApplicationContext.java:622)
	at org.springframework.boot.web.servlet.context.ServletWebServerApplicationContext.refresh(ServletWebServerApplicationContext.java:146)
	at org.springframework.boot.SpringApplication.refresh(SpringApplication.java:752)
	at org.springframework.boot.SpringApplication.refreshContext(SpringApplication.java:439)
	at org.springframework.boot.SpringApplication.run(SpringApplication.java:318)
	at org.springframework.boot.SpringApplication.run(SpringApplication.java:1361)
	at org.springframework.boot.SpringApplication.run(SpringApplication.java:1350)
	at gr.aueb.cf.eduapp.EduAppApplication.main(EduAppApplication.java:12)
2026-04-26 13:58:52 DEBUG o.apache.catalina.core.ContainerBase - Add container child [StandardHost[localhost]] to container [StandardEngine[Tomcat]]
2026-04-26 13:58:52 DEBUG o.apache.catalina.core.ContainerBase - Add container child [TomcatEmbeddedContext[]] to container [StandardEngine[Tomcat].StandardHost[localhost]]
2026-04-26 13:58:52 DEBUG o.apache.catalina.util.LifecycleBase - Setting state for [StandardServer[-1]] to [INITIALIZING]
2026-04-26 13:58:52 DEBUG o.apache.catalina.util.LifecycleBase - Setting state for [org.apache.catalina.deploy.NamingResourcesImpl@5d352de0] to [INITIALIZING]
2026-04-26 13:58:52 DEBUG o.apache.catalina.util.LifecycleBase - Setting state for [org.apache.catalina.deploy.NamingResourcesImpl@5d352de0] to [INITIALIZED]
2026-04-26 13:58:52 DEBUG o.apache.catalina.util.LifecycleBase - Setting state for [StandardService[Tomcat]] to [INITIALIZING]
2026-04-26 13:58:52 DEBUG o.apache.catalina.util.LifecycleBase - Setting state for [StandardEngine[Tomcat]] to [INITIALIZING]
2026-04-26 13:58:52 DEBUG o.apache.catalina.util.LifecycleBase - Setting state for [StandardEngine[Tomcat]] to [INITIALIZED]
2026-04-26 13:58:52 DEBUG o.apache.catalina.util.LifecycleBase - Setting state for [org.apache.catalina.mapper.MapperListener@59d0cdb6] to [INITIALIZING]
2026-04-26 13:58:52 DEBUG o.apache.catalina.util.LifecycleBase - Setting state for [org.apache.catalina.mapper.MapperListener@59d0cdb6] to [INITIALIZED]
2026-04-26 13:58:52 DEBUG o.apache.catalina.util.LifecycleBase - Setting state for [Connector["http-nio-8080"]] to [INITIALIZING]
2026-04-26 13:58:52 INFO  o.a.coyote.http11.Http11NioProtocol - Initializing ProtocolHandler ["http-nio-8080"]
2026-04-26 13:58:52 DEBUG o.apache.catalina.util.LifecycleBase - Setting state for [Connector["http-nio-8080"]] to [INITIALIZED]
2026-04-26 13:58:52 DEBUG o.apache.catalina.util.LifecycleBase - Setting state for [StandardService[Tomcat]] to [INITIALIZED]
2026-04-26 13:58:52 DEBUG o.apache.catalina.util.LifecycleBase - Setting state for [StandardServer[-1]] to [INITIALIZED]
2026-04-26 13:58:52 DEBUG o.apache.catalina.util.LifecycleBase - Setting state for [StandardServer[-1]] to [STARTING_PREP]
2026-04-26 13:58:52 DEBUG o.apache.catalina.util.LifecycleBase - Setting state for [StandardServer[-1]] to [STARTING]
2026-04-26 13:58:52 DEBUG o.apache.catalina.util.LifecycleBase - Setting state for [org.apache.catalina.deploy.NamingResourcesImpl@5d352de0] to [STARTING_PREP]
2026-04-26 13:58:52 DEBUG o.apache.catalina.util.LifecycleBase - Setting state for [org.apache.catalina.deploy.NamingResourcesImpl@5d352de0] to [STARTING]
2026-04-26 13:58:52 DEBUG o.apache.catalina.util.LifecycleBase - Setting state for [org.apache.catalina.deploy.NamingResourcesImpl@5d352de0] to [STARTED]
2026-04-26 13:58:52 DEBUG o.apache.catalina.util.LifecycleBase - Setting state for [StandardService[Tomcat]] to [STARTING_PREP]
2026-04-26 13:58:52 INFO  o.a.catalina.core.StandardService - Starting service [Tomcat]
2026-04-26 13:58:52 DEBUG o.apache.catalina.util.LifecycleBase - Setting state for [StandardService[Tomcat]] to [STARTING]
2026-04-26 13:58:52 DEBUG o.apache.catalina.util.LifecycleBase - Setting state for [StandardEngine[Tomcat]] to [STARTING_PREP]
2026-04-26 13:58:52 INFO  o.a.catalina.core.StandardEngine - Starting Servlet engine: [Apache Tomcat/10.1.52]
2026-04-26 13:58:52 DEBUG o.apache.catalina.util.LifecycleBase - Setting state for [SimpleRealm[StandardEngine[Tomcat]]] to [INITIALIZING]
2026-04-26 13:58:52 DEBUG o.apache.catalina.util.LifecycleBase - Setting state for [SimpleRealm[StandardEngine[Tomcat]]] to [INITIALIZED]
2026-04-26 13:58:52 DEBUG o.apache.catalina.util.LifecycleBase - Setting state for [SimpleRealm[StandardEngine[Tomcat]]] to [STARTING_PREP]
2026-04-26 13:58:52 DEBUG o.apache.catalina.util.LifecycleBase - Setting state for [SimpleRealm[StandardEngine[Tomcat]]] to [STARTING]
2026-04-26 13:58:52 DEBUG o.apache.catalina.util.LifecycleBase - Setting state for [SimpleRealm[StandardEngine[Tomcat]]] to [STARTED]
2026-04-26 13:58:52 DEBUG o.apache.catalina.util.LifecycleBase - Setting state for [StandardEngine[Tomcat].StandardHost[localhost]] to [INITIALIZING]
2026-04-26 13:58:52 DEBUG o.apache.catalina.util.LifecycleBase - Setting state for [StandardEngine[Tomcat].StandardHost[localhost]] to [INITIALIZED]
2026-04-26 13:58:52 DEBUG o.apache.catalina.util.LifecycleBase - Setting state for [StandardEngine[Tomcat].StandardHost[localhost]] to [STARTING_PREP]
2026-04-26 13:58:52 DEBUG o.apache.catalina.util.LifecycleBase - Setting state for [StandardEngine[Tomcat].StandardHost[localhost].TomcatEmbeddedContext[]] to [INITIALIZING]
2026-04-26 13:58:52 DEBUG o.apache.catalina.util.LifecycleBase - Setting state for [StandardEngine[Tomcat].StandardHost[localhost].TomcatEmbeddedContext[]] to [INITIALIZED]
2026-04-26 13:58:52 DEBUG o.apache.catalina.util.LifecycleBase - Setting state for [StandardEngine[Tomcat].StandardHost[localhost].TomcatEmbeddedContext[]] to [STARTING_PREP]
2026-04-26 13:58:52 DEBUG o.apache.catalina.util.LifecycleBase - Setting state for [org.apache.catalina.webresources.StandardRoot@6274f21c] to [INITIALIZING]
2026-04-26 13:58:52 DEBUG o.apache.catalina.util.LifecycleBase - Setting state for [org.apache.catalina.webresources.StandardRoot@6274f21c] to [INITIALIZED]
2026-04-26 13:58:52 DEBUG o.apache.catalina.util.LifecycleBase - Setting state for [org.apache.catalina.webresources.StandardRoot@6274f21c] to [STARTING_PREP]
2026-04-26 13:58:52 DEBUG o.apache.catalina.util.LifecycleBase - Setting state for [org.apache.catalina.webresources.DirResourceSet@73608eb0] to [INITIALIZING]
2026-04-26 13:58:52 DEBUG o.apache.catalina.util.LifecycleBase - Setting state for [org.apache.catalina.webresources.DirResourceSet@73608eb0] to [INITIALIZED]
2026-04-26 13:58:52 DEBUG o.apache.catalina.util.LifecycleBase - Setting state for [org.apache.catalina.webresources.DirResourceSet@73608eb0] to [STARTING_PREP]
2026-04-26 13:58:52 DEBUG o.apache.catalina.util.LifecycleBase - Setting state for [org.apache.catalina.webresources.DirResourceSet@73608eb0] to [STARTING]
2026-04-26 13:58:52 DEBUG o.apache.catalina.util.LifecycleBase - Setting state for [org.apache.catalina.webresources.DirResourceSet@73608eb0] to [STARTED]
2026-04-26 13:58:52 DEBUG o.apache.catalina.util.LifecycleBase - Setting state for [org.apache.catalina.webresources.StandardRoot@6274f21c] to [STARTING]
2026-04-26 13:58:52 DEBUG o.apache.catalina.util.LifecycleBase - Setting state for [org.apache.catalina.webresources.StandardRoot@6274f21c] to [STARTED]
2026-04-26 13:58:52 DEBUG o.apache.catalina.util.LifecycleBase - Setting state for [WebappLoader[StandardEngine[Tomcat].StandardHost[localhost].TomcatEmbeddedContext[]]] to [INITIALIZING]
2026-04-26 13:58:52 DEBUG o.apache.catalina.util.LifecycleBase - Setting state for [WebappLoader[StandardEngine[Tomcat].StandardHost[localhost].TomcatEmbeddedContext[]]] to [INITIALIZED]
2026-04-26 13:58:52 DEBUG o.apache.catalina.util.LifecycleBase - Setting state for [WebappLoader[StandardEngine[Tomcat].StandardHost[localhost].TomcatEmbeddedContext[]]] to [STARTING_PREP]
2026-04-26 13:58:52 DEBUG o.a.catalina.loader.WebappLoader - Starting this Loader
2026-04-26 13:58:52 DEBUG o.apache.catalina.webresources.Cache - Increased cache size by [531] for item [org.apache.catalina.webresources.CachedResource@4cffd3fd] at [/WEB-INF/classes] making total cache size [531]
2026-04-26 13:58:52 DEBUG o.apache.catalina.util.LifecycleBase - Setting state for [WebappLoader[StandardEngine[Tomcat].StandardHost[localhost].TomcatEmbeddedContext[]]] to [STARTING]
2026-04-26 13:58:52 DEBUG o.apache.catalina.util.LifecycleBase - Setting state for [WebappLoader[StandardEngine[Tomcat].StandardHost[localhost].TomcatEmbeddedContext[]]] to [STARTED]
2026-04-26 13:58:52 DEBUG o.apache.catalina.util.LifecycleBase - Setting state for [StandardPipeline[StandardEngine[Tomcat].StandardHost[localhost].TomcatEmbeddedContext[]]] to [INITIALIZING]
2026-04-26 13:58:52 DEBUG o.apache.catalina.util.LifecycleBase - Setting state for [StandardPipeline[StandardEngine[Tomcat].StandardHost[localhost].TomcatEmbeddedContext[]]] to [INITIALIZED]
2026-04-26 13:58:52 DEBUG o.apache.catalina.util.LifecycleBase - Setting state for [StandardPipeline[StandardEngine[Tomcat].StandardHost[localhost].TomcatEmbeddedContext[]]] to [STARTING_PREP]
2026-04-26 13:58:52 DEBUG o.apache.catalina.util.LifecycleBase - Setting state for [NonLoginAuthenticator[StandardEngine[Tomcat].StandardHost[localhost].TomcatEmbeddedContext[]]] to [INITIALIZING]
2026-04-26 13:58:52 DEBUG o.apache.catalina.util.LifecycleBase - Setting state for [NonLoginAuthenticator[StandardEngine[Tomcat].StandardHost[localhost].TomcatEmbeddedContext[]]] to [INITIALIZED]
2026-04-26 13:58:52 DEBUG o.apache.catalina.util.LifecycleBase - Setting state for [NonLoginAuthenticator[StandardEngine[Tomcat].StandardHost[localhost].TomcatEmbeddedContext[]]] to [STARTING_PREP]
2026-04-26 13:58:52 DEBUG o.apache.catalina.util.LifecycleBase - Setting state for [NonLoginAuthenticator[StandardEngine[Tomcat].StandardHost[localhost].TomcatEmbeddedContext[]]] to [STARTING]
2026-04-26 13:58:52 DEBUG o.apache.catalina.util.LifecycleBase - Setting state for [NonLoginAuthenticator[StandardEngine[Tomcat].StandardHost[localhost].TomcatEmbeddedContext[]]] to [STARTED]
2026-04-26 13:58:52 DEBUG o.apache.catalina.util.LifecycleBase - Setting state for [StandardContextValve[StandardEngine[Tomcat].StandardHost[localhost].TomcatEmbeddedContext[]]] to [INITIALIZING]
2026-04-26 13:58:52 DEBUG o.apache.catalina.util.LifecycleBase - Setting state for [StandardContextValve[StandardEngine[Tomcat].StandardHost[localhost].TomcatEmbeddedContext[]]] to [INITIALIZED]
2026-04-26 13:58:52 DEBUG o.apache.catalina.util.LifecycleBase - Setting state for [StandardContextValve[StandardEngine[Tomcat].StandardHost[localhost].TomcatEmbeddedContext[]]] to [STARTING_PREP]
2026-04-26 13:58:52 DEBUG o.apache.catalina.util.LifecycleBase - Setting state for [StandardContextValve[StandardEngine[Tomcat].StandardHost[localhost].TomcatEmbeddedContext[]]] to [STARTING]
2026-04-26 13:58:52 DEBUG o.apache.catalina.util.LifecycleBase - Setting state for [StandardContextValve[StandardEngine[Tomcat].StandardHost[localhost].TomcatEmbeddedContext[]]] to [STARTED]
2026-04-26 13:58:52 DEBUG o.apache.catalina.util.LifecycleBase - Setting state for [StandardPipeline[StandardEngine[Tomcat].StandardHost[localhost].TomcatEmbeddedContext[]]] to [STARTING]
2026-04-26 13:58:52 DEBUG o.apache.catalina.util.LifecycleBase - Setting state for [StandardPipeline[StandardEngine[Tomcat].StandardHost[localhost].TomcatEmbeddedContext[]]] to [STARTED]
2026-04-26 13:58:52 DEBUG o.a.catalina.core.StandardContext - No manager found. Checking if cluster manager should be used. Cluster configured: [false], Application distributable: [false]
2026-04-26 13:58:52 DEBUG o.a.catalina.core.StandardContext - Configured a manager of class [org.apache.catalina.session.StandardManager]
2026-04-26 13:58:52 DEBUG o.apache.catalina.util.LifecycleBase - Setting state for [org.apache.catalina.deploy.NamingResourcesImpl@57fdb8a4] to [INITIALIZING]
2026-04-26 13:58:52 DEBUG o.apache.catalina.util.LifecycleBase - Setting state for [org.apache.catalina.deploy.NamingResourcesImpl@57fdb8a4] to [INITIALIZED]
2026-04-26 13:58:52 DEBUG o.apache.catalina.util.LifecycleBase - Setting state for [org.apache.catalina.deploy.NamingResourcesImpl@57fdb8a4] to [STARTING_PREP]
2026-04-26 13:58:52 DEBUG o.apache.catalina.util.LifecycleBase - Setting state for [org.apache.catalina.deploy.NamingResourcesImpl@57fdb8a4] to [STARTING]
2026-04-26 13:58:52 DEBUG o.apache.catalina.util.LifecycleBase - Setting state for [org.apache.catalina.deploy.NamingResourcesImpl@57fdb8a4] to [STARTED]
2026-04-26 13:58:52 INFO  o.a.c.c.C.[Tomcat].[localhost].[/] - Initializing Spring embedded WebApplicationContext
2026-04-26 13:58:54 DEBUG o.apache.catalina.webresources.Cache - Increased cache size by [573] for item [org.apache.catalina.webresources.CachedResource@35becbd4] at [/WEB-INF/classes/hibernate.properties] making total cache size [1104]
2026-04-26 13:58:55 DEBUG o.apache.catalina.util.LifecycleBase - Setting state for [StandardManager[StandardEngine[Tomcat].StandardHost[localhost].TomcatEmbeddedContext[]]] to [INITIALIZING]
2026-04-26 13:58:55 DEBUG o.apache.catalina.util.LifecycleBase - Setting state for [StandardManager[StandardEngine[Tomcat].StandardHost[localhost].TomcatEmbeddedContext[]]] to [INITIALIZED]
2026-04-26 13:58:55 DEBUG o.apache.catalina.util.LifecycleBase - Setting state for [StandardManager[StandardEngine[Tomcat].StandardHost[localhost].TomcatEmbeddedContext[]]] to [STARTING_PREP]
2026-04-26 13:58:55 DEBUG o.apache.catalina.util.LifecycleBase - Setting state for [org.springframework.boot.web.embedded.tomcat.LazySessionIdGenerator@63c6c5e5] to [INITIALIZING]
2026-04-26 13:58:55 DEBUG o.apache.catalina.util.LifecycleBase - Setting state for [org.springframework.boot.web.embedded.tomcat.LazySessionIdGenerator@63c6c5e5] to [INITIALIZED]
2026-04-26 13:58:55 DEBUG o.apache.catalina.util.LifecycleBase - Setting state for [org.springframework.boot.web.embedded.tomcat.LazySessionIdGenerator@63c6c5e5] to [STARTING_PREP]
2026-04-26 13:58:55 DEBUG o.apache.catalina.util.LifecycleBase - Setting state for [org.springframework.boot.web.embedded.tomcat.LazySessionIdGenerator@63c6c5e5] to [STARTING]
2026-04-26 13:58:55 DEBUG o.apache.catalina.util.LifecycleBase - Setting state for [org.springframework.boot.web.embedded.tomcat.LazySessionIdGenerator@63c6c5e5] to [STARTED]
2026-04-26 13:58:55 DEBUG o.apache.catalina.util.LifecycleBase - Setting state for [StandardManager[StandardEngine[Tomcat].StandardHost[localhost].TomcatEmbeddedContext[]]] to [STARTING]
2026-04-26 13:58:55 DEBUG o.apache.catalina.util.LifecycleBase - Setting state for [StandardManager[StandardEngine[Tomcat].StandardHost[localhost].TomcatEmbeddedContext[]]] to [STARTED]
2026-04-26 13:58:55 DEBUG o.apache.catalina.util.LifecycleBase - Setting state for [StandardEngine[Tomcat].StandardHost[localhost].TomcatEmbeddedContext[]] to [STARTING]
2026-04-26 13:58:55 DEBUG o.apache.catalina.util.LifecycleBase - Setting state for [StandardEngine[Tomcat].StandardHost[localhost].TomcatEmbeddedContext[]] to [STARTED]
2026-04-26 13:58:55 DEBUG o.apache.catalina.util.LifecycleBase - Setting state for [StandardPipeline[StandardEngine[Tomcat].StandardHost[localhost]]] to [INITIALIZING]
2026-04-26 13:58:55 DEBUG o.apache.catalina.util.LifecycleBase - Setting state for [StandardPipeline[StandardEngine[Tomcat].StandardHost[localhost]]] to [INITIALIZED]
2026-04-26 13:58:55 DEBUG o.apache.catalina.util.LifecycleBase - Setting state for [StandardPipeline[StandardEngine[Tomcat].StandardHost[localhost]]] to [STARTING_PREP]
2026-04-26 13:58:55 DEBUG o.apache.catalina.util.LifecycleBase - Setting state for [ErrorReportValve[StandardEngine[Tomcat].StandardHost[localhost]]] to [INITIALIZING]
2026-04-26 13:58:55 DEBUG o.apache.catalina.util.LifecycleBase - Setting state for [ErrorReportValve[StandardEngine[Tomcat].StandardHost[localhost]]] to [INITIALIZED]
2026-04-26 13:58:55 DEBUG o.apache.catalina.util.LifecycleBase - Setting state for [ErrorReportValve[StandardEngine[Tomcat].StandardHost[localhost]]] to [STARTING_PREP]
2026-04-26 13:58:55 DEBUG o.apache.catalina.util.LifecycleBase - Setting state for [ErrorReportValve[StandardEngine[Tomcat].StandardHost[localhost]]] to [STARTING]
2026-04-26 13:58:55 DEBUG o.apache.catalina.util.LifecycleBase - Setting state for [ErrorReportValve[StandardEngine[Tomcat].StandardHost[localhost]]] to [STARTED]
2026-04-26 13:58:55 DEBUG o.apache.catalina.util.LifecycleBase - Setting state for [StandardHostValve[StandardEngine[Tomcat].StandardHost[localhost]]] to [INITIALIZING]
2026-04-26 13:58:55 DEBUG o.apache.catalina.util.LifecycleBase - Setting state for [StandardHostValve[StandardEngine[Tomcat].StandardHost[localhost]]] to [INITIALIZED]
2026-04-26 13:58:55 DEBUG o.apache.catalina.util.LifecycleBase - Setting state for [StandardHostValve[StandardEngine[Tomcat].StandardHost[localhost]]] to [STARTING_PREP]
2026-04-26 13:58:55 DEBUG o.apache.catalina.util.LifecycleBase - Setting state for [StandardHostValve[StandardEngine[Tomcat].StandardHost[localhost]]] to [STARTING]
2026-04-26 13:58:55 DEBUG o.apache.catalina.util.LifecycleBase - Setting state for [StandardHostValve[StandardEngine[Tomcat].StandardHost[localhost]]] to [STARTED]
2026-04-26 13:58:55 DEBUG o.apache.catalina.util.LifecycleBase - Setting state for [StandardPipeline[StandardEngine[Tomcat].StandardHost[localhost]]] to [STARTING]
2026-04-26 13:58:55 DEBUG o.apache.catalina.util.LifecycleBase - Setting state for [StandardPipeline[StandardEngine[Tomcat].StandardHost[localhost]]] to [STARTED]
2026-04-26 13:58:55 DEBUG o.apache.catalina.util.LifecycleBase - Setting state for [StandardEngine[Tomcat].StandardHost[localhost]] to [STARTING]
2026-04-26 13:58:55 DEBUG o.apache.catalina.util.LifecycleBase - Setting state for [StandardEngine[Tomcat].StandardHost[localhost]] to [STARTED]
2026-04-26 13:58:55 DEBUG o.apache.catalina.util.LifecycleBase - Setting state for [StandardPipeline[StandardEngine[Tomcat]]] to [INITIALIZING]
2026-04-26 13:58:55 DEBUG o.apache.catalina.util.LifecycleBase - Setting state for [StandardPipeline[StandardEngine[Tomcat]]] to [INITIALIZED]
2026-04-26 13:58:55 DEBUG o.apache.catalina.util.LifecycleBase - Setting state for [StandardPipeline[StandardEngine[Tomcat]]] to [STARTING_PREP]
2026-04-26 13:58:55 DEBUG o.apache.catalina.util.LifecycleBase - Setting state for [StandardEngineValve[StandardEngine[Tomcat]]] to [INITIALIZING]
2026-04-26 13:58:55 DEBUG o.apache.catalina.util.LifecycleBase - Setting state for [StandardEngineValve[StandardEngine[Tomcat]]] to [INITIALIZED]
2026-04-26 13:58:55 DEBUG o.apache.catalina.util.LifecycleBase - Setting state for [StandardEngineValve[StandardEngine[Tomcat]]] to [STARTING_PREP]
2026-04-26 13:58:55 DEBUG o.apache.catalina.util.LifecycleBase - Setting state for [StandardEngineValve[StandardEngine[Tomcat]]] to [STARTING]
2026-04-26 13:58:55 DEBUG o.apache.catalina.util.LifecycleBase - Setting state for [StandardEngineValve[StandardEngine[Tomcat]]] to [STARTED]
2026-04-26 13:58:55 DEBUG o.apache.catalina.util.LifecycleBase - Setting state for [StandardPipeline[StandardEngine[Tomcat]]] to [STARTING]
2026-04-26 13:58:55 DEBUG o.apache.catalina.util.LifecycleBase - Setting state for [StandardPipeline[StandardEngine[Tomcat]]] to [STARTED]
2026-04-26 13:58:55 DEBUG o.apache.catalina.util.LifecycleBase - Setting state for [StandardEngine[Tomcat]] to [STARTING]
2026-04-26 13:58:55 DEBUG o.apache.catalina.util.LifecycleBase - Setting state for [StandardEngine[Tomcat]] to [STARTED]
2026-04-26 13:58:55 DEBUG o.apache.catalina.util.LifecycleBase - Setting state for [org.apache.catalina.mapper.MapperListener@59d0cdb6] to [STARTING_PREP]
2026-04-26 13:58:55 DEBUG o.apache.catalina.util.LifecycleBase - Setting state for [org.apache.catalina.mapper.MapperListener@59d0cdb6] to [STARTING]
2026-04-26 13:58:55 DEBUG org.apache.catalina.mapper.Mapper - Registered host [localhost]
2026-04-26 13:58:55 DEBUG o.a.catalina.mapper.MapperListener - Register Context [] for service [StandardService[Tomcat]]
2026-04-26 13:58:55 DEBUG o.a.catalina.mapper.MapperListener - Register host [localhost] at domain [null] for service [StandardService[Tomcat]]
2026-04-26 13:58:55 DEBUG o.apache.catalina.util.LifecycleBase - Setting state for [org.apache.catalina.mapper.MapperListener@59d0cdb6] to [STARTED]
2026-04-26 13:58:55 DEBUG o.apache.catalina.util.LifecycleBase - Setting state for [StandardService[Tomcat]] to [STARTED]
2026-04-26 13:58:55 DEBUG o.apache.catalina.util.LifecycleBase - Setting state for [StandardServer[-1]] to [STARTED]
2026-04-26 13:58:55 DEBUG o.apache.catalina.util.LifecycleBase - Setting state for [StandardServer[-1]] to [STOPPING_PREP]
2026-04-26 13:58:55 DEBUG o.apache.catalina.util.LifecycleBase - Setting state for [StandardServer[-1]] to [STOPPING]
2026-04-26 13:58:55 DEBUG o.apache.catalina.util.LifecycleBase - Setting state for [StandardService[Tomcat]] to [STOPPING_PREP]
2026-04-26 13:58:55 INFO  o.a.catalina.core.StandardService - Stopping service [Tomcat]
2026-04-26 13:58:55 DEBUG o.apache.catalina.util.LifecycleBase - Setting state for [StandardService[Tomcat]] to [STOPPING]
2026-04-26 13:58:55 DEBUG o.apache.catalina.util.LifecycleBase - Setting state for [StandardEngine[Tomcat]] to [STOPPING_PREP]
2026-04-26 13:58:55 DEBUG o.apache.catalina.util.LifecycleBase - Setting state for [StandardEngine[Tomcat]] to [STOPPING]
2026-04-26 13:58:55 DEBUG o.apache.catalina.util.LifecycleBase - Setting state for [StandardPipeline[StandardEngine[Tomcat]]] to [STOPPING_PREP]
2026-04-26 13:58:55 DEBUG o.apache.catalina.util.LifecycleBase - Setting state for [StandardPipeline[StandardEngine[Tomcat]]] to [STOPPING]
2026-04-26 13:58:55 DEBUG o.apache.catalina.util.LifecycleBase - Setting state for [StandardEngineValve[StandardEngine[Tomcat]]] to [STOPPING_PREP]
2026-04-26 13:58:55 DEBUG o.apache.catalina.util.LifecycleBase - Setting state for [StandardEngineValve[StandardEngine[Tomcat]]] to [STOPPING]
2026-04-26 13:58:55 DEBUG o.apache.catalina.util.LifecycleBase - Setting state for [StandardEngineValve[StandardEngine[Tomcat]]] to [STOPPED]
2026-04-26 13:58:55 DEBUG o.apache.catalina.util.LifecycleBase - Setting state for [StandardPipeline[StandardEngine[Tomcat]]] to [STOPPED]
2026-04-26 13:58:55 DEBUG o.apache.catalina.util.LifecycleBase - Setting state for [StandardEngine[Tomcat].StandardHost[localhost]] to [STOPPING_PREP]
2026-04-26 13:58:55 DEBUG o.a.catalina.mapper.MapperListener - Unregister host [localhost] at domain [null] for service [StandardService[Tomcat]]
2026-04-26 13:58:55 DEBUG o.apache.catalina.util.LifecycleBase - Setting state for [StandardEngine[Tomcat].StandardHost[localhost]] to [STOPPING]
2026-04-26 13:58:55 DEBUG o.apache.catalina.util.LifecycleBase - Setting state for [StandardPipeline[StandardEngine[Tomcat].StandardHost[localhost]]] to [STOPPING_PREP]
2026-04-26 13:58:55 DEBUG o.apache.catalina.util.LifecycleBase - Setting state for [StandardPipeline[StandardEngine[Tomcat].StandardHost[localhost]]] to [STOPPING]
2026-04-26 13:58:55 DEBUG o.apache.catalina.util.LifecycleBase - Setting state for [ErrorReportValve[StandardEngine[Tomcat].StandardHost[localhost]]] to [STOPPING_PREP]
2026-04-26 13:58:55 DEBUG o.apache.catalina.util.LifecycleBase - Setting state for [ErrorReportValve[StandardEngine[Tomcat].StandardHost[localhost]]] to [STOPPING]
2026-04-26 13:58:55 DEBUG o.apache.catalina.util.LifecycleBase - Setting state for [ErrorReportValve[StandardEngine[Tomcat].StandardHost[localhost]]] to [STOPPED]
2026-04-26 13:58:55 DEBUG o.apache.catalina.util.LifecycleBase - Setting state for [StandardHostValve[StandardEngine[Tomcat].StandardHost[localhost]]] to [STOPPING_PREP]
2026-04-26 13:58:55 DEBUG o.apache.catalina.util.LifecycleBase - Setting state for [StandardHostValve[StandardEngine[Tomcat].StandardHost[localhost]]] to [STOPPING]
2026-04-26 13:58:55 DEBUG o.apache.catalina.util.LifecycleBase - Setting state for [StandardHostValve[StandardEngine[Tomcat].StandardHost[localhost]]] to [STOPPED]
2026-04-26 13:58:55 DEBUG o.apache.catalina.util.LifecycleBase - Setting state for [StandardPipeline[StandardEngine[Tomcat].StandardHost[localhost]]] to [STOPPED]
2026-04-26 13:58:55 DEBUG o.apache.catalina.util.LifecycleBase - Setting state for [StandardEngine[Tomcat].StandardHost[localhost].TomcatEmbeddedContext[]] to [STOPPING_PREP]
2026-04-26 13:58:55 DEBUG o.a.catalina.mapper.MapperListener - Unregister Context [] for service [StandardService[Tomcat]]
2026-04-26 13:58:55 DEBUG o.apache.catalina.util.LifecycleBase - Setting state for [StandardEngine[Tomcat].StandardHost[localhost].TomcatEmbeddedContext[]] to [STOPPING]
2026-04-26 13:58:55 DEBUG o.a.c.core.ApplicationFilterConfig - JMX de-registration complete for filter of type [org.apache.tomcat.websocket.server.WsFilter] and name [Tomcat WebSocket (JSR356) Filter]
2026-04-26 13:58:55 DEBUG o.apache.catalina.util.LifecycleBase - Setting state for [StandardManager[StandardEngine[Tomcat].StandardHost[localhost].TomcatEmbeddedContext[]]] to [STOPPING_PREP]
2026-04-26 13:58:55 DEBUG o.apache.catalina.util.LifecycleBase - Setting state for [StandardManager[StandardEngine[Tomcat].StandardHost[localhost].TomcatEmbeddedContext[]]] to [STOPPING]
2026-04-26 13:58:55 DEBUG o.a.catalina.session.StandardManager - No persisted sessions to unload
2026-04-26 13:58:55 DEBUG o.apache.catalina.util.LifecycleBase - Setting state for [org.springframework.boot.web.embedded.tomcat.LazySessionIdGenerator@63c6c5e5] to [STOPPING_PREP]
2026-04-26 13:58:55 DEBUG o.apache.catalina.util.LifecycleBase - Setting state for [org.springframework.boot.web.embedded.tomcat.LazySessionIdGenerator@63c6c5e5] to [STOPPING]
2026-04-26 13:58:55 DEBUG o.apache.catalina.util.LifecycleBase - Setting state for [org.springframework.boot.web.embedded.tomcat.LazySessionIdGenerator@63c6c5e5] to [STOPPED]
2026-04-26 13:58:55 DEBUG o.apache.catalina.util.LifecycleBase - Setting state for [StandardManager[StandardEngine[Tomcat].StandardHost[localhost].TomcatEmbeddedContext[]]] to [STOPPED]
2026-04-26 13:58:55 DEBUG o.apache.catalina.util.LifecycleBase - Setting state for [org.apache.catalina.deploy.NamingResourcesImpl@57fdb8a4] to [STOPPING_PREP]
2026-04-26 13:58:55 DEBUG o.apache.catalina.util.LifecycleBase - Setting state for [org.apache.catalina.deploy.NamingResourcesImpl@57fdb8a4] to [STOPPING]
2026-04-26 13:58:55 DEBUG o.apache.catalina.util.LifecycleBase - Setting state for [org.apache.catalina.deploy.NamingResourcesImpl@57fdb8a4] to [STOPPED]
2026-04-26 13:58:55 DEBUG o.apache.catalina.util.LifecycleBase - Setting state for [StandardPipeline[StandardEngine[Tomcat].StandardHost[localhost].TomcatEmbeddedContext[]]] to [STOPPING_PREP]
2026-04-26 13:58:55 DEBUG o.apache.catalina.util.LifecycleBase - Setting state for [StandardPipeline[StandardEngine[Tomcat].StandardHost[localhost].TomcatEmbeddedContext[]]] to [STOPPING]
2026-04-26 13:58:55 DEBUG o.apache.catalina.util.LifecycleBase - Setting state for [NonLoginAuthenticator[StandardEngine[Tomcat].StandardHost[localhost].TomcatEmbeddedContext[]]] to [STOPPING_PREP]
2026-04-26 13:58:55 DEBUG o.apache.catalina.util.LifecycleBase - Setting state for [NonLoginAuthenticator[StandardEngine[Tomcat].StandardHost[localhost].TomcatEmbeddedContext[]]] to [STOPPING]
2026-04-26 13:58:55 DEBUG o.apache.catalina.util.LifecycleBase - Setting state for [NonLoginAuthenticator[StandardEngine[Tomcat].StandardHost[localhost].TomcatEmbeddedContext[]]] to [STOPPED]
2026-04-26 13:58:55 DEBUG o.apache.catalina.util.LifecycleBase - Setting state for [StandardContextValve[StandardEngine[Tomcat].StandardHost[localhost].TomcatEmbeddedContext[]]] to [STOPPING_PREP]
2026-04-26 13:58:55 DEBUG o.apache.catalina.util.LifecycleBase - Setting state for [StandardContextValve[StandardEngine[Tomcat].StandardHost[localhost].TomcatEmbeddedContext[]]] to [STOPPING]
2026-04-26 13:58:55 DEBUG o.apache.catalina.util.LifecycleBase - Setting state for [StandardContextValve[StandardEngine[Tomcat].StandardHost[localhost].TomcatEmbeddedContext[]]] to [STOPPED]
2026-04-26 13:58:55 DEBUG o.apache.catalina.util.LifecycleBase - Setting state for [StandardPipeline[StandardEngine[Tomcat].StandardHost[localhost].TomcatEmbeddedContext[]]] to [STOPPED]
2026-04-26 13:58:55 DEBUG o.apache.catalina.util.LifecycleBase - Setting state for [WebappLoader[StandardEngine[Tomcat].StandardHost[localhost].TomcatEmbeddedContext[]]] to [STOPPING_PREP]
2026-04-26 13:58:55 DEBUG o.a.catalina.loader.WebappLoader - Stopping this Loader
2026-04-26 13:58:55 DEBUG o.apache.catalina.util.LifecycleBase - Setting state for [WebappLoader[StandardEngine[Tomcat].StandardHost[localhost].TomcatEmbeddedContext[]]] to [STOPPING]
2026-04-26 13:58:55 WARN  o.a.c.loader.WebappClassLoaderBase - The web application [ROOT] appears to have started a thread named [HikariPool-1:housekeeper] but has failed to stop it. This is very likely to create a memory leak. Stack trace of thread:
 java.base/jdk.internal.misc.Unsafe.park(Native Method)
 java.base/java.util.concurrent.locks.LockSupport.parkNanos(LockSupport.java:269)
 java.base/java.util.concurrent.locks.AbstractQueuedSynchronizer$ConditionObject.awaitNanos(AbstractQueuedSynchronizer.java:1797)
 java.base/java.util.concurrent.ScheduledThreadPoolExecutor$DelayedWorkQueue.take(ScheduledThreadPoolExecutor.java:1182)
 java.base/java.util.concurrent.ScheduledThreadPoolExecutor$DelayedWorkQueue.take(ScheduledThreadPoolExecutor.java:899)
 java.base/java.util.concurrent.ThreadPoolExecutor.getTask(ThreadPoolExecutor.java:1070)
 java.base/java.util.concurrent.ThreadPoolExecutor.runWorker(ThreadPoolExecutor.java:1130)
 java.base/java.util.concurrent.ThreadPoolExecutor$Worker.run(ThreadPoolExecutor.java:642)
 java.base/java.lang.Thread.run(Thread.java:1583)
2026-04-26 13:58:55 WARN  o.a.c.loader.WebappClassLoaderBase - The web application [ROOT] appears to have started a thread named [HikariPool-1:connection-adder] but has failed to stop it. This is very likely to create a memory leak. Stack trace of thread:
 java.base/jdk.internal.misc.Unsafe.park(Native Method)
 java.base/java.util.concurrent.locks.LockSupport.parkNanos(LockSupport.java:269)
 java.base/java.util.concurrent.locks.AbstractQueuedSynchronizer$ConditionObject.awaitNanos(AbstractQueuedSynchronizer.java:1797)
 java.base/java.util.concurrent.LinkedBlockingQueue.poll(LinkedBlockingQueue.java:460)
 java.base/java.util.concurrent.ThreadPoolExecutor.getTask(ThreadPoolExecutor.java:1069)
 java.base/java.util.concurrent.ThreadPoolExecutor.runWorker(ThreadPoolExecutor.java:1130)
 java.base/java.util.concurrent.ThreadPoolExecutor$Worker.run(ThreadPoolExecutor.java:642)
 java.base/java.lang.Thread.run(Thread.java:1583)
2026-04-26 13:58:55 WARN  o.a.c.loader.WebappClassLoaderBase - The web application [ROOT] appears to have started a thread named [logback-3] but has failed to stop it. This is very likely to create a memory leak. Stack trace of thread:
 java.base/jdk.internal.misc.Unsafe.park(Native Method)
 java.base/java.util.concurrent.locks.LockSupport.parkNanos(LockSupport.java:269)
 java.base/java.util.concurrent.locks.AbstractQueuedSynchronizer$ConditionObject.awaitNanos(AbstractQueuedSynchronizer.java:1797)
 java.base/java.util.concurrent.LinkedBlockingQueue.poll(LinkedBlockingQueue.java:460)
 java.base/java.util.concurrent.ThreadPoolExecutor.getTask(ThreadPoolExecutor.java:1069)
 java.base/java.util.concurrent.ThreadPoolExecutor.runWorker(ThreadPoolExecutor.java:1130)
 java.base/java.util.concurrent.ThreadPoolExecutor$Worker.run(ThreadPoolExecutor.java:642)
 java.base/java.lang.Thread.run(Thread.java:1583)
2026-04-26 13:58:55 DEBUG o.apache.catalina.util.LifecycleBase - Setting state for [WebappLoader[StandardEngine[Tomcat].StandardHost[localhost].TomcatEmbeddedContext[]]] to [STOPPED]
2026-04-26 13:58:55 DEBUG o.apache.catalina.util.LifecycleBase - Setting state for [org.apache.catalina.webresources.StandardRoot@6274f21c] to [STOPPING_PREP]
2026-04-26 13:58:55 DEBUG o.apache.catalina.util.LifecycleBase - Setting state for [org.apache.catalina.webresources.DirResourceSet@73608eb0] to [STOPPING_PREP]
2026-04-26 13:58:55 DEBUG o.apache.catalina.util.LifecycleBase - Setting state for [org.apache.catalina.webresources.DirResourceSet@73608eb0] to [STOPPING]
2026-04-26 13:58:55 DEBUG o.apache.catalina.util.LifecycleBase - Setting state for [org.apache.catalina.webresources.DirResourceSet@73608eb0] to [STOPPED]
2026-04-26 13:58:55 DEBUG o.apache.catalina.util.LifecycleBase - Setting state for [org.apache.catalina.webresources.DirResourceSet@73608eb0] to [DESTROYING]
2026-04-26 13:58:55 DEBUG o.apache.catalina.util.LifecycleBase - Setting state for [org.apache.catalina.webresources.DirResourceSet@73608eb0] to [DESTROYED]
2026-04-26 13:58:55 DEBUG o.apache.catalina.util.LifecycleBase - Setting state for [org.apache.catalina.webresources.StandardRoot@6274f21c] to [STOPPING]
2026-04-26 13:58:55 DEBUG o.apache.catalina.util.LifecycleBase - Setting state for [org.apache.catalina.webresources.StandardRoot@6274f21c] to [STOPPED]
2026-04-26 13:58:55 DEBUG o.apache.catalina.util.LifecycleBase - Setting state for [StandardEngine[Tomcat].StandardHost[localhost].TomcatEmbeddedContext[]] to [STOPPED]
2026-04-26 13:58:55 DEBUG o.apache.catalina.util.LifecycleBase - Setting state for [StandardEngine[Tomcat].StandardHost[localhost]] to [STOPPED]
2026-04-26 13:58:55 DEBUG o.apache.catalina.util.LifecycleBase - Setting state for [SimpleRealm[StandardEngine[Tomcat]]] to [STOPPING_PREP]
2026-04-26 13:58:55 DEBUG o.apache.catalina.util.LifecycleBase - Setting state for [SimpleRealm[StandardEngine[Tomcat]]] to [STOPPING]
2026-04-26 13:58:55 DEBUG o.apache.catalina.util.LifecycleBase - Setting state for [SimpleRealm[StandardEngine[Tomcat]]] to [STOPPED]
2026-04-26 13:58:55 DEBUG o.apache.catalina.util.LifecycleBase - Setting state for [StandardEngine[Tomcat]] to [STOPPED]
2026-04-26 13:58:55 DEBUG o.apache.catalina.util.LifecycleBase - Setting state for [org.apache.catalina.mapper.MapperListener@59d0cdb6] to [STOPPING_PREP]
2026-04-26 13:58:55 DEBUG o.apache.catalina.util.LifecycleBase - Setting state for [org.apache.catalina.mapper.MapperListener@59d0cdb6] to [STOPPING]
2026-04-26 13:58:55 DEBUG o.apache.catalina.util.LifecycleBase - Setting state for [org.apache.catalina.mapper.MapperListener@59d0cdb6] to [STOPPED]
2026-04-26 13:58:55 DEBUG o.apache.catalina.util.LifecycleBase - Setting state for [StandardService[Tomcat]] to [STOPPED]
2026-04-26 13:58:55 DEBUG o.apache.catalina.util.LifecycleBase - Setting state for [org.apache.catalina.deploy.NamingResourcesImpl@5d352de0] to [STOPPING_PREP]
2026-04-26 13:58:55 DEBUG o.apache.catalina.util.LifecycleBase - Setting state for [org.apache.catalina.deploy.NamingResourcesImpl@5d352de0] to [STOPPING]
2026-04-26 13:58:55 DEBUG o.apache.catalina.util.LifecycleBase - Setting state for [org.apache.catalina.deploy.NamingResourcesImpl@5d352de0] to [STOPPED]
2026-04-26 13:58:55 DEBUG o.apache.catalina.util.LifecycleBase - Setting state for [StandardServer[-1]] to [STOPPED]
2026-04-26 13:58:55 DEBUG o.apache.catalina.util.LifecycleBase - Setting state for [StandardServer[-1]] to [DESTROYING]
2026-04-26 13:58:55 DEBUG o.apache.catalina.util.LifecycleBase - Setting state for [StandardService[Tomcat]] to [DESTROYING]
2026-04-26 13:58:55 DEBUG o.apache.catalina.util.LifecycleBase - Setting state for [org.apache.catalina.mapper.MapperListener@59d0cdb6] to [DESTROYING]
2026-04-26 13:58:55 DEBUG o.apache.catalina.util.LifecycleBase - Setting state for [org.apache.catalina.mapper.MapperListener@59d0cdb6] to [DESTROYED]
2026-04-26 13:58:55 DEBUG o.apache.catalina.util.LifecycleBase - Setting state for [StandardEngine[Tomcat]] to [DESTROYING]
2026-04-26 13:58:55 DEBUG o.apache.catalina.util.LifecycleBase - Setting state for [SimpleRealm[StandardEngine[Tomcat]]] to [DESTROYING]
2026-04-26 13:58:55 DEBUG o.apache.catalina.util.LifecycleBase - Setting state for [SimpleRealm[StandardEngine[Tomcat]]] to [DESTROYED]
2026-04-26 13:58:55 DEBUG o.apache.catalina.util.LifecycleBase - Setting state for [StandardPipeline[StandardEngine[Tomcat]]] to [DESTROYING]
2026-04-26 13:58:55 DEBUG o.apache.catalina.util.LifecycleBase - Setting state for [StandardEngineValve[Container is null]] to [DESTROYING]
2026-04-26 13:58:55 DEBUG o.apache.catalina.util.LifecycleBase - Setting state for [StandardEngineValve[Container is null]] to [DESTROYED]
2026-04-26 13:58:55 DEBUG o.apache.catalina.util.LifecycleBase - Setting state for [StandardPipeline[StandardEngine[Tomcat]]] to [DESTROYED]
2026-04-26 13:58:55 DEBUG o.apache.catalina.util.LifecycleBase - Setting state for [StandardEngine[Tomcat].StandardHost[localhost]] to [DESTROYING]
2026-04-26 13:58:55 DEBUG o.apache.catalina.util.LifecycleBase - Setting state for [StandardPipeline[StandardEngine[Tomcat].StandardHost[localhost]]] to [DESTROYING]
2026-04-26 13:58:55 DEBUG o.apache.catalina.util.LifecycleBase - Setting state for [ErrorReportValve[Container is null]] to [DESTROYING]
2026-04-26 13:58:55 DEBUG o.apache.catalina.util.LifecycleBase - Setting state for [ErrorReportValve[Container is null]] to [DESTROYED]
2026-04-26 13:58:55 DEBUG o.apache.catalina.util.LifecycleBase - Setting state for [StandardHostValve[Container is null]] to [DESTROYING]
2026-04-26 13:58:55 DEBUG o.apache.catalina.util.LifecycleBase - Setting state for [StandardHostValve[Container is null]] to [DESTROYED]
2026-04-26 13:58:55 DEBUG o.apache.catalina.util.LifecycleBase - Setting state for [StandardPipeline[StandardEngine[Tomcat].StandardHost[localhost]]] to [DESTROYED]
2026-04-26 13:58:55 DEBUG o.apache.catalina.util.LifecycleBase - Setting state for [StandardEngine[Tomcat].StandardHost[localhost].TomcatEmbeddedContext[]] to [DESTROYING]
2026-04-26 13:58:55 DEBUG o.apache.catalina.util.LifecycleBase - Setting state for [org.apache.catalina.deploy.NamingResourcesImpl@57fdb8a4] to [DESTROYING]
2026-04-26 13:58:55 DEBUG o.apache.catalina.util.LifecycleBase - Setting state for [org.apache.catalina.deploy.NamingResourcesImpl@57fdb8a4] to [DESTROYED]
2026-04-26 13:58:55 DEBUG o.apache.catalina.util.LifecycleBase - Setting state for [WebappLoader[StandardEngine[Tomcat].StandardHost[localhost].TomcatEmbeddedContext[]]] to [DESTROYING]
2026-04-26 13:58:55 DEBUG o.apache.catalina.util.LifecycleBase - Setting state for [WebappLoader[StandardEngine[Tomcat].StandardHost[localhost].TomcatEmbeddedContext[]]] to [DESTROYED]
2026-04-26 13:58:55 DEBUG o.apache.catalina.util.LifecycleBase - Setting state for [StandardManager[StandardEngine[Tomcat].StandardHost[localhost].TomcatEmbeddedContext[]]] to [DESTROYING]
2026-04-26 13:58:55 DEBUG o.apache.catalina.util.LifecycleBase - Setting state for [StandardManager[StandardEngine[Tomcat].StandardHost[localhost].TomcatEmbeddedContext[]]] to [DESTROYED]
2026-04-26 13:58:55 DEBUG o.apache.catalina.util.LifecycleBase - Setting state for [org.apache.catalina.webresources.StandardRoot@6274f21c] to [DESTROYING]
2026-04-26 13:58:55 DEBUG o.apache.catalina.util.LifecycleBase - Setting state for [org.apache.catalina.webresources.StandardRoot@6274f21c] to [DESTROYED]
2026-04-26 13:58:55 DEBUG o.apache.catalina.util.LifecycleBase - Setting state for [StandardPipeline[StandardEngine[Tomcat].StandardHost[localhost].TomcatEmbeddedContext[]]] to [DESTROYING]
2026-04-26 13:58:55 DEBUG o.apache.catalina.util.LifecycleBase - Setting state for [NonLoginAuthenticator[Container is null]] to [DESTROYING]
2026-04-26 13:58:55 DEBUG o.apache.catalina.util.LifecycleBase - Setting state for [NonLoginAuthenticator[Container is null]] to [DESTROYED]
2026-04-26 13:58:55 DEBUG o.apache.catalina.util.LifecycleBase - Setting state for [StandardContextValve[Container is null]] to [DESTROYING]
2026-04-26 13:58:55 DEBUG o.apache.catalina.util.LifecycleBase - Setting state for [StandardContextValve[Container is null]] to [DESTROYED]
2026-04-26 13:58:55 DEBUG o.apache.catalina.util.LifecycleBase - Setting state for [StandardPipeline[StandardEngine[Tomcat].StandardHost[localhost].TomcatEmbeddedContext[]]] to [DESTROYED]
2026-04-26 13:58:55 DEBUG o.apache.catalina.util.LifecycleBase - Setting state for [StandardEngine[Tomcat].StandardHost[localhost].TomcatEmbeddedContext[]] to [DESTROYED]
2026-04-26 13:58:55 DEBUG o.apache.catalina.util.LifecycleBase - Setting state for [StandardEngine[Tomcat].StandardHost[localhost]] to [DESTROYED]
2026-04-26 13:58:55 DEBUG o.apache.catalina.util.LifecycleBase - Setting state for [StandardEngine[Tomcat]] to [DESTROYED]
2026-04-26 13:58:55 DEBUG o.apache.catalina.util.LifecycleBase - Setting state for [StandardService[Tomcat]] to [DESTROYED]
2026-04-26 13:58:55 DEBUG o.apache.catalina.util.LifecycleBase - Setting state for [org.apache.catalina.deploy.NamingResourcesImpl@5d352de0] to [DESTROYING]
2026-04-26 13:58:55 DEBUG o.apache.catalina.util.LifecycleBase - Setting state for [org.apache.catalina.deploy.NamingResourcesImpl@5d352de0] to [DESTROYED]
2026-04-26 13:58:55 DEBUG o.apache.catalina.util.LifecycleBase - Setting state for [StandardServer[-1]] to [DESTROYED]
2026-04-26 14:02:13 DEBUG o.a.tomcat.util.compat.Jre22Compat - Class not found so assuming code is running on a pre-Java 22 JVM
java.lang.ClassNotFoundException: java.text.ListFormat
	at java.base/jdk.internal.loader.BuiltinClassLoader.loadClass(BuiltinClassLoader.java:641)
	at java.base/jdk.internal.loader.ClassLoaders$AppClassLoader.loadClass(ClassLoaders.java:188)
	at java.base/java.lang.ClassLoader.loadClass(ClassLoader.java:526)
	at java.base/java.lang.Class.forName0(Native Method)
	at java.base/java.lang.Class.forName(Class.java:423)
	at java.base/java.lang.Class.forName(Class.java:414)
	at org.apache.tomcat.util.compat.Jre22Compat.<clinit>(Jre22Compat.java:37)
	at org.apache.tomcat.util.compat.JreCompat.<clinit>(JreCompat.java:75)
	at org.apache.catalina.startup.Tomcat.<clinit>(Tomcat.java:1196)
	at org.springframework.boot.web.embedded.tomcat.TomcatServletWebServerFactory.getWebServer(TomcatServletWebServerFactory.java:200)
	at org.springframework.boot.web.servlet.context.ServletWebServerApplicationContext.createWebServer(ServletWebServerApplicationContext.java:193)
	at org.springframework.boot.web.servlet.context.ServletWebServerApplicationContext.onRefresh(ServletWebServerApplicationContext.java:167)
	at org.springframework.context.support.AbstractApplicationContext.refresh(AbstractApplicationContext.java:622)
	at org.springframework.boot.web.servlet.context.ServletWebServerApplicationContext.refresh(ServletWebServerApplicationContext.java:146)
	at org.springframework.boot.SpringApplication.refresh(SpringApplication.java:752)
	at org.springframework.boot.SpringApplication.refreshContext(SpringApplication.java:439)
	at org.springframework.boot.SpringApplication.run(SpringApplication.java:318)
	at org.springframework.boot.SpringApplication.run(SpringApplication.java:1361)
	at org.springframework.boot.SpringApplication.run(SpringApplication.java:1350)
	at gr.aueb.cf.eduapp.EduAppApplication.main(EduAppApplication.java:12)
2026-04-26 14:02:13 DEBUG o.apache.catalina.core.ContainerBase - Add container child [StandardHost[localhost]] to container [StandardEngine[Tomcat]]
2026-04-26 14:02:13 DEBUG o.apache.catalina.core.ContainerBase - Add container child [TomcatEmbeddedContext[]] to container [StandardEngine[Tomcat].StandardHost[localhost]]
2026-04-26 14:02:13 DEBUG o.apache.catalina.util.LifecycleBase - Setting state for [StandardServer[-1]] to [INITIALIZING]
2026-04-26 14:02:13 DEBUG o.apache.catalina.util.LifecycleBase - Setting state for [org.apache.catalina.deploy.NamingResourcesImpl@4525e9e8] to [INITIALIZING]
2026-04-26 14:02:13 DEBUG o.apache.catalina.util.LifecycleBase - Setting state for [org.apache.catalina.deploy.NamingResourcesImpl@4525e9e8] to [INITIALIZED]
2026-04-26 14:02:13 DEBUG o.apache.catalina.util.LifecycleBase - Setting state for [StandardService[Tomcat]] to [INITIALIZING]
2026-04-26 14:02:13 DEBUG o.apache.catalina.util.LifecycleBase - Setting state for [StandardEngine[Tomcat]] to [INITIALIZING]
2026-04-26 14:02:13 DEBUG o.apache.catalina.util.LifecycleBase - Setting state for [StandardEngine[Tomcat]] to [INITIALIZED]
2026-04-26 14:02:13 DEBUG o.apache.catalina.util.LifecycleBase - Setting state for [org.apache.catalina.mapper.MapperListener@69aabcb0] to [INITIALIZING]
2026-04-26 14:02:13 DEBUG o.apache.catalina.util.LifecycleBase - Setting state for [org.apache.catalina.mapper.MapperListener@69aabcb0] to [INITIALIZED]
2026-04-26 14:02:13 DEBUG o.apache.catalina.util.LifecycleBase - Setting state for [Connector["http-nio-8080"]] to [INITIALIZING]
2026-04-26 14:02:13 INFO  o.a.coyote.http11.Http11NioProtocol - Initializing ProtocolHandler ["http-nio-8080"]
2026-04-26 14:02:13 DEBUG o.apache.catalina.util.LifecycleBase - Setting state for [Connector["http-nio-8080"]] to [INITIALIZED]
2026-04-26 14:02:13 DEBUG o.apache.catalina.util.LifecycleBase - Setting state for [StandardService[Tomcat]] to [INITIALIZED]
2026-04-26 14:02:13 DEBUG o.apache.catalina.util.LifecycleBase - Setting state for [StandardServer[-1]] to [INITIALIZED]
2026-04-26 14:02:13 DEBUG o.apache.catalina.util.LifecycleBase - Setting state for [StandardServer[-1]] to [STARTING_PREP]
2026-04-26 14:02:13 DEBUG o.apache.catalina.util.LifecycleBase - Setting state for [StandardServer[-1]] to [STARTING]
2026-04-26 14:02:13 DEBUG o.apache.catalina.util.LifecycleBase - Setting state for [org.apache.catalina.deploy.NamingResourcesImpl@4525e9e8] to [STARTING_PREP]
2026-04-26 14:02:13 DEBUG o.apache.catalina.util.LifecycleBase - Setting state for [org.apache.catalina.deploy.NamingResourcesImpl@4525e9e8] to [STARTING]
2026-04-26 14:02:13 DEBUG o.apache.catalina.util.LifecycleBase - Setting state for [org.apache.catalina.deploy.NamingResourcesImpl@4525e9e8] to [STARTED]
2026-04-26 14:02:13 DEBUG o.apache.catalina.util.LifecycleBase - Setting state for [StandardService[Tomcat]] to [STARTING_PREP]
2026-04-26 14:02:13 INFO  o.a.catalina.core.StandardService - Starting service [Tomcat]
2026-04-26 14:02:13 DEBUG o.apache.catalina.util.LifecycleBase - Setting state for [StandardService[Tomcat]] to [STARTING]
2026-04-26 14:02:13 DEBUG o.apache.catalina.util.LifecycleBase - Setting state for [StandardEngine[Tomcat]] to [STARTING_PREP]
2026-04-26 14:02:13 INFO  o.a.catalina.core.StandardEngine - Starting Servlet engine: [Apache Tomcat/10.1.52]
2026-04-26 14:02:13 DEBUG o.apache.catalina.util.LifecycleBase - Setting state for [SimpleRealm[StandardEngine[Tomcat]]] to [INITIALIZING]
2026-04-26 14:02:13 DEBUG o.apache.catalina.util.LifecycleBase - Setting state for [SimpleRealm[StandardEngine[Tomcat]]] to [INITIALIZED]
2026-04-26 14:02:13 DEBUG o.apache.catalina.util.LifecycleBase - Setting state for [SimpleRealm[StandardEngine[Tomcat]]] to [STARTING_PREP]
2026-04-26 14:02:13 DEBUG o.apache.catalina.util.LifecycleBase - Setting state for [SimpleRealm[StandardEngine[Tomcat]]] to [STARTING]
2026-04-26 14:02:13 DEBUG o.apache.catalina.util.LifecycleBase - Setting state for [SimpleRealm[StandardEngine[Tomcat]]] to [STARTED]
2026-04-26 14:02:13 DEBUG o.apache.catalina.util.LifecycleBase - Setting state for [StandardEngine[Tomcat].StandardHost[localhost]] to [INITIALIZING]
2026-04-26 14:02:13 DEBUG o.apache.catalina.util.LifecycleBase - Setting state for [StandardEngine[Tomcat].StandardHost[localhost]] to [INITIALIZED]
2026-04-26 14:02:13 DEBUG o.apache.catalina.util.LifecycleBase - Setting state for [StandardEngine[Tomcat].StandardHost[localhost]] to [STARTING_PREP]
2026-04-26 14:02:13 DEBUG o.apache.catalina.util.LifecycleBase - Setting state for [StandardEngine[Tomcat].StandardHost[localhost].TomcatEmbeddedContext[]] to [INITIALIZING]
2026-04-26 14:02:13 DEBUG o.apache.catalina.util.LifecycleBase - Setting state for [StandardEngine[Tomcat].StandardHost[localhost].TomcatEmbeddedContext[]] to [INITIALIZED]
2026-04-26 14:02:13 DEBUG o.apache.catalina.util.LifecycleBase - Setting state for [StandardEngine[Tomcat].StandardHost[localhost].TomcatEmbeddedContext[]] to [STARTING_PREP]
2026-04-26 14:02:13 DEBUG o.apache.catalina.util.LifecycleBase - Setting state for [org.apache.catalina.webresources.StandardRoot@2744dcae] to [INITIALIZING]
2026-04-26 14:02:13 DEBUG o.apache.catalina.util.LifecycleBase - Setting state for [org.apache.catalina.webresources.StandardRoot@2744dcae] to [INITIALIZED]
2026-04-26 14:02:13 DEBUG o.apache.catalina.util.LifecycleBase - Setting state for [org.apache.catalina.webresources.StandardRoot@2744dcae] to [STARTING_PREP]
2026-04-26 14:02:13 DEBUG o.apache.catalina.util.LifecycleBase - Setting state for [org.apache.catalina.webresources.DirResourceSet@7f977fba] to [INITIALIZING]
2026-04-26 14:02:13 DEBUG o.apache.catalina.util.LifecycleBase - Setting state for [org.apache.catalina.webresources.DirResourceSet@7f977fba] to [INITIALIZED]
2026-04-26 14:02:13 DEBUG o.apache.catalina.util.LifecycleBase - Setting state for [org.apache.catalina.webresources.DirResourceSet@7f977fba] to [STARTING_PREP]
2026-04-26 14:02:13 DEBUG o.apache.catalina.util.LifecycleBase - Setting state for [org.apache.catalina.webresources.DirResourceSet@7f977fba] to [STARTING]
2026-04-26 14:02:13 DEBUG o.apache.catalina.util.LifecycleBase - Setting state for [org.apache.catalina.webresources.DirResourceSet@7f977fba] to [STARTED]
2026-04-26 14:02:13 DEBUG o.apache.catalina.util.LifecycleBase - Setting state for [org.apache.catalina.webresources.StandardRoot@2744dcae] to [STARTING]
2026-04-26 14:02:13 DEBUG o.apache.catalina.util.LifecycleBase - Setting state for [org.apache.catalina.webresources.StandardRoot@2744dcae] to [STARTED]
2026-04-26 14:02:13 DEBUG o.apache.catalina.util.LifecycleBase - Setting state for [WebappLoader[StandardEngine[Tomcat].StandardHost[localhost].TomcatEmbeddedContext[]]] to [INITIALIZING]
2026-04-26 14:02:13 DEBUG o.apache.catalina.util.LifecycleBase - Setting state for [WebappLoader[StandardEngine[Tomcat].StandardHost[localhost].TomcatEmbeddedContext[]]] to [INITIALIZED]
2026-04-26 14:02:13 DEBUG o.apache.catalina.util.LifecycleBase - Setting state for [WebappLoader[StandardEngine[Tomcat].StandardHost[localhost].TomcatEmbeddedContext[]]] to [STARTING_PREP]
2026-04-26 14:02:13 DEBUG o.a.catalina.loader.WebappLoader - Starting this Loader
2026-04-26 14:02:13 DEBUG o.apache.catalina.webresources.Cache - Increased cache size by [531] for item [org.apache.catalina.webresources.CachedResource@1625789b] at [/WEB-INF/classes] making total cache size [531]
2026-04-26 14:02:13 DEBUG o.apache.catalina.util.LifecycleBase - Setting state for [WebappLoader[StandardEngine[Tomcat].StandardHost[localhost].TomcatEmbeddedContext[]]] to [STARTING]
2026-04-26 14:02:13 DEBUG o.apache.catalina.util.LifecycleBase - Setting state for [WebappLoader[StandardEngine[Tomcat].StandardHost[localhost].TomcatEmbeddedContext[]]] to [STARTED]
2026-04-26 14:02:13 DEBUG o.apache.catalina.util.LifecycleBase - Setting state for [StandardPipeline[StandardEngine[Tomcat].StandardHost[localhost].TomcatEmbeddedContext[]]] to [INITIALIZING]
2026-04-26 14:02:13 DEBUG o.apache.catalina.util.LifecycleBase - Setting state for [StandardPipeline[StandardEngine[Tomcat].StandardHost[localhost].TomcatEmbeddedContext[]]] to [INITIALIZED]
2026-04-26 14:02:13 DEBUG o.apache.catalina.util.LifecycleBase - Setting state for [StandardPipeline[StandardEngine[Tomcat].StandardHost[localhost].TomcatEmbeddedContext[]]] to [STARTING_PREP]
2026-04-26 14:02:13 DEBUG o.apache.catalina.util.LifecycleBase - Setting state for [NonLoginAuthenticator[StandardEngine[Tomcat].StandardHost[localhost].TomcatEmbeddedContext[]]] to [INITIALIZING]
2026-04-26 14:02:13 DEBUG o.apache.catalina.util.LifecycleBase - Setting state for [NonLoginAuthenticator[StandardEngine[Tomcat].StandardHost[localhost].TomcatEmbeddedContext[]]] to [INITIALIZED]
2026-04-26 14:02:13 DEBUG o.apache.catalina.util.LifecycleBase - Setting state for [NonLoginAuthenticator[StandardEngine[Tomcat].StandardHost[localhost].TomcatEmbeddedContext[]]] to [STARTING_PREP]
2026-04-26 14:02:13 DEBUG o.apache.catalina.util.LifecycleBase - Setting state for [NonLoginAuthenticator[StandardEngine[Tomcat].StandardHost[localhost].TomcatEmbeddedContext[]]] to [STARTING]
2026-04-26 14:02:13 DEBUG o.apache.catalina.util.LifecycleBase - Setting state for [NonLoginAuthenticator[StandardEngine[Tomcat].StandardHost[localhost].TomcatEmbeddedContext[]]] to [STARTED]
2026-04-26 14:02:13 DEBUG o.apache.catalina.util.LifecycleBase - Setting state for [StandardContextValve[StandardEngine[Tomcat].StandardHost[localhost].TomcatEmbeddedContext[]]] to [INITIALIZING]
2026-04-26 14:02:13 DEBUG o.apache.catalina.util.LifecycleBase - Setting state for [StandardContextValve[StandardEngine[Tomcat].StandardHost[localhost].TomcatEmbeddedContext[]]] to [INITIALIZED]
2026-04-26 14:02:13 DEBUG o.apache.catalina.util.LifecycleBase - Setting state for [StandardContextValve[StandardEngine[Tomcat].StandardHost[localhost].TomcatEmbeddedContext[]]] to [STARTING_PREP]
2026-04-26 14:02:13 DEBUG o.apache.catalina.util.LifecycleBase - Setting state for [StandardContextValve[StandardEngine[Tomcat].StandardHost[localhost].TomcatEmbeddedContext[]]] to [STARTING]
2026-04-26 14:02:13 DEBUG o.apache.catalina.util.LifecycleBase - Setting state for [StandardContextValve[StandardEngine[Tomcat].StandardHost[localhost].TomcatEmbeddedContext[]]] to [STARTED]
2026-04-26 14:02:13 DEBUG o.apache.catalina.util.LifecycleBase - Setting state for [StandardPipeline[StandardEngine[Tomcat].StandardHost[localhost].TomcatEmbeddedContext[]]] to [STARTING]
2026-04-26 14:02:13 DEBUG o.apache.catalina.util.LifecycleBase - Setting state for [StandardPipeline[StandardEngine[Tomcat].StandardHost[localhost].TomcatEmbeddedContext[]]] to [STARTED]
2026-04-26 14:02:13 DEBUG o.a.catalina.core.StandardContext - No manager found. Checking if cluster manager should be used. Cluster configured: [false], Application distributable: [false]
2026-04-26 14:02:13 DEBUG o.a.catalina.core.StandardContext - Configured a manager of class [org.apache.catalina.session.StandardManager]
2026-04-26 14:02:13 DEBUG o.apache.catalina.util.LifecycleBase - Setting state for [org.apache.catalina.deploy.NamingResourcesImpl@6d293993] to [INITIALIZING]
2026-04-26 14:02:13 DEBUG o.apache.catalina.util.LifecycleBase - Setting state for [org.apache.catalina.deploy.NamingResourcesImpl@6d293993] to [INITIALIZED]
2026-04-26 14:02:13 DEBUG o.apache.catalina.util.LifecycleBase - Setting state for [org.apache.catalina.deploy.NamingResourcesImpl@6d293993] to [STARTING_PREP]
2026-04-26 14:02:13 DEBUG o.apache.catalina.util.LifecycleBase - Setting state for [org.apache.catalina.deploy.NamingResourcesImpl@6d293993] to [STARTING]
2026-04-26 14:02:13 DEBUG o.apache.catalina.util.LifecycleBase - Setting state for [org.apache.catalina.deploy.NamingResourcesImpl@6d293993] to [STARTED]
2026-04-26 14:02:13 INFO  o.a.c.c.C.[Tomcat].[localhost].[/] - Initializing Spring embedded WebApplicationContext
2026-04-26 14:02:15 DEBUG o.apache.catalina.webresources.Cache - Increased cache size by [573] for item [org.apache.catalina.webresources.CachedResource@60194904] at [/WEB-INF/classes/hibernate.properties] making total cache size [1104]
2026-04-26 14:02:16 DEBUG o.apache.catalina.webresources.Cache - Increased cache size by [579] for item [org.apache.catalina.webresources.CachedResource@265c0752] at [/WEB-INF/classes/META-INF/validation.xml] making total cache size [1683]
2026-04-26 14:02:18 DEBUG o.apache.catalina.core.ContainerBase - Add container child [StandardWrapper[dispatcherServlet]] to container [StandardEngine[Tomcat].StandardHost[localhost].TomcatEmbeddedContext[]]
2026-04-26 14:02:18 DEBUG o.apache.catalina.util.LifecycleBase - Setting state for [StandardEngine[Tomcat].StandardHost[localhost].TomcatEmbeddedContext[].StandardWrapper[dispatcherServlet]] to [INITIALIZING]
2026-04-26 14:02:18 DEBUG o.apache.catalina.util.LifecycleBase - Setting state for [StandardEngine[Tomcat].StandardHost[localhost].TomcatEmbeddedContext[].StandardWrapper[dispatcherServlet]] to [INITIALIZED]
2026-04-26 14:02:18 DEBUG o.apache.catalina.util.LifecycleBase - Setting state for [StandardEngine[Tomcat].StandardHost[localhost].TomcatEmbeddedContext[].StandardWrapper[dispatcherServlet]] to [STARTING_PREP]
2026-04-26 14:02:18 DEBUG o.apache.catalina.util.LifecycleBase - Setting state for [StandardPipeline[StandardEngine[Tomcat].StandardHost[localhost].TomcatEmbeddedContext[].StandardWrapper[dispatcherServlet]]] to [INITIALIZING]
2026-04-26 14:02:18 DEBUG o.apache.catalina.util.LifecycleBase - Setting state for [StandardPipeline[StandardEngine[Tomcat].StandardHost[localhost].TomcatEmbeddedContext[].StandardWrapper[dispatcherServlet]]] to [INITIALIZED]
2026-04-26 14:02:18 DEBUG o.apache.catalina.util.LifecycleBase - Setting state for [StandardPipeline[StandardEngine[Tomcat].StandardHost[localhost].TomcatEmbeddedContext[].StandardWrapper[dispatcherServlet]]] to [STARTING_PREP]
2026-04-26 14:02:18 DEBUG o.apache.catalina.util.LifecycleBase - Setting state for [StandardWrapperValve[StandardEngine[Tomcat].StandardHost[localhost].TomcatEmbeddedContext[].StandardWrapper[dispatcherServlet]]] to [INITIALIZING]
2026-04-26 14:02:18 DEBUG o.apache.catalina.util.LifecycleBase - Setting state for [StandardWrapperValve[StandardEngine[Tomcat].StandardHost[localhost].TomcatEmbeddedContext[].StandardWrapper[dispatcherServlet]]] to [INITIALIZED]
2026-04-26 14:02:18 DEBUG o.apache.catalina.util.LifecycleBase - Setting state for [StandardWrapperValve[StandardEngine[Tomcat].StandardHost[localhost].TomcatEmbeddedContext[].StandardWrapper[dispatcherServlet]]] to [STARTING_PREP]
2026-04-26 14:02:18 DEBUG o.apache.catalina.util.LifecycleBase - Setting state for [StandardWrapperValve[StandardEngine[Tomcat].StandardHost[localhost].TomcatEmbeddedContext[].StandardWrapper[dispatcherServlet]]] to [STARTING]
2026-04-26 14:02:18 DEBUG o.apache.catalina.util.LifecycleBase - Setting state for [StandardWrapperValve[StandardEngine[Tomcat].StandardHost[localhost].TomcatEmbeddedContext[].StandardWrapper[dispatcherServlet]]] to [STARTED]
2026-04-26 14:02:18 DEBUG o.apache.catalina.util.LifecycleBase - Setting state for [StandardPipeline[StandardEngine[Tomcat].StandardHost[localhost].TomcatEmbeddedContext[].StandardWrapper[dispatcherServlet]]] to [STARTING]
2026-04-26 14:02:18 DEBUG o.apache.catalina.util.LifecycleBase - Setting state for [StandardPipeline[StandardEngine[Tomcat].StandardHost[localhost].TomcatEmbeddedContext[].StandardWrapper[dispatcherServlet]]] to [STARTED]
2026-04-26 14:02:18 DEBUG o.apache.catalina.util.LifecycleBase - Setting state for [StandardEngine[Tomcat].StandardHost[localhost].TomcatEmbeddedContext[].StandardWrapper[dispatcherServlet]] to [STARTING]
2026-04-26 14:02:18 DEBUG o.apache.catalina.util.LifecycleBase - Setting state for [StandardEngine[Tomcat].StandardHost[localhost].TomcatEmbeddedContext[].StandardWrapper[dispatcherServlet]] to [STARTED]
2026-04-26 14:02:18 DEBUG o.apache.catalina.util.LifecycleBase - Setting state for [StandardManager[StandardEngine[Tomcat].StandardHost[localhost].TomcatEmbeddedContext[]]] to [INITIALIZING]
2026-04-26 14:02:18 DEBUG o.apache.catalina.util.LifecycleBase - Setting state for [StandardManager[StandardEngine[Tomcat].StandardHost[localhost].TomcatEmbeddedContext[]]] to [INITIALIZED]
2026-04-26 14:02:18 DEBUG o.apache.catalina.util.LifecycleBase - Setting state for [StandardManager[StandardEngine[Tomcat].StandardHost[localhost].TomcatEmbeddedContext[]]] to [STARTING_PREP]
2026-04-26 14:02:18 DEBUG o.apache.catalina.util.LifecycleBase - Setting state for [org.springframework.boot.web.embedded.tomcat.LazySessionIdGenerator@3d5009c0] to [INITIALIZING]
2026-04-26 14:02:18 DEBUG o.apache.catalina.util.LifecycleBase - Setting state for [org.springframework.boot.web.embedded.tomcat.LazySessionIdGenerator@3d5009c0] to [INITIALIZED]
2026-04-26 14:02:18 DEBUG o.apache.catalina.util.LifecycleBase - Setting state for [org.springframework.boot.web.embedded.tomcat.LazySessionIdGenerator@3d5009c0] to [STARTING_PREP]
2026-04-26 14:02:18 DEBUG o.apache.catalina.util.LifecycleBase - Setting state for [org.springframework.boot.web.embedded.tomcat.LazySessionIdGenerator@3d5009c0] to [STARTING]
2026-04-26 14:02:18 DEBUG o.apache.catalina.util.LifecycleBase - Setting state for [org.springframework.boot.web.embedded.tomcat.LazySessionIdGenerator@3d5009c0] to [STARTED]
2026-04-26 14:02:18 DEBUG o.apache.catalina.util.LifecycleBase - Setting state for [StandardManager[StandardEngine[Tomcat].StandardHost[localhost].TomcatEmbeddedContext[]]] to [STARTING]
2026-04-26 14:02:18 DEBUG o.apache.catalina.util.LifecycleBase - Setting state for [StandardManager[StandardEngine[Tomcat].StandardHost[localhost].TomcatEmbeddedContext[]]] to [STARTED]
2026-04-26 14:02:18 DEBUG o.apache.catalina.util.LifecycleBase - Setting state for [StandardEngine[Tomcat].StandardHost[localhost].TomcatEmbeddedContext[]] to [STARTING]
2026-04-26 14:02:18 DEBUG o.apache.catalina.util.LifecycleBase - Setting state for [StandardEngine[Tomcat].StandardHost[localhost].TomcatEmbeddedContext[]] to [STARTED]
2026-04-26 14:02:18 DEBUG o.apache.catalina.util.LifecycleBase - Setting state for [StandardPipeline[StandardEngine[Tomcat].StandardHost[localhost]]] to [INITIALIZING]
2026-04-26 14:02:18 DEBUG o.apache.catalina.util.LifecycleBase - Setting state for [StandardPipeline[StandardEngine[Tomcat].StandardHost[localhost]]] to [INITIALIZED]
2026-04-26 14:02:18 DEBUG o.apache.catalina.util.LifecycleBase - Setting state for [StandardPipeline[StandardEngine[Tomcat].StandardHost[localhost]]] to [STARTING_PREP]
2026-04-26 14:02:18 DEBUG o.apache.catalina.util.LifecycleBase - Setting state for [ErrorReportValve[StandardEngine[Tomcat].StandardHost[localhost]]] to [INITIALIZING]
2026-04-26 14:02:18 DEBUG o.apache.catalina.util.LifecycleBase - Setting state for [ErrorReportValve[StandardEngine[Tomcat].StandardHost[localhost]]] to [INITIALIZED]
2026-04-26 14:02:18 DEBUG o.apache.catalina.util.LifecycleBase - Setting state for [ErrorReportValve[StandardEngine[Tomcat].StandardHost[localhost]]] to [STARTING_PREP]
2026-04-26 14:02:18 DEBUG o.apache.catalina.util.LifecycleBase - Setting state for [ErrorReportValve[StandardEngine[Tomcat].StandardHost[localhost]]] to [STARTING]
2026-04-26 14:02:18 DEBUG o.apache.catalina.util.LifecycleBase - Setting state for [ErrorReportValve[StandardEngine[Tomcat].StandardHost[localhost]]] to [STARTED]
2026-04-26 14:02:18 DEBUG o.apache.catalina.util.LifecycleBase - Setting state for [StandardHostValve[StandardEngine[Tomcat].StandardHost[localhost]]] to [INITIALIZING]
2026-04-26 14:02:18 DEBUG o.apache.catalina.util.LifecycleBase - Setting state for [StandardHostValve[StandardEngine[Tomcat].StandardHost[localhost]]] to [INITIALIZED]
2026-04-26 14:02:18 DEBUG o.apache.catalina.util.LifecycleBase - Setting state for [StandardHostValve[StandardEngine[Tomcat].StandardHost[localhost]]] to [STARTING_PREP]
2026-04-26 14:02:18 DEBUG o.apache.catalina.util.LifecycleBase - Setting state for [StandardHostValve[StandardEngine[Tomcat].StandardHost[localhost]]] to [STARTING]
2026-04-26 14:02:18 DEBUG o.apache.catalina.util.LifecycleBase - Setting state for [StandardHostValve[StandardEngine[Tomcat].StandardHost[localhost]]] to [STARTED]
2026-04-26 14:02:18 DEBUG o.apache.catalina.util.LifecycleBase - Setting state for [StandardPipeline[StandardEngine[Tomcat].StandardHost[localhost]]] to [STARTING]
2026-04-26 14:02:18 DEBUG o.apache.catalina.util.LifecycleBase - Setting state for [StandardPipeline[StandardEngine[Tomcat].StandardHost[localhost]]] to [STARTED]
2026-04-26 14:02:18 DEBUG o.apache.catalina.util.LifecycleBase - Setting state for [StandardEngine[Tomcat].StandardHost[localhost]] to [STARTING]
2026-04-26 14:02:18 DEBUG o.apache.catalina.util.LifecycleBase - Setting state for [StandardEngine[Tomcat].StandardHost[localhost]] to [STARTED]
2026-04-26 14:02:18 DEBUG o.apache.catalina.util.LifecycleBase - Setting state for [StandardPipeline[StandardEngine[Tomcat]]] to [INITIALIZING]
2026-04-26 14:02:18 DEBUG o.apache.catalina.util.LifecycleBase - Setting state for [StandardPipeline[StandardEngine[Tomcat]]] to [INITIALIZED]
2026-04-26 14:02:18 DEBUG o.apache.catalina.util.LifecycleBase - Setting state for [StandardPipeline[StandardEngine[Tomcat]]] to [STARTING_PREP]
2026-04-26 14:02:18 DEBUG o.apache.catalina.util.LifecycleBase - Setting state for [StandardEngineValve[StandardEngine[Tomcat]]] to [INITIALIZING]
2026-04-26 14:02:18 DEBUG o.apache.catalina.util.LifecycleBase - Setting state for [StandardEngineValve[StandardEngine[Tomcat]]] to [INITIALIZED]
2026-04-26 14:02:18 DEBUG o.apache.catalina.util.LifecycleBase - Setting state for [StandardEngineValve[StandardEngine[Tomcat]]] to [STARTING_PREP]
2026-04-26 14:02:18 DEBUG o.apache.catalina.util.LifecycleBase - Setting state for [StandardEngineValve[StandardEngine[Tomcat]]] to [STARTING]
2026-04-26 14:02:18 DEBUG o.apache.catalina.util.LifecycleBase - Setting state for [StandardEngineValve[StandardEngine[Tomcat]]] to [STARTED]
2026-04-26 14:02:18 DEBUG o.apache.catalina.util.LifecycleBase - Setting state for [StandardPipeline[StandardEngine[Tomcat]]] to [STARTING]
2026-04-26 14:02:18 DEBUG o.apache.catalina.util.LifecycleBase - Setting state for [StandardPipeline[StandardEngine[Tomcat]]] to [STARTED]
2026-04-26 14:02:18 DEBUG o.apache.catalina.util.LifecycleBase - Setting state for [StandardEngine[Tomcat]] to [STARTING]
2026-04-26 14:02:18 DEBUG o.apache.catalina.util.LifecycleBase - Setting state for [StandardEngine[Tomcat]] to [STARTED]
2026-04-26 14:02:18 DEBUG o.apache.catalina.util.LifecycleBase - Setting state for [org.apache.catalina.mapper.MapperListener@69aabcb0] to [STARTING_PREP]
2026-04-26 14:02:18 DEBUG o.apache.catalina.util.LifecycleBase - Setting state for [org.apache.catalina.mapper.MapperListener@69aabcb0] to [STARTING]
2026-04-26 14:02:18 DEBUG org.apache.catalina.mapper.Mapper - Registered host [localhost]
2026-04-26 14:02:18 DEBUG o.a.catalina.mapper.MapperListener - Register Wrapper [dispatcherServlet] in Context [] for service [StandardService[Tomcat]]
2026-04-26 14:02:18 DEBUG o.a.catalina.mapper.MapperListener - Register Context [] for service [StandardService[Tomcat]]
2026-04-26 14:02:18 DEBUG o.a.catalina.mapper.MapperListener - Register host [localhost] at domain [null] for service [StandardService[Tomcat]]
2026-04-26 14:02:18 DEBUG o.apache.catalina.util.LifecycleBase - Setting state for [org.apache.catalina.mapper.MapperListener@69aabcb0] to [STARTED]
2026-04-26 14:02:18 DEBUG o.apache.catalina.util.LifecycleBase - Setting state for [StandardService[Tomcat]] to [STARTED]
2026-04-26 14:02:18 DEBUG o.apache.catalina.util.LifecycleBase - Setting state for [StandardServer[-1]] to [STARTED]
2026-04-26 14:02:18 DEBUG o.apache.catalina.webresources.Cache - Increased cache size by [521] for item [org.apache.catalina.webresources.CachedResource@4b548913] at [/index.html] making total cache size [2204]
2026-04-26 14:02:18 DEBUG o.apache.catalina.webresources.Cache - Increased cache size by [501] for item [org.apache.catalina.webresources.CachedResource@2c841ac4] at [/] making total cache size [2705]
2026-04-26 14:02:19 DEBUG o.apache.catalina.util.LifecycleBase - Setting state for [StandardServer[-1]] to [STOPPING_PREP]
2026-04-26 14:02:19 DEBUG o.apache.catalina.util.LifecycleBase - Setting state for [StandardServer[-1]] to [STOPPING]
2026-04-26 14:02:19 DEBUG o.apache.catalina.util.LifecycleBase - Setting state for [StandardService[Tomcat]] to [STOPPING_PREP]
2026-04-26 14:02:19 INFO  o.a.catalina.core.StandardService - Stopping service [Tomcat]
2026-04-26 14:02:19 DEBUG o.apache.catalina.util.LifecycleBase - Setting state for [StandardService[Tomcat]] to [STOPPING]
2026-04-26 14:02:19 DEBUG o.apache.catalina.util.LifecycleBase - Setting state for [StandardEngine[Tomcat]] to [STOPPING_PREP]
2026-04-26 14:02:19 DEBUG o.apache.catalina.util.LifecycleBase - Setting state for [StandardEngine[Tomcat]] to [STOPPING]
2026-04-26 14:02:19 DEBUG o.apache.catalina.util.LifecycleBase - Setting state for [StandardPipeline[StandardEngine[Tomcat]]] to [STOPPING_PREP]
2026-04-26 14:02:19 DEBUG o.apache.catalina.util.LifecycleBase - Setting state for [StandardPipeline[StandardEngine[Tomcat]]] to [STOPPING]
2026-04-26 14:02:19 DEBUG o.apache.catalina.util.LifecycleBase - Setting state for [StandardEngineValve[StandardEngine[Tomcat]]] to [STOPPING_PREP]
2026-04-26 14:02:19 DEBUG o.apache.catalina.util.LifecycleBase - Setting state for [StandardEngineValve[StandardEngine[Tomcat]]] to [STOPPING]
2026-04-26 14:02:19 DEBUG o.apache.catalina.util.LifecycleBase - Setting state for [StandardEngineValve[StandardEngine[Tomcat]]] to [STOPPED]
2026-04-26 14:02:19 DEBUG o.apache.catalina.util.LifecycleBase - Setting state for [StandardPipeline[StandardEngine[Tomcat]]] to [STOPPED]
2026-04-26 14:02:19 DEBUG o.apache.catalina.util.LifecycleBase - Setting state for [StandardEngine[Tomcat].StandardHost[localhost]] to [STOPPING_PREP]
2026-04-26 14:02:19 DEBUG o.a.catalina.mapper.MapperListener - Unregister host [localhost] at domain [null] for service [StandardService[Tomcat]]
2026-04-26 14:02:19 DEBUG o.apache.catalina.util.LifecycleBase - Setting state for [StandardEngine[Tomcat].StandardHost[localhost]] to [STOPPING]
2026-04-26 14:02:19 DEBUG o.apache.catalina.util.LifecycleBase - Setting state for [StandardPipeline[StandardEngine[Tomcat].StandardHost[localhost]]] to [STOPPING_PREP]
2026-04-26 14:02:19 DEBUG o.apache.catalina.util.LifecycleBase - Setting state for [StandardPipeline[StandardEngine[Tomcat].StandardHost[localhost]]] to [STOPPING]
2026-04-26 14:02:19 DEBUG o.apache.catalina.util.LifecycleBase - Setting state for [ErrorReportValve[StandardEngine[Tomcat].StandardHost[localhost]]] to [STOPPING_PREP]
2026-04-26 14:02:19 DEBUG o.apache.catalina.util.LifecycleBase - Setting state for [ErrorReportValve[StandardEngine[Tomcat].StandardHost[localhost]]] to [STOPPING]
2026-04-26 14:02:19 DEBUG o.apache.catalina.util.LifecycleBase - Setting state for [ErrorReportValve[StandardEngine[Tomcat].StandardHost[localhost]]] to [STOPPED]
2026-04-26 14:02:19 DEBUG o.apache.catalina.util.LifecycleBase - Setting state for [StandardHostValve[StandardEngine[Tomcat].StandardHost[localhost]]] to [STOPPING_PREP]
2026-04-26 14:02:19 DEBUG o.apache.catalina.util.LifecycleBase - Setting state for [StandardHostValve[StandardEngine[Tomcat].StandardHost[localhost]]] to [STOPPING]
2026-04-26 14:02:19 DEBUG o.apache.catalina.util.LifecycleBase - Setting state for [StandardHostValve[StandardEngine[Tomcat].StandardHost[localhost]]] to [STOPPED]
2026-04-26 14:02:19 DEBUG o.apache.catalina.util.LifecycleBase - Setting state for [StandardPipeline[StandardEngine[Tomcat].StandardHost[localhost]]] to [STOPPED]
2026-04-26 14:02:19 DEBUG o.apache.catalina.util.LifecycleBase - Setting state for [StandardEngine[Tomcat].StandardHost[localhost].TomcatEmbeddedContext[]] to [STOPPING_PREP]
2026-04-26 14:02:19 DEBUG o.a.catalina.mapper.MapperListener - Unregister Context [] for service [StandardService[Tomcat]]
2026-04-26 14:02:19 DEBUG o.apache.catalina.util.LifecycleBase - Setting state for [StandardEngine[Tomcat].StandardHost[localhost].TomcatEmbeddedContext[]] to [STOPPING]
2026-04-26 14:02:19 DEBUG o.apache.catalina.util.LifecycleBase - Setting state for [StandardEngine[Tomcat].StandardHost[localhost].TomcatEmbeddedContext[].StandardWrapper[dispatcherServlet]] to [STOPPING_PREP]
2026-04-26 14:02:19 DEBUG o.a.catalina.mapper.MapperListener - Unregister Wrapper [dispatcherServlet] in Context [] for service [StandardService[Tomcat]]
2026-04-26 14:02:19 DEBUG o.apache.catalina.util.LifecycleBase - Setting state for [StandardEngine[Tomcat].StandardHost[localhost].TomcatEmbeddedContext[].StandardWrapper[dispatcherServlet]] to [STOPPING]
2026-04-26 14:02:19 DEBUG o.apache.catalina.util.LifecycleBase - Setting state for [StandardPipeline[StandardEngine[Tomcat].StandardHost[localhost].TomcatEmbeddedContext[].StandardWrapper[dispatcherServlet]]] to [STOPPING_PREP]
2026-04-26 14:02:19 DEBUG o.apache.catalina.util.LifecycleBase - Setting state for [StandardPipeline[StandardEngine[Tomcat].StandardHost[localhost].TomcatEmbeddedContext[].StandardWrapper[dispatcherServlet]]] to [STOPPING]
2026-04-26 14:02:19 DEBUG o.apache.catalina.util.LifecycleBase - Setting state for [StandardWrapperValve[StandardEngine[Tomcat].StandardHost[localhost].TomcatEmbeddedContext[].StandardWrapper[dispatcherServlet]]] to [STOPPING_PREP]
2026-04-26 14:02:19 DEBUG o.apache.catalina.util.LifecycleBase - Setting state for [StandardWrapperValve[StandardEngine[Tomcat].StandardHost[localhost].TomcatEmbeddedContext[].StandardWrapper[dispatcherServlet]]] to [STOPPING]
2026-04-26 14:02:19 DEBUG o.apache.catalina.util.LifecycleBase - Setting state for [StandardWrapperValve[StandardEngine[Tomcat].StandardHost[localhost].TomcatEmbeddedContext[].StandardWrapper[dispatcherServlet]]] to [STOPPED]
2026-04-26 14:02:19 DEBUG o.apache.catalina.util.LifecycleBase - Setting state for [StandardPipeline[StandardEngine[Tomcat].StandardHost[localhost].TomcatEmbeddedContext[].StandardWrapper[dispatcherServlet]]] to [STOPPED]
2026-04-26 14:02:19 DEBUG o.apache.catalina.util.LifecycleBase - Setting state for [StandardEngine[Tomcat].StandardHost[localhost].TomcatEmbeddedContext[].StandardWrapper[dispatcherServlet]] to [STOPPED]
2026-04-26 14:02:19 DEBUG o.a.c.core.ApplicationFilterConfig - JMX de-registration complete for filter of type [org.springframework.boot.web.servlet.filter.OrderedRequestContextFilter] and name [requestContextFilter]
2026-04-26 14:02:19 DEBUG o.a.c.core.ApplicationFilterConfig - JMX de-registration complete for filter of type [gr.aueb.cf.eduapp.security.JwtAuthenticationFilter] and name [jwtAuthenticationFilter]
2026-04-26 14:02:19 DEBUG o.a.c.core.ApplicationFilterConfig - JMX de-registration complete for filter of type [org.apache.tomcat.websocket.server.WsFilter] and name [Tomcat WebSocket (JSR356) Filter]
2026-04-26 14:02:19 DEBUG o.a.c.core.ApplicationFilterConfig - JMX de-registration complete for filter of type [org.springframework.boot.web.servlet.filter.OrderedCharacterEncodingFilter] and name [characterEncodingFilter]
2026-04-26 14:02:19 DEBUG o.a.c.core.ApplicationFilterConfig - JMX de-registration complete for filter of type [org.springframework.boot.web.servlet.DelegatingFilterProxyRegistrationBean$1] and name [springSecurityFilterChain]
2026-04-26 14:02:19 DEBUG o.a.c.core.ApplicationFilterConfig - JMX de-registration complete for filter of type [org.springframework.boot.web.servlet.filter.OrderedFormContentFilter] and name [formContentFilter]
2026-04-26 14:02:19 DEBUG o.apache.catalina.util.LifecycleBase - Setting state for [StandardManager[StandardEngine[Tomcat].StandardHost[localhost].TomcatEmbeddedContext[]]] to [STOPPING_PREP]
2026-04-26 14:02:19 DEBUG o.apache.catalina.util.LifecycleBase - Setting state for [StandardManager[StandardEngine[Tomcat].StandardHost[localhost].TomcatEmbeddedContext[]]] to [STOPPING]
2026-04-26 14:02:19 DEBUG o.a.catalina.session.StandardManager - No persisted sessions to unload
2026-04-26 14:02:19 DEBUG o.apache.catalina.util.LifecycleBase - Setting state for [org.springframework.boot.web.embedded.tomcat.LazySessionIdGenerator@3d5009c0] to [STOPPING_PREP]
2026-04-26 14:02:19 DEBUG o.apache.catalina.util.LifecycleBase - Setting state for [org.springframework.boot.web.embedded.tomcat.LazySessionIdGenerator@3d5009c0] to [STOPPING]
2026-04-26 14:02:19 DEBUG o.apache.catalina.util.LifecycleBase - Setting state for [org.springframework.boot.web.embedded.tomcat.LazySessionIdGenerator@3d5009c0] to [STOPPED]
2026-04-26 14:02:19 DEBUG o.apache.catalina.util.LifecycleBase - Setting state for [StandardManager[StandardEngine[Tomcat].StandardHost[localhost].TomcatEmbeddedContext[]]] to [STOPPED]
2026-04-26 14:02:19 DEBUG o.apache.catalina.util.LifecycleBase - Setting state for [org.apache.catalina.deploy.NamingResourcesImpl@6d293993] to [STOPPING_PREP]
2026-04-26 14:02:19 DEBUG o.apache.catalina.util.LifecycleBase - Setting state for [org.apache.catalina.deploy.NamingResourcesImpl@6d293993] to [STOPPING]
2026-04-26 14:02:19 DEBUG o.apache.catalina.util.LifecycleBase - Setting state for [org.apache.catalina.deploy.NamingResourcesImpl@6d293993] to [STOPPED]
2026-04-26 14:02:19 DEBUG o.apache.catalina.util.LifecycleBase - Setting state for [StandardPipeline[StandardEngine[Tomcat].StandardHost[localhost].TomcatEmbeddedContext[]]] to [STOPPING_PREP]
2026-04-26 14:02:19 DEBUG o.apache.catalina.util.LifecycleBase - Setting state for [StandardPipeline[StandardEngine[Tomcat].StandardHost[localhost].TomcatEmbeddedContext[]]] to [STOPPING]
2026-04-26 14:02:19 DEBUG o.apache.catalina.util.LifecycleBase - Setting state for [NonLoginAuthenticator[StandardEngine[Tomcat].StandardHost[localhost].TomcatEmbeddedContext[]]] to [STOPPING_PREP]
2026-04-26 14:02:19 DEBUG o.apache.catalina.util.LifecycleBase - Setting state for [NonLoginAuthenticator[StandardEngine[Tomcat].StandardHost[localhost].TomcatEmbeddedContext[]]] to [STOPPING]
2026-04-26 14:02:19 DEBUG o.apache.catalina.util.LifecycleBase - Setting state for [NonLoginAuthenticator[StandardEngine[Tomcat].StandardHost[localhost].TomcatEmbeddedContext[]]] to [STOPPED]
2026-04-26 14:02:19 DEBUG o.apache.catalina.util.LifecycleBase - Setting state for [StandardContextValve[StandardEngine[Tomcat].StandardHost[localhost].TomcatEmbeddedContext[]]] to [STOPPING_PREP]
2026-04-26 14:02:19 DEBUG o.apache.catalina.util.LifecycleBase - Setting state for [StandardContextValve[StandardEngine[Tomcat].StandardHost[localhost].TomcatEmbeddedContext[]]] to [STOPPING]
2026-04-26 14:02:19 DEBUG o.apache.catalina.util.LifecycleBase - Setting state for [StandardContextValve[StandardEngine[Tomcat].StandardHost[localhost].TomcatEmbeddedContext[]]] to [STOPPED]
2026-04-26 14:02:19 DEBUG o.apache.catalina.util.LifecycleBase - Setting state for [StandardPipeline[StandardEngine[Tomcat].StandardHost[localhost].TomcatEmbeddedContext[]]] to [STOPPED]
2026-04-26 14:02:19 DEBUG o.apache.catalina.util.LifecycleBase - Setting state for [WebappLoader[StandardEngine[Tomcat].StandardHost[localhost].TomcatEmbeddedContext[]]] to [STOPPING_PREP]
2026-04-26 14:02:19 DEBUG o.a.catalina.loader.WebappLoader - Stopping this Loader
2026-04-26 14:02:19 DEBUG o.apache.catalina.util.LifecycleBase - Setting state for [WebappLoader[StandardEngine[Tomcat].StandardHost[localhost].TomcatEmbeddedContext[]]] to [STOPPING]
2026-04-26 14:02:19 DEBUG o.apache.catalina.util.LifecycleBase - Setting state for [WebappLoader[StandardEngine[Tomcat].StandardHost[localhost].TomcatEmbeddedContext[]]] to [STOPPED]
2026-04-26 14:02:19 DEBUG o.apache.catalina.util.LifecycleBase - Setting state for [org.apache.catalina.webresources.StandardRoot@2744dcae] to [STOPPING_PREP]
2026-04-26 14:02:19 DEBUG o.apache.catalina.util.LifecycleBase - Setting state for [org.apache.catalina.webresources.DirResourceSet@7f977fba] to [STOPPING_PREP]
2026-04-26 14:02:19 DEBUG o.apache.catalina.util.LifecycleBase - Setting state for [org.apache.catalina.webresources.DirResourceSet@7f977fba] to [STOPPING]
2026-04-26 14:02:19 DEBUG o.apache.catalina.util.LifecycleBase - Setting state for [org.apache.catalina.webresources.DirResourceSet@7f977fba] to [STOPPED]
2026-04-26 14:02:19 DEBUG o.apache.catalina.util.LifecycleBase - Setting state for [org.apache.catalina.webresources.DirResourceSet@7f977fba] to [DESTROYING]
2026-04-26 14:02:19 DEBUG o.apache.catalina.util.LifecycleBase - Setting state for [org.apache.catalina.webresources.DirResourceSet@7f977fba] to [DESTROYED]
2026-04-26 14:02:19 DEBUG o.apache.catalina.util.LifecycleBase - Setting state for [org.apache.catalina.webresources.StandardRoot@2744dcae] to [STOPPING]
2026-04-26 14:02:19 DEBUG o.apache.catalina.util.LifecycleBase - Setting state for [org.apache.catalina.webresources.StandardRoot@2744dcae] to [STOPPED]
2026-04-26 14:02:19 DEBUG o.apache.catalina.util.LifecycleBase - Setting state for [StandardEngine[Tomcat].StandardHost[localhost].TomcatEmbeddedContext[].StandardWrapper[dispatcherServlet]] to [DESTROYING]
2026-04-26 14:02:19 DEBUG o.apache.catalina.util.LifecycleBase - Setting state for [StandardPipeline[StandardEngine[Tomcat].StandardHost[localhost].TomcatEmbeddedContext[].StandardWrapper[dispatcherServlet]]] to [DESTROYING]
2026-04-26 14:02:19 DEBUG o.apache.catalina.util.LifecycleBase - Setting state for [StandardWrapperValve[Container is null]] to [DESTROYING]
2026-04-26 14:02:19 DEBUG o.apache.catalina.util.LifecycleBase - Setting state for [StandardWrapperValve[Container is null]] to [DESTROYED]
2026-04-26 14:02:19 DEBUG o.apache.catalina.util.LifecycleBase - Setting state for [StandardPipeline[StandardEngine[Tomcat].StandardHost[localhost].TomcatEmbeddedContext[].StandardWrapper[dispatcherServlet]]] to [DESTROYED]
2026-04-26 14:02:19 DEBUG o.apache.catalina.util.LifecycleBase - Setting state for [StandardEngine[Tomcat].StandardHost[localhost].TomcatEmbeddedContext[].StandardWrapper[dispatcherServlet]] to [DESTROYED]
2026-04-26 14:02:19 DEBUG o.apache.catalina.util.LifecycleBase - Setting state for [StandardEngine[Tomcat].StandardHost[localhost].TomcatEmbeddedContext[]] to [STOPPED]
2026-04-26 14:02:19 DEBUG o.apache.catalina.util.LifecycleBase - Setting state for [StandardEngine[Tomcat].StandardHost[localhost]] to [STOPPED]
2026-04-26 14:02:19 DEBUG o.apache.catalina.util.LifecycleBase - Setting state for [SimpleRealm[StandardEngine[Tomcat]]] to [STOPPING_PREP]
2026-04-26 14:02:19 DEBUG o.apache.catalina.util.LifecycleBase - Setting state for [SimpleRealm[StandardEngine[Tomcat]]] to [STOPPING]
2026-04-26 14:02:19 DEBUG o.apache.catalina.util.LifecycleBase - Setting state for [SimpleRealm[StandardEngine[Tomcat]]] to [STOPPED]
2026-04-26 14:02:19 DEBUG o.apache.catalina.util.LifecycleBase - Setting state for [StandardEngine[Tomcat]] to [STOPPED]
2026-04-26 14:02:19 DEBUG o.apache.catalina.util.LifecycleBase - Setting state for [org.apache.catalina.mapper.MapperListener@69aabcb0] to [STOPPING_PREP]
2026-04-26 14:02:19 DEBUG o.apache.catalina.util.LifecycleBase - Setting state for [org.apache.catalina.mapper.MapperListener@69aabcb0] to [STOPPING]
2026-04-26 14:02:19 DEBUG o.apache.catalina.util.LifecycleBase - Setting state for [org.apache.catalina.mapper.MapperListener@69aabcb0] to [STOPPED]
2026-04-26 14:02:19 DEBUG o.apache.catalina.util.LifecycleBase - Setting state for [StandardService[Tomcat]] to [STOPPED]
2026-04-26 14:02:19 DEBUG o.apache.catalina.util.LifecycleBase - Setting state for [org.apache.catalina.deploy.NamingResourcesImpl@4525e9e8] to [STOPPING_PREP]
2026-04-26 14:02:19 DEBUG o.apache.catalina.util.LifecycleBase - Setting state for [org.apache.catalina.deploy.NamingResourcesImpl@4525e9e8] to [STOPPING]
2026-04-26 14:02:19 DEBUG o.apache.catalina.util.LifecycleBase - Setting state for [org.apache.catalina.deploy.NamingResourcesImpl@4525e9e8] to [STOPPED]
2026-04-26 14:02:19 DEBUG o.apache.catalina.util.LifecycleBase - Setting state for [StandardServer[-1]] to [STOPPED]
2026-04-26 14:02:19 DEBUG o.apache.catalina.util.LifecycleBase - Setting state for [StandardServer[-1]] to [DESTROYING]
2026-04-26 14:02:19 DEBUG o.apache.catalina.util.LifecycleBase - Setting state for [StandardService[Tomcat]] to [DESTROYING]
2026-04-26 14:02:19 DEBUG o.apache.catalina.util.LifecycleBase - Setting state for [org.apache.catalina.mapper.MapperListener@69aabcb0] to [DESTROYING]
2026-04-26 14:02:19 DEBUG o.apache.catalina.util.LifecycleBase - Setting state for [org.apache.catalina.mapper.MapperListener@69aabcb0] to [DESTROYED]
2026-04-26 14:02:19 DEBUG o.apache.catalina.util.LifecycleBase - Setting state for [StandardEngine[Tomcat]] to [DESTROYING]
2026-04-26 14:02:19 DEBUG o.apache.catalina.util.LifecycleBase - Setting state for [SimpleRealm[StandardEngine[Tomcat]]] to [DESTROYING]
2026-04-26 14:02:19 DEBUG o.apache.catalina.util.LifecycleBase - Setting state for [SimpleRealm[StandardEngine[Tomcat]]] to [DESTROYED]
2026-04-26 14:02:19 DEBUG o.apache.catalina.util.LifecycleBase - Setting state for [StandardPipeline[StandardEngine[Tomcat]]] to [DESTROYING]
2026-04-26 14:02:19 DEBUG o.apache.catalina.util.LifecycleBase - Setting state for [StandardEngineValve[Container is null]] to [DESTROYING]
2026-04-26 14:02:19 DEBUG o.apache.catalina.util.LifecycleBase - Setting state for [StandardEngineValve[Container is null]] to [DESTROYED]
2026-04-26 14:02:19 DEBUG o.apache.catalina.util.LifecycleBase - Setting state for [StandardPipeline[StandardEngine[Tomcat]]] to [DESTROYED]
2026-04-26 14:02:19 DEBUG o.apache.catalina.util.LifecycleBase - Setting state for [StandardEngine[Tomcat].StandardHost[localhost]] to [DESTROYING]
2026-04-26 14:02:19 DEBUG o.apache.catalina.util.LifecycleBase - Setting state for [StandardPipeline[StandardEngine[Tomcat].StandardHost[localhost]]] to [DESTROYING]
2026-04-26 14:02:19 DEBUG o.apache.catalina.util.LifecycleBase - Setting state for [ErrorReportValve[Container is null]] to [DESTROYING]
2026-04-26 14:02:19 DEBUG o.apache.catalina.util.LifecycleBase - Setting state for [ErrorReportValve[Container is null]] to [DESTROYED]
2026-04-26 14:02:19 DEBUG o.apache.catalina.util.LifecycleBase - Setting state for [StandardHostValve[Container is null]] to [DESTROYING]
2026-04-26 14:02:19 DEBUG o.apache.catalina.util.LifecycleBase - Setting state for [StandardHostValve[Container is null]] to [DESTROYED]
2026-04-26 14:02:19 DEBUG o.apache.catalina.util.LifecycleBase - Setting state for [StandardPipeline[StandardEngine[Tomcat].StandardHost[localhost]]] to [DESTROYED]
2026-04-26 14:02:19 DEBUG o.apache.catalina.util.LifecycleBase - Setting state for [StandardEngine[Tomcat].StandardHost[localhost].TomcatEmbeddedContext[]] to [DESTROYING]
2026-04-26 14:02:19 DEBUG o.apache.catalina.util.LifecycleBase - Setting state for [org.apache.catalina.deploy.NamingResourcesImpl@6d293993] to [DESTROYING]
2026-04-26 14:02:19 DEBUG o.apache.catalina.util.LifecycleBase - Setting state for [org.apache.catalina.deploy.NamingResourcesImpl@6d293993] to [DESTROYED]
2026-04-26 14:02:19 DEBUG o.apache.catalina.util.LifecycleBase - Setting state for [WebappLoader[StandardEngine[Tomcat].StandardHost[localhost].TomcatEmbeddedContext[]]] to [DESTROYING]
2026-04-26 14:02:19 DEBUG o.apache.catalina.util.LifecycleBase - Setting state for [WebappLoader[StandardEngine[Tomcat].StandardHost[localhost].TomcatEmbeddedContext[]]] to [DESTROYED]
2026-04-26 14:02:19 DEBUG o.apache.catalina.util.LifecycleBase - Setting state for [StandardManager[StandardEngine[Tomcat].StandardHost[localhost].TomcatEmbeddedContext[]]] to [DESTROYING]
2026-04-26 14:02:19 DEBUG o.apache.catalina.util.LifecycleBase - Setting state for [StandardManager[StandardEngine[Tomcat].StandardHost[localhost].TomcatEmbeddedContext[]]] to [DESTROYED]
2026-04-26 14:02:19 DEBUG o.apache.catalina.util.LifecycleBase - Setting state for [org.apache.catalina.webresources.StandardRoot@2744dcae] to [DESTROYING]
2026-04-26 14:02:19 DEBUG o.apache.catalina.util.LifecycleBase - Setting state for [org.apache.catalina.webresources.StandardRoot@2744dcae] to [DESTROYED]
2026-04-26 14:02:19 DEBUG o.apache.catalina.util.LifecycleBase - Setting state for [StandardPipeline[StandardEngine[Tomcat].StandardHost[localhost].TomcatEmbeddedContext[]]] to [DESTROYING]
2026-04-26 14:02:19 DEBUG o.apache.catalina.util.LifecycleBase - Setting state for [NonLoginAuthenticator[Container is null]] to [DESTROYING]
2026-04-26 14:02:19 DEBUG o.apache.catalina.util.LifecycleBase - Setting state for [NonLoginAuthenticator[Container is null]] to [DESTROYED]
2026-04-26 14:02:19 DEBUG o.apache.catalina.util.LifecycleBase - Setting state for [StandardContextValve[Container is null]] to [DESTROYING]
2026-04-26 14:02:19 DEBUG o.apache.catalina.util.LifecycleBase - Setting state for [StandardContextValve[Container is null]] to [DESTROYED]
2026-04-26 14:02:19 DEBUG o.apache.catalina.util.LifecycleBase - Setting state for [StandardPipeline[StandardEngine[Tomcat].StandardHost[localhost].TomcatEmbeddedContext[]]] to [DESTROYED]
2026-04-26 14:02:19 DEBUG o.apache.catalina.util.LifecycleBase - Setting state for [StandardEngine[Tomcat].StandardHost[localhost].TomcatEmbeddedContext[]] to [DESTROYED]
2026-04-26 14:02:19 DEBUG o.apache.catalina.util.LifecycleBase - Setting state for [StandardEngine[Tomcat].StandardHost[localhost]] to [DESTROYED]
2026-04-26 14:02:19 DEBUG o.apache.catalina.util.LifecycleBase - Setting state for [StandardEngine[Tomcat]] to [DESTROYED]
2026-04-26 14:02:19 DEBUG o.apache.catalina.util.LifecycleBase - Setting state for [StandardService[Tomcat]] to [DESTROYED]
2026-04-26 14:02:19 DEBUG o.apache.catalina.util.LifecycleBase - Setting state for [org.apache.catalina.deploy.NamingResourcesImpl@4525e9e8] to [DESTROYING]
2026-04-26 14:02:19 DEBUG o.apache.catalina.util.LifecycleBase - Setting state for [org.apache.catalina.deploy.NamingResourcesImpl@4525e9e8] to [DESTROYED]
2026-04-26 14:02:19 DEBUG o.apache.catalina.util.LifecycleBase - Setting state for [StandardServer[-1]] to [DESTROYED]
2026-04-26 14:04:58 DEBUG o.a.tomcat.util.compat.Jre22Compat - Class not found so assuming code is running on a pre-Java 22 JVM
java.lang.ClassNotFoundException: java.text.ListFormat
	at java.base/jdk.internal.loader.BuiltinClassLoader.loadClass(BuiltinClassLoader.java:641)
	at java.base/jdk.internal.loader.ClassLoaders$AppClassLoader.loadClass(ClassLoaders.java:188)
	at java.base/java.lang.ClassLoader.loadClass(ClassLoader.java:526)
	at java.base/java.lang.Class.forName0(Native Method)
	at java.base/java.lang.Class.forName(Class.java:423)
	at java.base/java.lang.Class.forName(Class.java:414)
	at org.apache.tomcat.util.compat.Jre22Compat.<clinit>(Jre22Compat.java:37)
	at org.apache.tomcat.util.compat.JreCompat.<clinit>(JreCompat.java:75)
	at org.apache.catalina.startup.Tomcat.<clinit>(Tomcat.java:1196)
	at org.springframework.boot.web.embedded.tomcat.TomcatServletWebServerFactory.getWebServer(TomcatServletWebServerFactory.java:200)
	at org.springframework.boot.web.servlet.context.ServletWebServerApplicationContext.createWebServer(ServletWebServerApplicationContext.java:193)
	at org.springframework.boot.web.servlet.context.ServletWebServerApplicationContext.onRefresh(ServletWebServerApplicationContext.java:167)
	at org.springframework.context.support.AbstractApplicationContext.refresh(AbstractApplicationContext.java:622)
	at org.springframework.boot.web.servlet.context.ServletWebServerApplicationContext.refresh(ServletWebServerApplicationContext.java:146)
	at org.springframework.boot.SpringApplication.refresh(SpringApplication.java:752)
	at org.springframework.boot.SpringApplication.refreshContext(SpringApplication.java:439)
	at org.springframework.boot.SpringApplication.run(SpringApplication.java:318)
	at org.springframework.boot.SpringApplication.run(SpringApplication.java:1361)
	at org.springframework.boot.SpringApplication.run(SpringApplication.java:1350)
	at gr.aueb.cf.eduapp.EduAppApplication.main(EduAppApplication.java:12)
2026-04-26 14:04:58 DEBUG o.apache.catalina.core.ContainerBase - Add container child [StandardHost[localhost]] to container [StandardEngine[Tomcat]]
2026-04-26 14:04:58 DEBUG o.apache.catalina.core.ContainerBase - Add container child [TomcatEmbeddedContext[]] to container [StandardEngine[Tomcat].StandardHost[localhost]]
2026-04-26 14:04:58 DEBUG o.apache.catalina.util.LifecycleBase - Setting state for [StandardServer[-1]] to [INITIALIZING]
2026-04-26 14:04:58 DEBUG o.apache.catalina.util.LifecycleBase - Setting state for [org.apache.catalina.deploy.NamingResourcesImpl@6b415f5f] to [INITIALIZING]
2026-04-26 14:04:58 DEBUG o.apache.catalina.util.LifecycleBase - Setting state for [org.apache.catalina.deploy.NamingResourcesImpl@6b415f5f] to [INITIALIZED]
2026-04-26 14:04:58 DEBUG o.apache.catalina.util.LifecycleBase - Setting state for [StandardService[Tomcat]] to [INITIALIZING]
2026-04-26 14:04:58 DEBUG o.apache.catalina.util.LifecycleBase - Setting state for [StandardEngine[Tomcat]] to [INITIALIZING]
2026-04-26 14:04:58 DEBUG o.apache.catalina.util.LifecycleBase - Setting state for [StandardEngine[Tomcat]] to [INITIALIZED]
2026-04-26 14:04:58 DEBUG o.apache.catalina.util.LifecycleBase - Setting state for [org.apache.catalina.mapper.MapperListener@617449dd] to [INITIALIZING]
2026-04-26 14:04:58 DEBUG o.apache.catalina.util.LifecycleBase - Setting state for [org.apache.catalina.mapper.MapperListener@617449dd] to [INITIALIZED]
2026-04-26 14:04:58 DEBUG o.apache.catalina.util.LifecycleBase - Setting state for [Connector["http-nio-8080"]] to [INITIALIZING]
2026-04-26 14:04:58 INFO  o.a.coyote.http11.Http11NioProtocol - Initializing ProtocolHandler ["http-nio-8080"]
2026-04-26 14:04:58 DEBUG o.apache.catalina.util.LifecycleBase - Setting state for [Connector["http-nio-8080"]] to [INITIALIZED]
2026-04-26 14:04:58 DEBUG o.apache.catalina.util.LifecycleBase - Setting state for [StandardService[Tomcat]] to [INITIALIZED]
2026-04-26 14:04:58 DEBUG o.apache.catalina.util.LifecycleBase - Setting state for [StandardServer[-1]] to [INITIALIZED]
2026-04-26 14:04:58 DEBUG o.apache.catalina.util.LifecycleBase - Setting state for [StandardServer[-1]] to [STARTING_PREP]
2026-04-26 14:04:58 DEBUG o.apache.catalina.util.LifecycleBase - Setting state for [StandardServer[-1]] to [STARTING]
2026-04-26 14:04:58 DEBUG o.apache.catalina.util.LifecycleBase - Setting state for [org.apache.catalina.deploy.NamingResourcesImpl@6b415f5f] to [STARTING_PREP]
2026-04-26 14:04:58 DEBUG o.apache.catalina.util.LifecycleBase - Setting state for [org.apache.catalina.deploy.NamingResourcesImpl@6b415f5f] to [STARTING]
2026-04-26 14:04:58 DEBUG o.apache.catalina.util.LifecycleBase - Setting state for [org.apache.catalina.deploy.NamingResourcesImpl@6b415f5f] to [STARTED]
2026-04-26 14:04:58 DEBUG o.apache.catalina.util.LifecycleBase - Setting state for [StandardService[Tomcat]] to [STARTING_PREP]
2026-04-26 14:04:58 INFO  o.a.catalina.core.StandardService - Starting service [Tomcat]
2026-04-26 14:04:58 DEBUG o.apache.catalina.util.LifecycleBase - Setting state for [StandardService[Tomcat]] to [STARTING]
2026-04-26 14:04:58 DEBUG o.apache.catalina.util.LifecycleBase - Setting state for [StandardEngine[Tomcat]] to [STARTING_PREP]
2026-04-26 14:04:58 INFO  o.a.catalina.core.StandardEngine - Starting Servlet engine: [Apache Tomcat/10.1.52]
2026-04-26 14:04:58 DEBUG o.apache.catalina.util.LifecycleBase - Setting state for [SimpleRealm[StandardEngine[Tomcat]]] to [INITIALIZING]
2026-04-26 14:04:58 DEBUG o.apache.catalina.util.LifecycleBase - Setting state for [SimpleRealm[StandardEngine[Tomcat]]] to [INITIALIZED]
2026-04-26 14:04:58 DEBUG o.apache.catalina.util.LifecycleBase - Setting state for [SimpleRealm[StandardEngine[Tomcat]]] to [STARTING_PREP]
2026-04-26 14:04:58 DEBUG o.apache.catalina.util.LifecycleBase - Setting state for [SimpleRealm[StandardEngine[Tomcat]]] to [STARTING]
2026-04-26 14:04:58 DEBUG o.apache.catalina.util.LifecycleBase - Setting state for [SimpleRealm[StandardEngine[Tomcat]]] to [STARTED]
2026-04-26 14:04:58 DEBUG o.apache.catalina.util.LifecycleBase - Setting state for [StandardEngine[Tomcat].StandardHost[localhost]] to [INITIALIZING]
2026-04-26 14:04:58 DEBUG o.apache.catalina.util.LifecycleBase - Setting state for [StandardEngine[Tomcat].StandardHost[localhost]] to [INITIALIZED]
2026-04-26 14:04:58 DEBUG o.apache.catalina.util.LifecycleBase - Setting state for [StandardEngine[Tomcat].StandardHost[localhost]] to [STARTING_PREP]
2026-04-26 14:04:58 DEBUG o.apache.catalina.util.LifecycleBase - Setting state for [StandardEngine[Tomcat].StandardHost[localhost].TomcatEmbeddedContext[]] to [INITIALIZING]
2026-04-26 14:04:58 DEBUG o.apache.catalina.util.LifecycleBase - Setting state for [StandardEngine[Tomcat].StandardHost[localhost].TomcatEmbeddedContext[]] to [INITIALIZED]
2026-04-26 14:04:58 DEBUG o.apache.catalina.util.LifecycleBase - Setting state for [StandardEngine[Tomcat].StandardHost[localhost].TomcatEmbeddedContext[]] to [STARTING_PREP]
2026-04-26 14:04:58 DEBUG o.apache.catalina.util.LifecycleBase - Setting state for [org.apache.catalina.webresources.StandardRoot@24876a7e] to [INITIALIZING]
2026-04-26 14:04:58 DEBUG o.apache.catalina.util.LifecycleBase - Setting state for [org.apache.catalina.webresources.StandardRoot@24876a7e] to [INITIALIZED]
2026-04-26 14:04:58 DEBUG o.apache.catalina.util.LifecycleBase - Setting state for [org.apache.catalina.webresources.StandardRoot@24876a7e] to [STARTING_PREP]
2026-04-26 14:04:58 DEBUG o.apache.catalina.util.LifecycleBase - Setting state for [org.apache.catalina.webresources.DirResourceSet@5fffb692] to [INITIALIZING]
2026-04-26 14:04:58 DEBUG o.apache.catalina.util.LifecycleBase - Setting state for [org.apache.catalina.webresources.DirResourceSet@5fffb692] to [INITIALIZED]
2026-04-26 14:04:58 DEBUG o.apache.catalina.util.LifecycleBase - Setting state for [org.apache.catalina.webresources.DirResourceSet@5fffb692] to [STARTING_PREP]
2026-04-26 14:04:58 DEBUG o.apache.catalina.util.LifecycleBase - Setting state for [org.apache.catalina.webresources.DirResourceSet@5fffb692] to [STARTING]
2026-04-26 14:04:58 DEBUG o.apache.catalina.util.LifecycleBase - Setting state for [org.apache.catalina.webresources.DirResourceSet@5fffb692] to [STARTED]
2026-04-26 14:04:58 DEBUG o.apache.catalina.util.LifecycleBase - Setting state for [org.apache.catalina.webresources.StandardRoot@24876a7e] to [STARTING]
2026-04-26 14:04:58 DEBUG o.apache.catalina.util.LifecycleBase - Setting state for [org.apache.catalina.webresources.StandardRoot@24876a7e] to [STARTED]
2026-04-26 14:04:58 DEBUG o.apache.catalina.util.LifecycleBase - Setting state for [WebappLoader[StandardEngine[Tomcat].StandardHost[localhost].TomcatEmbeddedContext[]]] to [INITIALIZING]
2026-04-26 14:04:58 DEBUG o.apache.catalina.util.LifecycleBase - Setting state for [WebappLoader[StandardEngine[Tomcat].StandardHost[localhost].TomcatEmbeddedContext[]]] to [INITIALIZED]
2026-04-26 14:04:58 DEBUG o.apache.catalina.util.LifecycleBase - Setting state for [WebappLoader[StandardEngine[Tomcat].StandardHost[localhost].TomcatEmbeddedContext[]]] to [STARTING_PREP]
2026-04-26 14:04:58 DEBUG o.a.catalina.loader.WebappLoader - Starting this Loader
2026-04-26 14:04:58 DEBUG o.apache.catalina.webresources.Cache - Increased cache size by [531] for item [org.apache.catalina.webresources.CachedResource@7f5fcfe9] at [/WEB-INF/classes] making total cache size [531]
2026-04-26 14:04:58 DEBUG o.apache.catalina.util.LifecycleBase - Setting state for [WebappLoader[StandardEngine[Tomcat].StandardHost[localhost].TomcatEmbeddedContext[]]] to [STARTING]
2026-04-26 14:04:58 DEBUG o.apache.catalina.util.LifecycleBase - Setting state for [WebappLoader[StandardEngine[Tomcat].StandardHost[localhost].TomcatEmbeddedContext[]]] to [STARTED]
2026-04-26 14:04:58 DEBUG o.apache.catalina.util.LifecycleBase - Setting state for [StandardPipeline[StandardEngine[Tomcat].StandardHost[localhost].TomcatEmbeddedContext[]]] to [INITIALIZING]
2026-04-26 14:04:58 DEBUG o.apache.catalina.util.LifecycleBase - Setting state for [StandardPipeline[StandardEngine[Tomcat].StandardHost[localhost].TomcatEmbeddedContext[]]] to [INITIALIZED]
2026-04-26 14:04:58 DEBUG o.apache.catalina.util.LifecycleBase - Setting state for [StandardPipeline[StandardEngine[Tomcat].StandardHost[localhost].TomcatEmbeddedContext[]]] to [STARTING_PREP]
2026-04-26 14:04:58 DEBUG o.apache.catalina.util.LifecycleBase - Setting state for [NonLoginAuthenticator[StandardEngine[Tomcat].StandardHost[localhost].TomcatEmbeddedContext[]]] to [INITIALIZING]
2026-04-26 14:04:58 DEBUG o.apache.catalina.util.LifecycleBase - Setting state for [NonLoginAuthenticator[StandardEngine[Tomcat].StandardHost[localhost].TomcatEmbeddedContext[]]] to [INITIALIZED]
2026-04-26 14:04:58 DEBUG o.apache.catalina.util.LifecycleBase - Setting state for [NonLoginAuthenticator[StandardEngine[Tomcat].StandardHost[localhost].TomcatEmbeddedContext[]]] to [STARTING_PREP]
2026-04-26 14:04:58 DEBUG o.apache.catalina.util.LifecycleBase - Setting state for [NonLoginAuthenticator[StandardEngine[Tomcat].StandardHost[localhost].TomcatEmbeddedContext[]]] to [STARTING]
2026-04-26 14:04:58 DEBUG o.apache.catalina.util.LifecycleBase - Setting state for [NonLoginAuthenticator[StandardEngine[Tomcat].StandardHost[localhost].TomcatEmbeddedContext[]]] to [STARTED]
2026-04-26 14:04:58 DEBUG o.apache.catalina.util.LifecycleBase - Setting state for [StandardContextValve[StandardEngine[Tomcat].StandardHost[localhost].TomcatEmbeddedContext[]]] to [INITIALIZING]
2026-04-26 14:04:58 DEBUG o.apache.catalina.util.LifecycleBase - Setting state for [StandardContextValve[StandardEngine[Tomcat].StandardHost[localhost].TomcatEmbeddedContext[]]] to [INITIALIZED]
2026-04-26 14:04:58 DEBUG o.apache.catalina.util.LifecycleBase - Setting state for [StandardContextValve[StandardEngine[Tomcat].StandardHost[localhost].TomcatEmbeddedContext[]]] to [STARTING_PREP]
2026-04-26 14:04:58 DEBUG o.apache.catalina.util.LifecycleBase - Setting state for [StandardContextValve[StandardEngine[Tomcat].StandardHost[localhost].TomcatEmbeddedContext[]]] to [STARTING]
2026-04-26 14:04:58 DEBUG o.apache.catalina.util.LifecycleBase - Setting state for [StandardContextValve[StandardEngine[Tomcat].StandardHost[localhost].TomcatEmbeddedContext[]]] to [STARTED]
2026-04-26 14:04:58 DEBUG o.apache.catalina.util.LifecycleBase - Setting state for [StandardPipeline[StandardEngine[Tomcat].StandardHost[localhost].TomcatEmbeddedContext[]]] to [STARTING]
2026-04-26 14:04:58 DEBUG o.apache.catalina.util.LifecycleBase - Setting state for [StandardPipeline[StandardEngine[Tomcat].StandardHost[localhost].TomcatEmbeddedContext[]]] to [STARTED]
2026-04-26 14:04:58 DEBUG o.a.catalina.core.StandardContext - No manager found. Checking if cluster manager should be used. Cluster configured: [false], Application distributable: [false]
2026-04-26 14:04:58 DEBUG o.a.catalina.core.StandardContext - Configured a manager of class [org.apache.catalina.session.StandardManager]
2026-04-26 14:04:58 DEBUG o.apache.catalina.util.LifecycleBase - Setting state for [org.apache.catalina.deploy.NamingResourcesImpl@31b0f02] to [INITIALIZING]
2026-04-26 14:04:58 DEBUG o.apache.catalina.util.LifecycleBase - Setting state for [org.apache.catalina.deploy.NamingResourcesImpl@31b0f02] to [INITIALIZED]
2026-04-26 14:04:58 DEBUG o.apache.catalina.util.LifecycleBase - Setting state for [org.apache.catalina.deploy.NamingResourcesImpl@31b0f02] to [STARTING_PREP]
2026-04-26 14:04:58 DEBUG o.apache.catalina.util.LifecycleBase - Setting state for [org.apache.catalina.deploy.NamingResourcesImpl@31b0f02] to [STARTING]
2026-04-26 14:04:58 DEBUG o.apache.catalina.util.LifecycleBase - Setting state for [org.apache.catalina.deploy.NamingResourcesImpl@31b0f02] to [STARTED]
2026-04-26 14:04:58 INFO  o.a.c.c.C.[Tomcat].[localhost].[/] - Initializing Spring embedded WebApplicationContext
2026-04-26 14:04:59 DEBUG o.apache.catalina.webresources.Cache - Increased cache size by [573] for item [org.apache.catalina.webresources.CachedResource@6231f77a] at [/WEB-INF/classes/hibernate.properties] making total cache size [1104]
2026-04-26 14:05:01 DEBUG o.apache.catalina.webresources.Cache - Increased cache size by [579] for item [org.apache.catalina.webresources.CachedResource@453439e] at [/WEB-INF/classes/META-INF/validation.xml] making total cache size [1683]
2026-04-26 14:05:02 DEBUG o.apache.catalina.core.ContainerBase - Add container child [StandardWrapper[dispatcherServlet]] to container [StandardEngine[Tomcat].StandardHost[localhost].TomcatEmbeddedContext[]]
2026-04-26 14:05:02 DEBUG o.apache.catalina.util.LifecycleBase - Setting state for [StandardEngine[Tomcat].StandardHost[localhost].TomcatEmbeddedContext[].StandardWrapper[dispatcherServlet]] to [INITIALIZING]
2026-04-26 14:05:02 DEBUG o.apache.catalina.util.LifecycleBase - Setting state for [StandardEngine[Tomcat].StandardHost[localhost].TomcatEmbeddedContext[].StandardWrapper[dispatcherServlet]] to [INITIALIZED]
2026-04-26 14:05:02 DEBUG o.apache.catalina.util.LifecycleBase - Setting state for [StandardEngine[Tomcat].StandardHost[localhost].TomcatEmbeddedContext[].StandardWrapper[dispatcherServlet]] to [STARTING_PREP]
2026-04-26 14:05:02 DEBUG o.apache.catalina.util.LifecycleBase - Setting state for [StandardPipeline[StandardEngine[Tomcat].StandardHost[localhost].TomcatEmbeddedContext[].StandardWrapper[dispatcherServlet]]] to [INITIALIZING]
2026-04-26 14:05:02 DEBUG o.apache.catalina.util.LifecycleBase - Setting state for [StandardPipeline[StandardEngine[Tomcat].StandardHost[localhost].TomcatEmbeddedContext[].StandardWrapper[dispatcherServlet]]] to [INITIALIZED]
2026-04-26 14:05:02 DEBUG o.apache.catalina.util.LifecycleBase - Setting state for [StandardPipeline[StandardEngine[Tomcat].StandardHost[localhost].TomcatEmbeddedContext[].StandardWrapper[dispatcherServlet]]] to [STARTING_PREP]
2026-04-26 14:05:02 DEBUG o.apache.catalina.util.LifecycleBase - Setting state for [StandardWrapperValve[StandardEngine[Tomcat].StandardHost[localhost].TomcatEmbeddedContext[].StandardWrapper[dispatcherServlet]]] to [INITIALIZING]
2026-04-26 14:05:02 DEBUG o.apache.catalina.util.LifecycleBase - Setting state for [StandardWrapperValve[StandardEngine[Tomcat].StandardHost[localhost].TomcatEmbeddedContext[].StandardWrapper[dispatcherServlet]]] to [INITIALIZED]
2026-04-26 14:05:02 DEBUG o.apache.catalina.util.LifecycleBase - Setting state for [StandardWrapperValve[StandardEngine[Tomcat].StandardHost[localhost].TomcatEmbeddedContext[].StandardWrapper[dispatcherServlet]]] to [STARTING_PREP]
2026-04-26 14:05:02 DEBUG o.apache.catalina.util.LifecycleBase - Setting state for [StandardWrapperValve[StandardEngine[Tomcat].StandardHost[localhost].TomcatEmbeddedContext[].StandardWrapper[dispatcherServlet]]] to [STARTING]
2026-04-26 14:05:02 DEBUG o.apache.catalina.util.LifecycleBase - Setting state for [StandardWrapperValve[StandardEngine[Tomcat].StandardHost[localhost].TomcatEmbeddedContext[].StandardWrapper[dispatcherServlet]]] to [STARTED]
2026-04-26 14:05:02 DEBUG o.apache.catalina.util.LifecycleBase - Setting state for [StandardPipeline[StandardEngine[Tomcat].StandardHost[localhost].TomcatEmbeddedContext[].StandardWrapper[dispatcherServlet]]] to [STARTING]
2026-04-26 14:05:02 DEBUG o.apache.catalina.util.LifecycleBase - Setting state for [StandardPipeline[StandardEngine[Tomcat].StandardHost[localhost].TomcatEmbeddedContext[].StandardWrapper[dispatcherServlet]]] to [STARTED]
2026-04-26 14:05:02 DEBUG o.apache.catalina.util.LifecycleBase - Setting state for [StandardEngine[Tomcat].StandardHost[localhost].TomcatEmbeddedContext[].StandardWrapper[dispatcherServlet]] to [STARTING]
2026-04-26 14:05:02 DEBUG o.apache.catalina.util.LifecycleBase - Setting state for [StandardEngine[Tomcat].StandardHost[localhost].TomcatEmbeddedContext[].StandardWrapper[dispatcherServlet]] to [STARTED]
2026-04-26 14:05:02 DEBUG o.apache.catalina.util.LifecycleBase - Setting state for [StandardManager[StandardEngine[Tomcat].StandardHost[localhost].TomcatEmbeddedContext[]]] to [INITIALIZING]
2026-04-26 14:05:02 DEBUG o.apache.catalina.util.LifecycleBase - Setting state for [StandardManager[StandardEngine[Tomcat].StandardHost[localhost].TomcatEmbeddedContext[]]] to [INITIALIZED]
2026-04-26 14:05:02 DEBUG o.apache.catalina.util.LifecycleBase - Setting state for [StandardManager[StandardEngine[Tomcat].StandardHost[localhost].TomcatEmbeddedContext[]]] to [STARTING_PREP]
2026-04-26 14:05:02 DEBUG o.apache.catalina.util.LifecycleBase - Setting state for [org.springframework.boot.web.embedded.tomcat.LazySessionIdGenerator@5fb392e] to [INITIALIZING]
2026-04-26 14:05:02 DEBUG o.apache.catalina.util.LifecycleBase - Setting state for [org.springframework.boot.web.embedded.tomcat.LazySessionIdGenerator@5fb392e] to [INITIALIZED]
2026-04-26 14:05:02 DEBUG o.apache.catalina.util.LifecycleBase - Setting state for [org.springframework.boot.web.embedded.tomcat.LazySessionIdGenerator@5fb392e] to [STARTING_PREP]
2026-04-26 14:05:02 DEBUG o.apache.catalina.util.LifecycleBase - Setting state for [org.springframework.boot.web.embedded.tomcat.LazySessionIdGenerator@5fb392e] to [STARTING]
2026-04-26 14:05:02 DEBUG o.apache.catalina.util.LifecycleBase - Setting state for [org.springframework.boot.web.embedded.tomcat.LazySessionIdGenerator@5fb392e] to [STARTED]
2026-04-26 14:05:02 DEBUG o.apache.catalina.util.LifecycleBase - Setting state for [StandardManager[StandardEngine[Tomcat].StandardHost[localhost].TomcatEmbeddedContext[]]] to [STARTING]
2026-04-26 14:05:02 DEBUG o.apache.catalina.util.LifecycleBase - Setting state for [StandardManager[StandardEngine[Tomcat].StandardHost[localhost].TomcatEmbeddedContext[]]] to [STARTED]
2026-04-26 14:05:02 DEBUG o.apache.catalina.util.LifecycleBase - Setting state for [StandardEngine[Tomcat].StandardHost[localhost].TomcatEmbeddedContext[]] to [STARTING]
2026-04-26 14:05:02 DEBUG o.apache.catalina.util.LifecycleBase - Setting state for [StandardEngine[Tomcat].StandardHost[localhost].TomcatEmbeddedContext[]] to [STARTED]
2026-04-26 14:05:02 DEBUG o.apache.catalina.util.LifecycleBase - Setting state for [StandardPipeline[StandardEngine[Tomcat].StandardHost[localhost]]] to [INITIALIZING]
2026-04-26 14:05:02 DEBUG o.apache.catalina.util.LifecycleBase - Setting state for [StandardPipeline[StandardEngine[Tomcat].StandardHost[localhost]]] to [INITIALIZED]
2026-04-26 14:05:02 DEBUG o.apache.catalina.util.LifecycleBase - Setting state for [StandardPipeline[StandardEngine[Tomcat].StandardHost[localhost]]] to [STARTING_PREP]
2026-04-26 14:05:02 DEBUG o.apache.catalina.util.LifecycleBase - Setting state for [ErrorReportValve[StandardEngine[Tomcat].StandardHost[localhost]]] to [INITIALIZING]
2026-04-26 14:05:02 DEBUG o.apache.catalina.util.LifecycleBase - Setting state for [ErrorReportValve[StandardEngine[Tomcat].StandardHost[localhost]]] to [INITIALIZED]
2026-04-26 14:05:02 DEBUG o.apache.catalina.util.LifecycleBase - Setting state for [ErrorReportValve[StandardEngine[Tomcat].StandardHost[localhost]]] to [STARTING_PREP]
2026-04-26 14:05:02 DEBUG o.apache.catalina.util.LifecycleBase - Setting state for [ErrorReportValve[StandardEngine[Tomcat].StandardHost[localhost]]] to [STARTING]
2026-04-26 14:05:02 DEBUG o.apache.catalina.util.LifecycleBase - Setting state for [ErrorReportValve[StandardEngine[Tomcat].StandardHost[localhost]]] to [STARTED]
2026-04-26 14:05:02 DEBUG o.apache.catalina.util.LifecycleBase - Setting state for [StandardHostValve[StandardEngine[Tomcat].StandardHost[localhost]]] to [INITIALIZING]
2026-04-26 14:05:02 DEBUG o.apache.catalina.util.LifecycleBase - Setting state for [StandardHostValve[StandardEngine[Tomcat].StandardHost[localhost]]] to [INITIALIZED]
2026-04-26 14:05:02 DEBUG o.apache.catalina.util.LifecycleBase - Setting state for [StandardHostValve[StandardEngine[Tomcat].StandardHost[localhost]]] to [STARTING_PREP]
2026-04-26 14:05:02 DEBUG o.apache.catalina.util.LifecycleBase - Setting state for [StandardHostValve[StandardEngine[Tomcat].StandardHost[localhost]]] to [STARTING]
2026-04-26 14:05:02 DEBUG o.apache.catalina.util.LifecycleBase - Setting state for [StandardHostValve[StandardEngine[Tomcat].StandardHost[localhost]]] to [STARTED]
2026-04-26 14:05:02 DEBUG o.apache.catalina.util.LifecycleBase - Setting state for [StandardPipeline[StandardEngine[Tomcat].StandardHost[localhost]]] to [STARTING]
2026-04-26 14:05:02 DEBUG o.apache.catalina.util.LifecycleBase - Setting state for [StandardPipeline[StandardEngine[Tomcat].StandardHost[localhost]]] to [STARTED]
2026-04-26 14:05:02 DEBUG o.apache.catalina.util.LifecycleBase - Setting state for [StandardEngine[Tomcat].StandardHost[localhost]] to [STARTING]
2026-04-26 14:05:02 DEBUG o.apache.catalina.util.LifecycleBase - Setting state for [StandardEngine[Tomcat].StandardHost[localhost]] to [STARTED]
2026-04-26 14:05:02 DEBUG o.apache.catalina.util.LifecycleBase - Setting state for [StandardPipeline[StandardEngine[Tomcat]]] to [INITIALIZING]
2026-04-26 14:05:02 DEBUG o.apache.catalina.util.LifecycleBase - Setting state for [StandardPipeline[StandardEngine[Tomcat]]] to [INITIALIZED]
2026-04-26 14:05:02 DEBUG o.apache.catalina.util.LifecycleBase - Setting state for [StandardPipeline[StandardEngine[Tomcat]]] to [STARTING_PREP]
2026-04-26 14:05:02 DEBUG o.apache.catalina.util.LifecycleBase - Setting state for [StandardEngineValve[StandardEngine[Tomcat]]] to [INITIALIZING]
2026-04-26 14:05:02 DEBUG o.apache.catalina.util.LifecycleBase - Setting state for [StandardEngineValve[StandardEngine[Tomcat]]] to [INITIALIZED]
2026-04-26 14:05:02 DEBUG o.apache.catalina.util.LifecycleBase - Setting state for [StandardEngineValve[StandardEngine[Tomcat]]] to [STARTING_PREP]
2026-04-26 14:05:02 DEBUG o.apache.catalina.util.LifecycleBase - Setting state for [StandardEngineValve[StandardEngine[Tomcat]]] to [STARTING]
2026-04-26 14:05:02 DEBUG o.apache.catalina.util.LifecycleBase - Setting state for [StandardEngineValve[StandardEngine[Tomcat]]] to [STARTED]
2026-04-26 14:05:02 DEBUG o.apache.catalina.util.LifecycleBase - Setting state for [StandardPipeline[StandardEngine[Tomcat]]] to [STARTING]
2026-04-26 14:05:02 DEBUG o.apache.catalina.util.LifecycleBase - Setting state for [StandardPipeline[StandardEngine[Tomcat]]] to [STARTED]
2026-04-26 14:05:02 DEBUG o.apache.catalina.util.LifecycleBase - Setting state for [StandardEngine[Tomcat]] to [STARTING]
2026-04-26 14:05:02 DEBUG o.apache.catalina.util.LifecycleBase - Setting state for [StandardEngine[Tomcat]] to [STARTED]
2026-04-26 14:05:02 DEBUG o.apache.catalina.util.LifecycleBase - Setting state for [org.apache.catalina.mapper.MapperListener@617449dd] to [STARTING_PREP]
2026-04-26 14:05:02 DEBUG o.apache.catalina.util.LifecycleBase - Setting state for [org.apache.catalina.mapper.MapperListener@617449dd] to [STARTING]
2026-04-26 14:05:02 DEBUG org.apache.catalina.mapper.Mapper - Registered host [localhost]
2026-04-26 14:05:02 DEBUG o.a.catalina.mapper.MapperListener - Register Wrapper [dispatcherServlet] in Context [] for service [StandardService[Tomcat]]
2026-04-26 14:05:02 DEBUG o.a.catalina.mapper.MapperListener - Register Context [] for service [StandardService[Tomcat]]
2026-04-26 14:05:02 DEBUG o.a.catalina.mapper.MapperListener - Register host [localhost] at domain [null] for service [StandardService[Tomcat]]
2026-04-26 14:05:02 DEBUG o.apache.catalina.util.LifecycleBase - Setting state for [org.apache.catalina.mapper.MapperListener@617449dd] to [STARTED]
2026-04-26 14:05:02 DEBUG o.apache.catalina.util.LifecycleBase - Setting state for [StandardService[Tomcat]] to [STARTED]
2026-04-26 14:05:02 DEBUG o.apache.catalina.util.LifecycleBase - Setting state for [StandardServer[-1]] to [STARTED]
2026-04-26 14:05:03 DEBUG o.apache.catalina.webresources.Cache - Increased cache size by [521] for item [org.apache.catalina.webresources.CachedResource@12ff3df] at [/index.html] making total cache size [2204]
2026-04-26 14:05:03 DEBUG o.apache.catalina.webresources.Cache - Increased cache size by [501] for item [org.apache.catalina.webresources.CachedResource@7d14efc] at [/] making total cache size [2705]
2026-04-26 14:05:04 DEBUG o.apache.catalina.util.LifecycleBase - Setting state for [Connector["http-nio-8080"]] to [STARTING_PREP]
2026-04-26 14:05:04 DEBUG o.apache.catalina.util.LifecycleBase - Setting state for [Connector["http-nio-8080"]] to [STARTING]
2026-04-26 14:05:04 INFO  o.a.coyote.http11.Http11NioProtocol - Starting ProtocolHandler ["http-nio-8080"]
2026-04-26 14:05:04 DEBUG o.apache.catalina.util.LifecycleBase - Setting state for [Connector["http-nio-8080"]] to [STARTED]
2026-04-26 14:08:11 DEBUG o.a.coyote.http11.Http11Processor - Error parsing HTTP request header
java.io.EOFException
	at org.apache.tomcat.util.net.NioEndpoint$NioSocketWrapper.fillReadBuffer(NioEndpoint.java:1334)
	at org.apache.tomcat.util.net.NioEndpoint$NioSocketWrapper.read(NioEndpoint.java:1218)
	at org.apache.coyote.http11.Http11InputBuffer.fill(Http11InputBuffer.java:780)
	at org.apache.coyote.http11.Http11InputBuffer.parseRequestLine(Http11InputBuffer.java:345)
	at org.apache.coyote.http11.Http11Processor.service(Http11Processor.java:272)
	at org.apache.coyote.AbstractProcessorLight.process(AbstractProcessorLight.java:63)
	at org.apache.coyote.AbstractProtocol$ConnectionHandler.process(AbstractProtocol.java:903)
	at org.apache.tomcat.util.net.NioEndpoint$SocketProcessor.doRun(NioEndpoint.java:1775)
	at org.apache.tomcat.util.net.SocketProcessorBase.run(SocketProcessorBase.java:52)
	at org.apache.tomcat.util.threads.ThreadPoolExecutor.runWorker(ThreadPoolExecutor.java:973)
	at org.apache.tomcat.util.threads.ThreadPoolExecutor$Worker.run(ThreadPoolExecutor.java:491)
	at org.apache.tomcat.util.threads.TaskThread$WrappingRunnable.run(TaskThread.java:63)
	at java.base/java.lang.Thread.run(Thread.java:1583)
2026-04-26 14:08:11 DEBUG o.a.coyote.http11.Http11Processor - Error state [CLOSE_CONNECTION_NOW] reported while processing request
java.io.EOFException
	at org.apache.tomcat.util.net.NioEndpoint$NioSocketWrapper.fillReadBuffer(NioEndpoint.java:1334)
	at org.apache.tomcat.util.net.NioEndpoint$NioSocketWrapper.read(NioEndpoint.java:1218)
	at org.apache.coyote.http11.Http11InputBuffer.fill(Http11InputBuffer.java:780)
	at org.apache.coyote.http11.Http11InputBuffer.parseRequestLine(Http11InputBuffer.java:345)
	at org.apache.coyote.http11.Http11Processor.service(Http11Processor.java:272)
	at org.apache.coyote.AbstractProcessorLight.process(AbstractProcessorLight.java:63)
	at org.apache.coyote.AbstractProtocol$ConnectionHandler.process(AbstractProtocol.java:903)
	at org.apache.tomcat.util.net.NioEndpoint$SocketProcessor.doRun(NioEndpoint.java:1775)
	at org.apache.tomcat.util.net.SocketProcessorBase.run(SocketProcessorBase.java:52)
	at org.apache.tomcat.util.threads.ThreadPoolExecutor.runWorker(ThreadPoolExecutor.java:973)
	at org.apache.tomcat.util.threads.ThreadPoolExecutor$Worker.run(ThreadPoolExecutor.java:491)
	at org.apache.tomcat.util.threads.TaskThread$WrappingRunnable.run(TaskThread.java:63)
	at java.base/java.lang.Thread.run(Thread.java:1583)
2026-04-26 14:08:11 DEBUG o.a.c.a.jaspic.AuthConfigFactoryImpl - Loading persistent provider registrations from [C:\Users\CyberPirate\AppData\Local\Temp\tomcat.8080.14131994336056660181\conf\jaspic-providers.xml]
2026-04-26 14:08:11 INFO  o.a.c.c.C.[Tomcat].[localhost].[/] - Initializing Spring DispatcherServlet 'dispatcherServlet'
2026-04-26 14:09:50 DEBUG o.a.coyote.http11.Http11Processor - Error parsing HTTP request header
java.io.EOFException
	at org.apache.tomcat.util.net.NioEndpoint$NioSocketWrapper.fillReadBuffer(NioEndpoint.java:1334)
	at org.apache.tomcat.util.net.NioEndpoint$NioSocketWrapper.read(NioEndpoint.java:1218)
	at org.apache.coyote.http11.Http11InputBuffer.fill(Http11InputBuffer.java:780)
	at org.apache.coyote.http11.Http11InputBuffer.parseRequestLine(Http11InputBuffer.java:345)
	at org.apache.coyote.http11.Http11Processor.service(Http11Processor.java:272)
	at org.apache.coyote.AbstractProcessorLight.process(AbstractProcessorLight.java:63)
	at org.apache.coyote.AbstractProtocol$ConnectionHandler.process(AbstractProtocol.java:903)
	at org.apache.tomcat.util.net.NioEndpoint$SocketProcessor.doRun(NioEndpoint.java:1775)
	at org.apache.tomcat.util.net.SocketProcessorBase.run(SocketProcessorBase.java:52)
	at org.apache.tomcat.util.threads.ThreadPoolExecutor.runWorker(ThreadPoolExecutor.java:973)
	at org.apache.tomcat.util.threads.ThreadPoolExecutor$Worker.run(ThreadPoolExecutor.java:491)
	at org.apache.tomcat.util.threads.TaskThread$WrappingRunnable.run(TaskThread.java:63)
	at java.base/java.lang.Thread.run(Thread.java:1583)
2026-04-26 14:09:50 DEBUG o.a.coyote.http11.Http11Processor - Error state [CLOSE_CONNECTION_NOW] reported while processing request
java.io.EOFException
	at org.apache.tomcat.util.net.NioEndpoint$NioSocketWrapper.fillReadBuffer(NioEndpoint.java:1334)
	at org.apache.tomcat.util.net.NioEndpoint$NioSocketWrapper.read(NioEndpoint.java:1218)
	at org.apache.coyote.http11.Http11InputBuffer.fill(Http11InputBuffer.java:780)
	at org.apache.coyote.http11.Http11InputBuffer.parseRequestLine(Http11InputBuffer.java:345)
	at org.apache.coyote.http11.Http11Processor.service(Http11Processor.java:272)
	at org.apache.coyote.AbstractProcessorLight.process(AbstractProcessorLight.java:63)
	at org.apache.coyote.AbstractProtocol$ConnectionHandler.process(AbstractProtocol.java:903)
	at org.apache.tomcat.util.net.NioEndpoint$SocketProcessor.doRun(NioEndpoint.java:1775)
	at org.apache.tomcat.util.net.SocketProcessorBase.run(SocketProcessorBase.java:52)
	at org.apache.tomcat.util.threads.ThreadPoolExecutor.runWorker(ThreadPoolExecutor.java:973)
	at org.apache.tomcat.util.threads.ThreadPoolExecutor$Worker.run(ThreadPoolExecutor.java:491)
	at org.apache.tomcat.util.threads.TaskThread$WrappingRunnable.run(TaskThread.java:63)
	at java.base/java.lang.Thread.run(Thread.java:1583)
2026-04-26 14:15:34 DEBUG o.a.coyote.http11.Http11Processor - Error parsing HTTP request header
java.io.EOFException
	at org.apache.tomcat.util.net.NioEndpoint$NioSocketWrapper.fillReadBuffer(NioEndpoint.java:1334)
	at org.apache.tomcat.util.net.NioEndpoint$NioSocketWrapper.read(NioEndpoint.java:1218)
	at org.apache.coyote.http11.Http11InputBuffer.fill(Http11InputBuffer.java:780)
	at org.apache.coyote.http11.Http11InputBuffer.parseRequestLine(Http11InputBuffer.java:345)
	at org.apache.coyote.http11.Http11Processor.service(Http11Processor.java:272)
	at org.apache.coyote.AbstractProcessorLight.process(AbstractProcessorLight.java:63)
	at org.apache.coyote.AbstractProtocol$ConnectionHandler.process(AbstractProtocol.java:903)
	at org.apache.tomcat.util.net.NioEndpoint$SocketProcessor.doRun(NioEndpoint.java:1775)
	at org.apache.tomcat.util.net.SocketProcessorBase.run(SocketProcessorBase.java:52)
	at org.apache.tomcat.util.threads.ThreadPoolExecutor.runWorker(ThreadPoolExecutor.java:973)
	at org.apache.tomcat.util.threads.ThreadPoolExecutor$Worker.run(ThreadPoolExecutor.java:491)
	at org.apache.tomcat.util.threads.TaskThread$WrappingRunnable.run(TaskThread.java:63)
	at java.base/java.lang.Thread.run(Thread.java:1583)
2026-04-26 14:15:34 DEBUG o.a.coyote.http11.Http11Processor - Error state [CLOSE_CONNECTION_NOW] reported while processing request
java.io.EOFException
	at org.apache.tomcat.util.net.NioEndpoint$NioSocketWrapper.fillReadBuffer(NioEndpoint.java:1334)
	at org.apache.tomcat.util.net.NioEndpoint$NioSocketWrapper.read(NioEndpoint.java:1218)
	at org.apache.coyote.http11.Http11InputBuffer.fill(Http11InputBuffer.java:780)
	at org.apache.coyote.http11.Http11InputBuffer.parseRequestLine(Http11InputBuffer.java:345)
	at org.apache.coyote.http11.Http11Processor.service(Http11Processor.java:272)
	at org.apache.coyote.AbstractProcessorLight.process(AbstractProcessorLight.java:63)
	at org.apache.coyote.AbstractProtocol$ConnectionHandler.process(AbstractProtocol.java:903)
	at org.apache.tomcat.util.net.NioEndpoint$SocketProcessor.doRun(NioEndpoint.java:1775)
	at org.apache.tomcat.util.net.SocketProcessorBase.run(SocketProcessorBase.java:52)
	at org.apache.tomcat.util.threads.ThreadPoolExecutor.runWorker(ThreadPoolExecutor.java:973)
	at org.apache.tomcat.util.threads.ThreadPoolExecutor$Worker.run(ThreadPoolExecutor.java:491)
	at org.apache.tomcat.util.threads.TaskThread$WrappingRunnable.run(TaskThread.java:63)
	at java.base/java.lang.Thread.run(Thread.java:1583)
2026-04-26 14:15:51 DEBUG o.a.coyote.http11.Http11Processor - Error parsing HTTP request header
java.io.EOFException
	at org.apache.tomcat.util.net.NioEndpoint$NioSocketWrapper.fillReadBuffer(NioEndpoint.java:1334)
	at org.apache.tomcat.util.net.NioEndpoint$NioSocketWrapper.read(NioEndpoint.java:1218)
	at org.apache.coyote.http11.Http11InputBuffer.fill(Http11InputBuffer.java:780)
	at org.apache.coyote.http11.Http11InputBuffer.parseRequestLine(Http11InputBuffer.java:345)
	at org.apache.coyote.http11.Http11Processor.service(Http11Processor.java:272)
	at org.apache.coyote.AbstractProcessorLight.process(AbstractProcessorLight.java:63)
	at org.apache.coyote.AbstractProtocol$ConnectionHandler.process(AbstractProtocol.java:903)
	at org.apache.tomcat.util.net.NioEndpoint$SocketProcessor.doRun(NioEndpoint.java:1775)
	at org.apache.tomcat.util.net.SocketProcessorBase.run(SocketProcessorBase.java:52)
	at org.apache.tomcat.util.threads.ThreadPoolExecutor.runWorker(ThreadPoolExecutor.java:973)
	at org.apache.tomcat.util.threads.ThreadPoolExecutor$Worker.run(ThreadPoolExecutor.java:491)
	at org.apache.tomcat.util.threads.TaskThread$WrappingRunnable.run(TaskThread.java:63)
	at java.base/java.lang.Thread.run(Thread.java:1583)
2026-04-26 14:15:51 DEBUG o.a.coyote.http11.Http11Processor - Error state [CLOSE_CONNECTION_NOW] reported while processing request
java.io.EOFException
	at org.apache.tomcat.util.net.NioEndpoint$NioSocketWrapper.fillReadBuffer(NioEndpoint.java:1334)
	at org.apache.tomcat.util.net.NioEndpoint$NioSocketWrapper.read(NioEndpoint.java:1218)
	at org.apache.coyote.http11.Http11InputBuffer.fill(Http11InputBuffer.java:780)
	at org.apache.coyote.http11.Http11InputBuffer.parseRequestLine(Http11InputBuffer.java:345)
	at org.apache.coyote.http11.Http11Processor.service(Http11Processor.java:272)
	at org.apache.coyote.AbstractProcessorLight.process(AbstractProcessorLight.java:63)
	at org.apache.coyote.AbstractProtocol$ConnectionHandler.process(AbstractProtocol.java:903)
	at org.apache.tomcat.util.net.NioEndpoint$SocketProcessor.doRun(NioEndpoint.java:1775)
	at org.apache.tomcat.util.net.SocketProcessorBase.run(SocketProcessorBase.java:52)
	at org.apache.tomcat.util.threads.ThreadPoolExecutor.runWorker(ThreadPoolExecutor.java:973)
	at org.apache.tomcat.util.threads.ThreadPoolExecutor$Worker.run(ThreadPoolExecutor.java:491)
	at org.apache.tomcat.util.threads.TaskThread$WrappingRunnable.run(TaskThread.java:63)
	at java.base/java.lang.Thread.run(Thread.java:1583)
2026-04-26 14:16:49 DEBUG o.a.coyote.http11.Http11Processor - Error parsing HTTP request header
java.io.EOFException
	at org.apache.tomcat.util.net.NioEndpoint$NioSocketWrapper.fillReadBuffer(NioEndpoint.java:1334)
	at org.apache.tomcat.util.net.NioEndpoint$NioSocketWrapper.read(NioEndpoint.java:1218)
	at org.apache.coyote.http11.Http11InputBuffer.fill(Http11InputBuffer.java:780)
	at org.apache.coyote.http11.Http11InputBuffer.parseRequestLine(Http11InputBuffer.java:345)
	at org.apache.coyote.http11.Http11Processor.service(Http11Processor.java:272)
	at org.apache.coyote.AbstractProcessorLight.process(AbstractProcessorLight.java:63)
	at org.apache.coyote.AbstractProtocol$ConnectionHandler.process(AbstractProtocol.java:903)
	at org.apache.tomcat.util.net.NioEndpoint$SocketProcessor.doRun(NioEndpoint.java:1775)
	at org.apache.tomcat.util.net.SocketProcessorBase.run(SocketProcessorBase.java:52)
	at org.apache.tomcat.util.threads.ThreadPoolExecutor.runWorker(ThreadPoolExecutor.java:973)
	at org.apache.tomcat.util.threads.ThreadPoolExecutor$Worker.run(ThreadPoolExecutor.java:491)
	at org.apache.tomcat.util.threads.TaskThread$WrappingRunnable.run(TaskThread.java:63)
	at java.base/java.lang.Thread.run(Thread.java:1583)
2026-04-26 14:16:49 DEBUG o.a.coyote.http11.Http11Processor - Error state [CLOSE_CONNECTION_NOW] reported while processing request
java.io.EOFException
	at org.apache.tomcat.util.net.NioEndpoint$NioSocketWrapper.fillReadBuffer(NioEndpoint.java:1334)
	at org.apache.tomcat.util.net.NioEndpoint$NioSocketWrapper.read(NioEndpoint.java:1218)
	at org.apache.coyote.http11.Http11InputBuffer.fill(Http11InputBuffer.java:780)
	at org.apache.coyote.http11.Http11InputBuffer.parseRequestLine(Http11InputBuffer.java:345)
	at org.apache.coyote.http11.Http11Processor.service(Http11Processor.java:272)
	at org.apache.coyote.AbstractProcessorLight.process(AbstractProcessorLight.java:63)
	at org.apache.coyote.AbstractProtocol$ConnectionHandler.process(AbstractProtocol.java:903)
	at org.apache.tomcat.util.net.NioEndpoint$SocketProcessor.doRun(NioEndpoint.java:1775)
	at org.apache.tomcat.util.net.SocketProcessorBase.run(SocketProcessorBase.java:52)
	at org.apache.tomcat.util.threads.ThreadPoolExecutor.runWorker(ThreadPoolExecutor.java:973)
	at org.apache.tomcat.util.threads.ThreadPoolExecutor$Worker.run(ThreadPoolExecutor.java:491)
	at org.apache.tomcat.util.threads.TaskThread$WrappingRunnable.run(TaskThread.java:63)
	at java.base/java.lang.Thread.run(Thread.java:1583)
2026-04-26 14:21:35 DEBUG o.a.tomcat.util.compat.Jre22Compat - Class not found so assuming code is running on a pre-Java 22 JVM
java.lang.ClassNotFoundException: java.text.ListFormat
	at java.base/jdk.internal.loader.BuiltinClassLoader.loadClass(BuiltinClassLoader.java:641)
	at java.base/jdk.internal.loader.ClassLoaders$AppClassLoader.loadClass(ClassLoaders.java:188)
	at java.base/java.lang.ClassLoader.loadClass(ClassLoader.java:526)
	at java.base/java.lang.Class.forName0(Native Method)
	at java.base/java.lang.Class.forName(Class.java:423)
	at java.base/java.lang.Class.forName(Class.java:414)
	at org.apache.tomcat.util.compat.Jre22Compat.<clinit>(Jre22Compat.java:37)
	at org.apache.tomcat.util.compat.JreCompat.<clinit>(JreCompat.java:75)
	at org.apache.catalina.startup.Tomcat.<clinit>(Tomcat.java:1196)
	at org.springframework.boot.web.embedded.tomcat.TomcatServletWebServerFactory.getWebServer(TomcatServletWebServerFactory.java:200)
	at org.springframework.boot.web.servlet.context.ServletWebServerApplicationContext.createWebServer(ServletWebServerApplicationContext.java:193)
	at org.springframework.boot.web.servlet.context.ServletWebServerApplicationContext.onRefresh(ServletWebServerApplicationContext.java:167)
	at org.springframework.context.support.AbstractApplicationContext.refresh(AbstractApplicationContext.java:622)
	at org.springframework.boot.web.servlet.context.ServletWebServerApplicationContext.refresh(ServletWebServerApplicationContext.java:146)
	at org.springframework.boot.SpringApplication.refresh(SpringApplication.java:752)
	at org.springframework.boot.SpringApplication.refreshContext(SpringApplication.java:439)
	at org.springframework.boot.SpringApplication.run(SpringApplication.java:318)
	at org.springframework.boot.SpringApplication.run(SpringApplication.java:1361)
	at org.springframework.boot.SpringApplication.run(SpringApplication.java:1350)
	at gr.aueb.cf.eduapp.EduAppApplication.main(EduAppApplication.java:12)
2026-04-26 14:21:35 DEBUG o.apache.catalina.core.ContainerBase - Add container child [StandardHost[localhost]] to container [StandardEngine[Tomcat]]
2026-04-26 14:21:35 DEBUG o.apache.catalina.core.ContainerBase - Add container child [TomcatEmbeddedContext[]] to container [StandardEngine[Tomcat].StandardHost[localhost]]
2026-04-26 14:21:35 DEBUG o.apache.catalina.util.LifecycleBase - Setting state for [StandardServer[-1]] to [INITIALIZING]
2026-04-26 14:21:35 DEBUG o.apache.catalina.util.LifecycleBase - Setting state for [org.apache.catalina.deploy.NamingResourcesImpl@6e243175] to [INITIALIZING]
2026-04-26 14:21:35 DEBUG o.apache.catalina.util.LifecycleBase - Setting state for [org.apache.catalina.deploy.NamingResourcesImpl@6e243175] to [INITIALIZED]
2026-04-26 14:21:35 DEBUG o.apache.catalina.util.LifecycleBase - Setting state for [StandardService[Tomcat]] to [INITIALIZING]
2026-04-26 14:21:35 DEBUG o.apache.catalina.util.LifecycleBase - Setting state for [StandardEngine[Tomcat]] to [INITIALIZING]
2026-04-26 14:21:35 DEBUG o.apache.catalina.util.LifecycleBase - Setting state for [StandardEngine[Tomcat]] to [INITIALIZED]
2026-04-26 14:21:35 DEBUG o.apache.catalina.util.LifecycleBase - Setting state for [org.apache.catalina.mapper.MapperListener@2dfeb141] to [INITIALIZING]
2026-04-26 14:21:35 DEBUG o.apache.catalina.util.LifecycleBase - Setting state for [org.apache.catalina.mapper.MapperListener@2dfeb141] to [INITIALIZED]
2026-04-26 14:21:35 DEBUG o.apache.catalina.util.LifecycleBase - Setting state for [Connector["http-nio-8080"]] to [INITIALIZING]
2026-04-26 14:21:35 INFO  o.a.coyote.http11.Http11NioProtocol - Initializing ProtocolHandler ["http-nio-8080"]
2026-04-26 14:21:35 DEBUG o.apache.catalina.util.LifecycleBase - Setting state for [Connector["http-nio-8080"]] to [INITIALIZED]
2026-04-26 14:21:35 DEBUG o.apache.catalina.util.LifecycleBase - Setting state for [StandardService[Tomcat]] to [INITIALIZED]
2026-04-26 14:21:35 DEBUG o.apache.catalina.util.LifecycleBase - Setting state for [StandardServer[-1]] to [INITIALIZED]
2026-04-26 14:21:35 DEBUG o.apache.catalina.util.LifecycleBase - Setting state for [StandardServer[-1]] to [STARTING_PREP]
2026-04-26 14:21:35 DEBUG o.apache.catalina.util.LifecycleBase - Setting state for [StandardServer[-1]] to [STARTING]
2026-04-26 14:21:35 DEBUG o.apache.catalina.util.LifecycleBase - Setting state for [org.apache.catalina.deploy.NamingResourcesImpl@6e243175] to [STARTING_PREP]
2026-04-26 14:21:35 DEBUG o.apache.catalina.util.LifecycleBase - Setting state for [org.apache.catalina.deploy.NamingResourcesImpl@6e243175] to [STARTING]
2026-04-26 14:21:35 DEBUG o.apache.catalina.util.LifecycleBase - Setting state for [org.apache.catalina.deploy.NamingResourcesImpl@6e243175] to [STARTED]
2026-04-26 14:21:35 DEBUG o.apache.catalina.util.LifecycleBase - Setting state for [StandardService[Tomcat]] to [STARTING_PREP]
2026-04-26 14:21:35 INFO  o.a.catalina.core.StandardService - Starting service [Tomcat]
2026-04-26 14:21:35 DEBUG o.apache.catalina.util.LifecycleBase - Setting state for [StandardService[Tomcat]] to [STARTING]
2026-04-26 14:21:35 DEBUG o.apache.catalina.util.LifecycleBase - Setting state for [StandardEngine[Tomcat]] to [STARTING_PREP]
2026-04-26 14:21:35 INFO  o.a.catalina.core.StandardEngine - Starting Servlet engine: [Apache Tomcat/10.1.52]
2026-04-26 14:21:35 DEBUG o.apache.catalina.util.LifecycleBase - Setting state for [SimpleRealm[StandardEngine[Tomcat]]] to [INITIALIZING]
2026-04-26 14:21:35 DEBUG o.apache.catalina.util.LifecycleBase - Setting state for [SimpleRealm[StandardEngine[Tomcat]]] to [INITIALIZED]
2026-04-26 14:21:35 DEBUG o.apache.catalina.util.LifecycleBase - Setting state for [SimpleRealm[StandardEngine[Tomcat]]] to [STARTING_PREP]
2026-04-26 14:21:35 DEBUG o.apache.catalina.util.LifecycleBase - Setting state for [SimpleRealm[StandardEngine[Tomcat]]] to [STARTING]
2026-04-26 14:21:35 DEBUG o.apache.catalina.util.LifecycleBase - Setting state for [SimpleRealm[StandardEngine[Tomcat]]] to [STARTED]
2026-04-26 14:21:35 DEBUG o.apache.catalina.util.LifecycleBase - Setting state for [StandardEngine[Tomcat].StandardHost[localhost]] to [INITIALIZING]
2026-04-26 14:21:35 DEBUG o.apache.catalina.util.LifecycleBase - Setting state for [StandardEngine[Tomcat].StandardHost[localhost]] to [INITIALIZED]
2026-04-26 14:21:35 DEBUG o.apache.catalina.util.LifecycleBase - Setting state for [StandardEngine[Tomcat].StandardHost[localhost]] to [STARTING_PREP]
2026-04-26 14:21:35 DEBUG o.apache.catalina.util.LifecycleBase - Setting state for [StandardEngine[Tomcat].StandardHost[localhost].TomcatEmbeddedContext[]] to [INITIALIZING]
2026-04-26 14:21:36 DEBUG o.apache.catalina.util.LifecycleBase - Setting state for [StandardEngine[Tomcat].StandardHost[localhost].TomcatEmbeddedContext[]] to [INITIALIZED]
2026-04-26 14:21:36 DEBUG o.apache.catalina.util.LifecycleBase - Setting state for [StandardEngine[Tomcat].StandardHost[localhost].TomcatEmbeddedContext[]] to [STARTING_PREP]
2026-04-26 14:21:36 DEBUG o.apache.catalina.util.LifecycleBase - Setting state for [org.apache.catalina.webresources.StandardRoot@35cec305] to [INITIALIZING]
2026-04-26 14:21:36 DEBUG o.apache.catalina.util.LifecycleBase - Setting state for [org.apache.catalina.webresources.StandardRoot@35cec305] to [INITIALIZED]
2026-04-26 14:21:36 DEBUG o.apache.catalina.util.LifecycleBase - Setting state for [org.apache.catalina.webresources.StandardRoot@35cec305] to [STARTING_PREP]
2026-04-26 14:21:36 DEBUG o.apache.catalina.util.LifecycleBase - Setting state for [org.apache.catalina.webresources.DirResourceSet@67f9cb52] to [INITIALIZING]
2026-04-26 14:21:36 DEBUG o.apache.catalina.util.LifecycleBase - Setting state for [org.apache.catalina.webresources.DirResourceSet@67f9cb52] to [INITIALIZED]
2026-04-26 14:21:36 DEBUG o.apache.catalina.util.LifecycleBase - Setting state for [org.apache.catalina.webresources.DirResourceSet@67f9cb52] to [STARTING_PREP]
2026-04-26 14:21:36 DEBUG o.apache.catalina.util.LifecycleBase - Setting state for [org.apache.catalina.webresources.DirResourceSet@67f9cb52] to [STARTING]
2026-04-26 14:21:36 DEBUG o.apache.catalina.util.LifecycleBase - Setting state for [org.apache.catalina.webresources.DirResourceSet@67f9cb52] to [STARTED]
2026-04-26 14:21:36 DEBUG o.apache.catalina.util.LifecycleBase - Setting state for [org.apache.catalina.webresources.StandardRoot@35cec305] to [STARTING]
2026-04-26 14:21:36 DEBUG o.apache.catalina.util.LifecycleBase - Setting state for [org.apache.catalina.webresources.StandardRoot@35cec305] to [STARTED]
2026-04-26 14:21:36 DEBUG o.apache.catalina.util.LifecycleBase - Setting state for [WebappLoader[StandardEngine[Tomcat].StandardHost[localhost].TomcatEmbeddedContext[]]] to [INITIALIZING]
2026-04-26 14:21:36 DEBUG o.apache.catalina.util.LifecycleBase - Setting state for [WebappLoader[StandardEngine[Tomcat].StandardHost[localhost].TomcatEmbeddedContext[]]] to [INITIALIZED]
2026-04-26 14:21:36 DEBUG o.apache.catalina.util.LifecycleBase - Setting state for [WebappLoader[StandardEngine[Tomcat].StandardHost[localhost].TomcatEmbeddedContext[]]] to [STARTING_PREP]
2026-04-26 14:21:36 DEBUG o.a.catalina.loader.WebappLoader - Starting this Loader
2026-04-26 14:21:36 DEBUG o.apache.catalina.webresources.Cache - Increased cache size by [531] for item [org.apache.catalina.webresources.CachedResource@14b31e37] at [/WEB-INF/classes] making total cache size [531]
2026-04-26 14:21:36 DEBUG o.apache.catalina.util.LifecycleBase - Setting state for [WebappLoader[StandardEngine[Tomcat].StandardHost[localhost].TomcatEmbeddedContext[]]] to [STARTING]
2026-04-26 14:21:36 DEBUG o.apache.catalina.util.LifecycleBase - Setting state for [WebappLoader[StandardEngine[Tomcat].StandardHost[localhost].TomcatEmbeddedContext[]]] to [STARTED]
2026-04-26 14:21:36 DEBUG o.apache.catalina.util.LifecycleBase - Setting state for [StandardPipeline[StandardEngine[Tomcat].StandardHost[localhost].TomcatEmbeddedContext[]]] to [INITIALIZING]
2026-04-26 14:21:36 DEBUG o.apache.catalina.util.LifecycleBase - Setting state for [StandardPipeline[StandardEngine[Tomcat].StandardHost[localhost].TomcatEmbeddedContext[]]] to [INITIALIZED]
2026-04-26 14:21:36 DEBUG o.apache.catalina.util.LifecycleBase - Setting state for [StandardPipeline[StandardEngine[Tomcat].StandardHost[localhost].TomcatEmbeddedContext[]]] to [STARTING_PREP]
2026-04-26 14:21:36 DEBUG o.apache.catalina.util.LifecycleBase - Setting state for [NonLoginAuthenticator[StandardEngine[Tomcat].StandardHost[localhost].TomcatEmbeddedContext[]]] to [INITIALIZING]
2026-04-26 14:21:36 DEBUG o.apache.catalina.util.LifecycleBase - Setting state for [NonLoginAuthenticator[StandardEngine[Tomcat].StandardHost[localhost].TomcatEmbeddedContext[]]] to [INITIALIZED]
2026-04-26 14:21:36 DEBUG o.apache.catalina.util.LifecycleBase - Setting state for [NonLoginAuthenticator[StandardEngine[Tomcat].StandardHost[localhost].TomcatEmbeddedContext[]]] to [STARTING_PREP]
2026-04-26 14:21:36 DEBUG o.apache.catalina.util.LifecycleBase - Setting state for [NonLoginAuthenticator[StandardEngine[Tomcat].StandardHost[localhost].TomcatEmbeddedContext[]]] to [STARTING]
2026-04-26 14:21:36 DEBUG o.apache.catalina.util.LifecycleBase - Setting state for [NonLoginAuthenticator[StandardEngine[Tomcat].StandardHost[localhost].TomcatEmbeddedContext[]]] to [STARTED]
2026-04-26 14:21:36 DEBUG o.apache.catalina.util.LifecycleBase - Setting state for [StandardContextValve[StandardEngine[Tomcat].StandardHost[localhost].TomcatEmbeddedContext[]]] to [INITIALIZING]
2026-04-26 14:21:36 DEBUG o.apache.catalina.util.LifecycleBase - Setting state for [StandardContextValve[StandardEngine[Tomcat].StandardHost[localhost].TomcatEmbeddedContext[]]] to [INITIALIZED]
2026-04-26 14:21:36 DEBUG o.apache.catalina.util.LifecycleBase - Setting state for [StandardContextValve[StandardEngine[Tomcat].StandardHost[localhost].TomcatEmbeddedContext[]]] to [STARTING_PREP]
2026-04-26 14:21:36 DEBUG o.apache.catalina.util.LifecycleBase - Setting state for [StandardContextValve[StandardEngine[Tomcat].StandardHost[localhost].TomcatEmbeddedContext[]]] to [STARTING]
2026-04-26 14:21:36 DEBUG o.apache.catalina.util.LifecycleBase - Setting state for [StandardContextValve[StandardEngine[Tomcat].StandardHost[localhost].TomcatEmbeddedContext[]]] to [STARTED]
2026-04-26 14:21:36 DEBUG o.apache.catalina.util.LifecycleBase - Setting state for [StandardPipeline[StandardEngine[Tomcat].StandardHost[localhost].TomcatEmbeddedContext[]]] to [STARTING]
2026-04-26 14:21:36 DEBUG o.apache.catalina.util.LifecycleBase - Setting state for [StandardPipeline[StandardEngine[Tomcat].StandardHost[localhost].TomcatEmbeddedContext[]]] to [STARTED]
2026-04-26 14:21:36 DEBUG o.a.catalina.core.StandardContext - No manager found. Checking if cluster manager should be used. Cluster configured: [false], Application distributable: [false]
2026-04-26 14:21:36 DEBUG o.a.catalina.core.StandardContext - Configured a manager of class [org.apache.catalina.session.StandardManager]
2026-04-26 14:21:36 DEBUG o.apache.catalina.util.LifecycleBase - Setting state for [org.apache.catalina.deploy.NamingResourcesImpl@17222c11] to [INITIALIZING]
2026-04-26 14:21:36 DEBUG o.apache.catalina.util.LifecycleBase - Setting state for [org.apache.catalina.deploy.NamingResourcesImpl@17222c11] to [INITIALIZED]
2026-04-26 14:21:36 DEBUG o.apache.catalina.util.LifecycleBase - Setting state for [org.apache.catalina.deploy.NamingResourcesImpl@17222c11] to [STARTING_PREP]
2026-04-26 14:21:36 DEBUG o.apache.catalina.util.LifecycleBase - Setting state for [org.apache.catalina.deploy.NamingResourcesImpl@17222c11] to [STARTING]
2026-04-26 14:21:36 DEBUG o.apache.catalina.util.LifecycleBase - Setting state for [org.apache.catalina.deploy.NamingResourcesImpl@17222c11] to [STARTED]
2026-04-26 14:21:36 INFO  o.a.c.c.C.[Tomcat].[localhost].[/] - Initializing Spring embedded WebApplicationContext
2026-04-26 14:21:37 DEBUG o.apache.catalina.webresources.Cache - Increased cache size by [573] for item [org.apache.catalina.webresources.CachedResource@3ba97962] at [/WEB-INF/classes/hibernate.properties] making total cache size [1104]
2026-04-26 14:21:38 DEBUG o.apache.catalina.webresources.Cache - Increased cache size by [579] for item [org.apache.catalina.webresources.CachedResource@1e160a9e] at [/WEB-INF/classes/META-INF/validation.xml] making total cache size [1683]
2026-04-26 14:21:40 DEBUG o.apache.catalina.core.ContainerBase - Add container child [StandardWrapper[dispatcherServlet]] to container [StandardEngine[Tomcat].StandardHost[localhost].TomcatEmbeddedContext[]]
2026-04-26 14:21:40 DEBUG o.apache.catalina.util.LifecycleBase - Setting state for [StandardEngine[Tomcat].StandardHost[localhost].TomcatEmbeddedContext[].StandardWrapper[dispatcherServlet]] to [INITIALIZING]
2026-04-26 14:21:40 DEBUG o.apache.catalina.util.LifecycleBase - Setting state for [StandardEngine[Tomcat].StandardHost[localhost].TomcatEmbeddedContext[].StandardWrapper[dispatcherServlet]] to [INITIALIZED]
2026-04-26 14:21:40 DEBUG o.apache.catalina.util.LifecycleBase - Setting state for [StandardEngine[Tomcat].StandardHost[localhost].TomcatEmbeddedContext[].StandardWrapper[dispatcherServlet]] to [STARTING_PREP]
2026-04-26 14:21:40 DEBUG o.apache.catalina.util.LifecycleBase - Setting state for [StandardPipeline[StandardEngine[Tomcat].StandardHost[localhost].TomcatEmbeddedContext[].StandardWrapper[dispatcherServlet]]] to [INITIALIZING]
2026-04-26 14:21:40 DEBUG o.apache.catalina.util.LifecycleBase - Setting state for [StandardPipeline[StandardEngine[Tomcat].StandardHost[localhost].TomcatEmbeddedContext[].StandardWrapper[dispatcherServlet]]] to [INITIALIZED]
2026-04-26 14:21:40 DEBUG o.apache.catalina.util.LifecycleBase - Setting state for [StandardPipeline[StandardEngine[Tomcat].StandardHost[localhost].TomcatEmbeddedContext[].StandardWrapper[dispatcherServlet]]] to [STARTING_PREP]
2026-04-26 14:21:40 DEBUG o.apache.catalina.util.LifecycleBase - Setting state for [StandardWrapperValve[StandardEngine[Tomcat].StandardHost[localhost].TomcatEmbeddedContext[].StandardWrapper[dispatcherServlet]]] to [INITIALIZING]
2026-04-26 14:21:40 DEBUG o.apache.catalina.util.LifecycleBase - Setting state for [StandardWrapperValve[StandardEngine[Tomcat].StandardHost[localhost].TomcatEmbeddedContext[].StandardWrapper[dispatcherServlet]]] to [INITIALIZED]
2026-04-26 14:21:40 DEBUG o.apache.catalina.util.LifecycleBase - Setting state for [StandardWrapperValve[StandardEngine[Tomcat].StandardHost[localhost].TomcatEmbeddedContext[].StandardWrapper[dispatcherServlet]]] to [STARTING_PREP]
2026-04-26 14:21:40 DEBUG o.apache.catalina.util.LifecycleBase - Setting state for [StandardWrapperValve[StandardEngine[Tomcat].StandardHost[localhost].TomcatEmbeddedContext[].StandardWrapper[dispatcherServlet]]] to [STARTING]
2026-04-26 14:21:40 DEBUG o.apache.catalina.util.LifecycleBase - Setting state for [StandardWrapperValve[StandardEngine[Tomcat].StandardHost[localhost].TomcatEmbeddedContext[].StandardWrapper[dispatcherServlet]]] to [STARTED]
2026-04-26 14:21:40 DEBUG o.apache.catalina.util.LifecycleBase - Setting state for [StandardPipeline[StandardEngine[Tomcat].StandardHost[localhost].TomcatEmbeddedContext[].StandardWrapper[dispatcherServlet]]] to [STARTING]
2026-04-26 14:21:40 DEBUG o.apache.catalina.util.LifecycleBase - Setting state for [StandardPipeline[StandardEngine[Tomcat].StandardHost[localhost].TomcatEmbeddedContext[].StandardWrapper[dispatcherServlet]]] to [STARTED]
2026-04-26 14:21:40 DEBUG o.apache.catalina.util.LifecycleBase - Setting state for [StandardEngine[Tomcat].StandardHost[localhost].TomcatEmbeddedContext[].StandardWrapper[dispatcherServlet]] to [STARTING]
2026-04-26 14:21:40 DEBUG o.apache.catalina.util.LifecycleBase - Setting state for [StandardEngine[Tomcat].StandardHost[localhost].TomcatEmbeddedContext[].StandardWrapper[dispatcherServlet]] to [STARTED]
2026-04-26 14:21:40 DEBUG o.apache.catalina.util.LifecycleBase - Setting state for [StandardManager[StandardEngine[Tomcat].StandardHost[localhost].TomcatEmbeddedContext[]]] to [INITIALIZING]
2026-04-26 14:21:40 DEBUG o.apache.catalina.util.LifecycleBase - Setting state for [StandardManager[StandardEngine[Tomcat].StandardHost[localhost].TomcatEmbeddedContext[]]] to [INITIALIZED]
2026-04-26 14:21:40 DEBUG o.apache.catalina.util.LifecycleBase - Setting state for [StandardManager[StandardEngine[Tomcat].StandardHost[localhost].TomcatEmbeddedContext[]]] to [STARTING_PREP]
2026-04-26 14:21:40 DEBUG o.apache.catalina.util.LifecycleBase - Setting state for [org.springframework.boot.web.embedded.tomcat.LazySessionIdGenerator@3d268a2c] to [INITIALIZING]
2026-04-26 14:21:40 DEBUG o.apache.catalina.util.LifecycleBase - Setting state for [org.springframework.boot.web.embedded.tomcat.LazySessionIdGenerator@3d268a2c] to [INITIALIZED]
2026-04-26 14:21:40 DEBUG o.apache.catalina.util.LifecycleBase - Setting state for [org.springframework.boot.web.embedded.tomcat.LazySessionIdGenerator@3d268a2c] to [STARTING_PREP]
2026-04-26 14:21:40 DEBUG o.apache.catalina.util.LifecycleBase - Setting state for [org.springframework.boot.web.embedded.tomcat.LazySessionIdGenerator@3d268a2c] to [STARTING]
2026-04-26 14:21:40 DEBUG o.apache.catalina.util.LifecycleBase - Setting state for [org.springframework.boot.web.embedded.tomcat.LazySessionIdGenerator@3d268a2c] to [STARTED]
2026-04-26 14:21:40 DEBUG o.apache.catalina.util.LifecycleBase - Setting state for [StandardManager[StandardEngine[Tomcat].StandardHost[localhost].TomcatEmbeddedContext[]]] to [STARTING]
2026-04-26 14:21:40 DEBUG o.apache.catalina.util.LifecycleBase - Setting state for [StandardManager[StandardEngine[Tomcat].StandardHost[localhost].TomcatEmbeddedContext[]]] to [STARTED]
2026-04-26 14:21:40 DEBUG o.apache.catalina.util.LifecycleBase - Setting state for [StandardEngine[Tomcat].StandardHost[localhost].TomcatEmbeddedContext[]] to [STARTING]
2026-04-26 14:21:40 DEBUG o.apache.catalina.util.LifecycleBase - Setting state for [StandardEngine[Tomcat].StandardHost[localhost].TomcatEmbeddedContext[]] to [STARTED]
2026-04-26 14:21:40 DEBUG o.apache.catalina.util.LifecycleBase - Setting state for [StandardPipeline[StandardEngine[Tomcat].StandardHost[localhost]]] to [INITIALIZING]
2026-04-26 14:21:40 DEBUG o.apache.catalina.util.LifecycleBase - Setting state for [StandardPipeline[StandardEngine[Tomcat].StandardHost[localhost]]] to [INITIALIZED]
2026-04-26 14:21:40 DEBUG o.apache.catalina.util.LifecycleBase - Setting state for [StandardPipeline[StandardEngine[Tomcat].StandardHost[localhost]]] to [STARTING_PREP]
2026-04-26 14:21:40 DEBUG o.apache.catalina.util.LifecycleBase - Setting state for [ErrorReportValve[StandardEngine[Tomcat].StandardHost[localhost]]] to [INITIALIZING]
2026-04-26 14:21:40 DEBUG o.apache.catalina.util.LifecycleBase - Setting state for [ErrorReportValve[StandardEngine[Tomcat].StandardHost[localhost]]] to [INITIALIZED]
2026-04-26 14:21:40 DEBUG o.apache.catalina.util.LifecycleBase - Setting state for [ErrorReportValve[StandardEngine[Tomcat].StandardHost[localhost]]] to [STARTING_PREP]
2026-04-26 14:21:40 DEBUG o.apache.catalina.util.LifecycleBase - Setting state for [ErrorReportValve[StandardEngine[Tomcat].StandardHost[localhost]]] to [STARTING]
2026-04-26 14:21:40 DEBUG o.apache.catalina.util.LifecycleBase - Setting state for [ErrorReportValve[StandardEngine[Tomcat].StandardHost[localhost]]] to [STARTED]
2026-04-26 14:21:40 DEBUG o.apache.catalina.util.LifecycleBase - Setting state for [StandardHostValve[StandardEngine[Tomcat].StandardHost[localhost]]] to [INITIALIZING]
2026-04-26 14:21:40 DEBUG o.apache.catalina.util.LifecycleBase - Setting state for [StandardHostValve[StandardEngine[Tomcat].StandardHost[localhost]]] to [INITIALIZED]
2026-04-26 14:21:40 DEBUG o.apache.catalina.util.LifecycleBase - Setting state for [StandardHostValve[StandardEngine[Tomcat].StandardHost[localhost]]] to [STARTING_PREP]
2026-04-26 14:21:40 DEBUG o.apache.catalina.util.LifecycleBase - Setting state for [StandardHostValve[StandardEngine[Tomcat].StandardHost[localhost]]] to [STARTING]
2026-04-26 14:21:40 DEBUG o.apache.catalina.util.LifecycleBase - Setting state for [StandardHostValve[StandardEngine[Tomcat].StandardHost[localhost]]] to [STARTED]
2026-04-26 14:21:40 DEBUG o.apache.catalina.util.LifecycleBase - Setting state for [StandardPipeline[StandardEngine[Tomcat].StandardHost[localhost]]] to [STARTING]
2026-04-26 14:21:40 DEBUG o.apache.catalina.util.LifecycleBase - Setting state for [StandardPipeline[StandardEngine[Tomcat].StandardHost[localhost]]] to [STARTED]
2026-04-26 14:21:40 DEBUG o.apache.catalina.util.LifecycleBase - Setting state for [StandardEngine[Tomcat].StandardHost[localhost]] to [STARTING]
2026-04-26 14:21:40 DEBUG o.apache.catalina.util.LifecycleBase - Setting state for [StandardEngine[Tomcat].StandardHost[localhost]] to [STARTED]
2026-04-26 14:21:40 DEBUG o.apache.catalina.util.LifecycleBase - Setting state for [StandardPipeline[StandardEngine[Tomcat]]] to [INITIALIZING]
2026-04-26 14:21:40 DEBUG o.apache.catalina.util.LifecycleBase - Setting state for [StandardPipeline[StandardEngine[Tomcat]]] to [INITIALIZED]
2026-04-26 14:21:40 DEBUG o.apache.catalina.util.LifecycleBase - Setting state for [StandardPipeline[StandardEngine[Tomcat]]] to [STARTING_PREP]
2026-04-26 14:21:40 DEBUG o.apache.catalina.util.LifecycleBase - Setting state for [StandardEngineValve[StandardEngine[Tomcat]]] to [INITIALIZING]
2026-04-26 14:21:40 DEBUG o.apache.catalina.util.LifecycleBase - Setting state for [StandardEngineValve[StandardEngine[Tomcat]]] to [INITIALIZED]
2026-04-26 14:21:40 DEBUG o.apache.catalina.util.LifecycleBase - Setting state for [StandardEngineValve[StandardEngine[Tomcat]]] to [STARTING_PREP]
2026-04-26 14:21:40 DEBUG o.apache.catalina.util.LifecycleBase - Setting state for [StandardEngineValve[StandardEngine[Tomcat]]] to [STARTING]
2026-04-26 14:21:40 DEBUG o.apache.catalina.util.LifecycleBase - Setting state for [StandardEngineValve[StandardEngine[Tomcat]]] to [STARTED]
2026-04-26 14:21:40 DEBUG o.apache.catalina.util.LifecycleBase - Setting state for [StandardPipeline[StandardEngine[Tomcat]]] to [STARTING]
2026-04-26 14:21:40 DEBUG o.apache.catalina.util.LifecycleBase - Setting state for [StandardPipeline[StandardEngine[Tomcat]]] to [STARTED]
2026-04-26 14:21:40 DEBUG o.apache.catalina.util.LifecycleBase - Setting state for [StandardEngine[Tomcat]] to [STARTING]
2026-04-26 14:21:40 DEBUG o.apache.catalina.util.LifecycleBase - Setting state for [StandardEngine[Tomcat]] to [STARTED]
2026-04-26 14:21:40 DEBUG o.apache.catalina.util.LifecycleBase - Setting state for [org.apache.catalina.mapper.MapperListener@2dfeb141] to [STARTING_PREP]
2026-04-26 14:21:40 DEBUG o.apache.catalina.util.LifecycleBase - Setting state for [org.apache.catalina.mapper.MapperListener@2dfeb141] to [STARTING]
2026-04-26 14:21:40 DEBUG org.apache.catalina.mapper.Mapper - Registered host [localhost]
2026-04-26 14:21:40 DEBUG o.a.catalina.mapper.MapperListener - Register Wrapper [dispatcherServlet] in Context [] for service [StandardService[Tomcat]]
2026-04-26 14:21:40 DEBUG o.a.catalina.mapper.MapperListener - Register Context [] for service [StandardService[Tomcat]]
2026-04-26 14:21:40 DEBUG o.a.catalina.mapper.MapperListener - Register host [localhost] at domain [null] for service [StandardService[Tomcat]]
2026-04-26 14:21:40 DEBUG o.apache.catalina.util.LifecycleBase - Setting state for [org.apache.catalina.mapper.MapperListener@2dfeb141] to [STARTED]
2026-04-26 14:21:40 DEBUG o.apache.catalina.util.LifecycleBase - Setting state for [StandardService[Tomcat]] to [STARTED]
2026-04-26 14:21:40 DEBUG o.apache.catalina.util.LifecycleBase - Setting state for [StandardServer[-1]] to [STARTED]
2026-04-26 14:21:40 DEBUG o.apache.catalina.webresources.Cache - Increased cache size by [521] for item [org.apache.catalina.webresources.CachedResource@267a0b6a] at [/index.html] making total cache size [2204]
2026-04-26 14:21:41 DEBUG o.apache.catalina.webresources.Cache - Increased cache size by [501] for item [org.apache.catalina.webresources.CachedResource@57d6f569] at [/] making total cache size [2705]
2026-04-26 14:21:41 DEBUG o.apache.catalina.util.LifecycleBase - Setting state for [Connector["http-nio-8080"]] to [STARTING_PREP]
2026-04-26 14:21:41 DEBUG o.apache.catalina.util.LifecycleBase - Setting state for [Connector["http-nio-8080"]] to [STARTING]
2026-04-26 14:21:41 INFO  o.a.coyote.http11.Http11NioProtocol - Starting ProtocolHandler ["http-nio-8080"]
2026-04-26 14:21:41 DEBUG o.apache.catalina.util.LifecycleBase - Setting state for [Connector["http-nio-8080"]] to [STARTED]
2026-04-26 14:22:26 DEBUG o.a.coyote.http11.Http11Processor - Error parsing HTTP request header
java.io.EOFException
	at org.apache.tomcat.util.net.NioEndpoint$NioSocketWrapper.fillReadBuffer(NioEndpoint.java:1334)
	at org.apache.tomcat.util.net.NioEndpoint$NioSocketWrapper.read(NioEndpoint.java:1218)
	at org.apache.coyote.http11.Http11InputBuffer.fill(Http11InputBuffer.java:780)
	at org.apache.coyote.http11.Http11InputBuffer.parseRequestLine(Http11InputBuffer.java:345)
	at org.apache.coyote.http11.Http11Processor.service(Http11Processor.java:272)
	at org.apache.coyote.AbstractProcessorLight.process(AbstractProcessorLight.java:63)
	at org.apache.coyote.AbstractProtocol$ConnectionHandler.process(AbstractProtocol.java:903)
	at org.apache.tomcat.util.net.NioEndpoint$SocketProcessor.doRun(NioEndpoint.java:1775)
	at org.apache.tomcat.util.net.SocketProcessorBase.run(SocketProcessorBase.java:52)
	at org.apache.tomcat.util.threads.ThreadPoolExecutor.runWorker(ThreadPoolExecutor.java:973)
	at org.apache.tomcat.util.threads.ThreadPoolExecutor$Worker.run(ThreadPoolExecutor.java:491)
	at org.apache.tomcat.util.threads.TaskThread$WrappingRunnable.run(TaskThread.java:63)
	at java.base/java.lang.Thread.run(Thread.java:1583)
2026-04-26 14:22:26 DEBUG o.a.coyote.http11.Http11Processor - Error state [CLOSE_CONNECTION_NOW] reported while processing request
java.io.EOFException
	at org.apache.tomcat.util.net.NioEndpoint$NioSocketWrapper.fillReadBuffer(NioEndpoint.java:1334)
	at org.apache.tomcat.util.net.NioEndpoint$NioSocketWrapper.read(NioEndpoint.java:1218)
	at org.apache.coyote.http11.Http11InputBuffer.fill(Http11InputBuffer.java:780)
	at org.apache.coyote.http11.Http11InputBuffer.parseRequestLine(Http11InputBuffer.java:345)
	at org.apache.coyote.http11.Http11Processor.service(Http11Processor.java:272)
	at org.apache.coyote.AbstractProcessorLight.process(AbstractProcessorLight.java:63)
	at org.apache.coyote.AbstractProtocol$ConnectionHandler.process(AbstractProtocol.java:903)
	at org.apache.tomcat.util.net.NioEndpoint$SocketProcessor.doRun(NioEndpoint.java:1775)
	at org.apache.tomcat.util.net.SocketProcessorBase.run(SocketProcessorBase.java:52)
	at org.apache.tomcat.util.threads.ThreadPoolExecutor.runWorker(ThreadPoolExecutor.java:973)
	at org.apache.tomcat.util.threads.ThreadPoolExecutor$Worker.run(ThreadPoolExecutor.java:491)
	at org.apache.tomcat.util.threads.TaskThread$WrappingRunnable.run(TaskThread.java:63)
	at java.base/java.lang.Thread.run(Thread.java:1583)
2026-04-26 14:22:26 DEBUG o.a.c.a.jaspic.AuthConfigFactoryImpl - Loading persistent provider registrations from [C:\Users\CyberPirate\AppData\Local\Temp\tomcat.8080.14160053298853143328\conf\jaspic-providers.xml]
2026-04-26 14:22:26 INFO  o.a.c.c.C.[Tomcat].[localhost].[/] - Initializing Spring DispatcherServlet 'dispatcherServlet'
2026-04-26 14:22:43 DEBUG o.a.coyote.http11.Http11Processor - Error parsing HTTP request header
java.io.EOFException
	at org.apache.tomcat.util.net.NioEndpoint$NioSocketWrapper.fillReadBuffer(NioEndpoint.java:1334)
	at org.apache.tomcat.util.net.NioEndpoint$NioSocketWrapper.read(NioEndpoint.java:1218)
	at org.apache.coyote.http11.Http11InputBuffer.fill(Http11InputBuffer.java:780)
	at org.apache.coyote.http11.Http11InputBuffer.parseRequestLine(Http11InputBuffer.java:345)
	at org.apache.coyote.http11.Http11Processor.service(Http11Processor.java:272)
	at org.apache.coyote.AbstractProcessorLight.process(AbstractProcessorLight.java:63)
	at org.apache.coyote.AbstractProtocol$ConnectionHandler.process(AbstractProtocol.java:903)
	at org.apache.tomcat.util.net.NioEndpoint$SocketProcessor.doRun(NioEndpoint.java:1775)
	at org.apache.tomcat.util.net.SocketProcessorBase.run(SocketProcessorBase.java:52)
	at org.apache.tomcat.util.threads.ThreadPoolExecutor.runWorker(ThreadPoolExecutor.java:973)
	at org.apache.tomcat.util.threads.ThreadPoolExecutor$Worker.run(ThreadPoolExecutor.java:491)
	at org.apache.tomcat.util.threads.TaskThread$WrappingRunnable.run(TaskThread.java:63)
	at java.base/java.lang.Thread.run(Thread.java:1583)
2026-04-26 14:22:43 DEBUG o.a.coyote.http11.Http11Processor - Error state [CLOSE_CONNECTION_NOW] reported while processing request
java.io.EOFException
	at org.apache.tomcat.util.net.NioEndpoint$NioSocketWrapper.fillReadBuffer(NioEndpoint.java:1334)
	at org.apache.tomcat.util.net.NioEndpoint$NioSocketWrapper.read(NioEndpoint.java:1218)
	at org.apache.coyote.http11.Http11InputBuffer.fill(Http11InputBuffer.java:780)
	at org.apache.coyote.http11.Http11InputBuffer.parseRequestLine(Http11InputBuffer.java:345)
	at org.apache.coyote.http11.Http11Processor.service(Http11Processor.java:272)
	at org.apache.coyote.AbstractProcessorLight.process(AbstractProcessorLight.java:63)
	at org.apache.coyote.AbstractProtocol$ConnectionHandler.process(AbstractProtocol.java:903)
	at org.apache.tomcat.util.net.NioEndpoint$SocketProcessor.doRun(NioEndpoint.java:1775)
	at org.apache.tomcat.util.net.SocketProcessorBase.run(SocketProcessorBase.java:52)
	at org.apache.tomcat.util.threads.ThreadPoolExecutor.runWorker(ThreadPoolExecutor.java:973)
	at org.apache.tomcat.util.threads.ThreadPoolExecutor$Worker.run(ThreadPoolExecutor.java:491)
	at org.apache.tomcat.util.threads.TaskThread$WrappingRunnable.run(TaskThread.java:63)
	at java.base/java.lang.Thread.run(Thread.java:1583)
2026-04-26 14:24:03 DEBUG o.a.coyote.http11.Http11Processor - Error parsing HTTP request header
java.io.EOFException
	at org.apache.tomcat.util.net.NioEndpoint$NioSocketWrapper.fillReadBuffer(NioEndpoint.java:1334)
	at org.apache.tomcat.util.net.NioEndpoint$NioSocketWrapper.read(NioEndpoint.java:1218)
	at org.apache.coyote.http11.Http11InputBuffer.fill(Http11InputBuffer.java:780)
	at org.apache.coyote.http11.Http11InputBuffer.parseRequestLine(Http11InputBuffer.java:345)
	at org.apache.coyote.http11.Http11Processor.service(Http11Processor.java:272)
	at org.apache.coyote.AbstractProcessorLight.process(AbstractProcessorLight.java:63)
	at org.apache.coyote.AbstractProtocol$ConnectionHandler.process(AbstractProtocol.java:903)
	at org.apache.tomcat.util.net.NioEndpoint$SocketProcessor.doRun(NioEndpoint.java:1775)
	at org.apache.tomcat.util.net.SocketProcessorBase.run(SocketProcessorBase.java:52)
	at org.apache.tomcat.util.threads.ThreadPoolExecutor.runWorker(ThreadPoolExecutor.java:973)
	at org.apache.tomcat.util.threads.ThreadPoolExecutor$Worker.run(ThreadPoolExecutor.java:491)
	at org.apache.tomcat.util.threads.TaskThread$WrappingRunnable.run(TaskThread.java:63)
	at java.base/java.lang.Thread.run(Thread.java:1583)
2026-04-26 14:24:03 DEBUG o.a.coyote.http11.Http11Processor - Error state [CLOSE_CONNECTION_NOW] reported while processing request
java.io.EOFException
	at org.apache.tomcat.util.net.NioEndpoint$NioSocketWrapper.fillReadBuffer(NioEndpoint.java:1334)
	at org.apache.tomcat.util.net.NioEndpoint$NioSocketWrapper.read(NioEndpoint.java:1218)
	at org.apache.coyote.http11.Http11InputBuffer.fill(Http11InputBuffer.java:780)
	at org.apache.coyote.http11.Http11InputBuffer.parseRequestLine(Http11InputBuffer.java:345)
	at org.apache.coyote.http11.Http11Processor.service(Http11Processor.java:272)
	at org.apache.coyote.AbstractProcessorLight.process(AbstractProcessorLight.java:63)
	at org.apache.coyote.AbstractProtocol$ConnectionHandler.process(AbstractProtocol.java:903)
	at org.apache.tomcat.util.net.NioEndpoint$SocketProcessor.doRun(NioEndpoint.java:1775)
	at org.apache.tomcat.util.net.SocketProcessorBase.run(SocketProcessorBase.java:52)
	at org.apache.tomcat.util.threads.ThreadPoolExecutor.runWorker(ThreadPoolExecutor.java:973)
	at org.apache.tomcat.util.threads.ThreadPoolExecutor$Worker.run(ThreadPoolExecutor.java:491)
	at org.apache.tomcat.util.threads.TaskThread$WrappingRunnable.run(TaskThread.java:63)
	at java.base/java.lang.Thread.run(Thread.java:1583)
2026-04-26 14:24:14 DEBUG o.a.coyote.http11.Http11Processor - Error parsing HTTP request header
java.io.EOFException
	at org.apache.tomcat.util.net.NioEndpoint$NioSocketWrapper.fillReadBuffer(NioEndpoint.java:1334)
	at org.apache.tomcat.util.net.NioEndpoint$NioSocketWrapper.read(NioEndpoint.java:1218)
	at org.apache.coyote.http11.Http11InputBuffer.fill(Http11InputBuffer.java:780)
	at org.apache.coyote.http11.Http11InputBuffer.parseRequestLine(Http11InputBuffer.java:345)
	at org.apache.coyote.http11.Http11Processor.service(Http11Processor.java:272)
	at org.apache.coyote.AbstractProcessorLight.process(AbstractProcessorLight.java:63)
	at org.apache.coyote.AbstractProtocol$ConnectionHandler.process(AbstractProtocol.java:903)
	at org.apache.tomcat.util.net.NioEndpoint$SocketProcessor.doRun(NioEndpoint.java:1775)
	at org.apache.tomcat.util.net.SocketProcessorBase.run(SocketProcessorBase.java:52)
	at org.apache.tomcat.util.threads.ThreadPoolExecutor.runWorker(ThreadPoolExecutor.java:973)
	at org.apache.tomcat.util.threads.ThreadPoolExecutor$Worker.run(ThreadPoolExecutor.java:491)
	at org.apache.tomcat.util.threads.TaskThread$WrappingRunnable.run(TaskThread.java:63)
	at java.base/java.lang.Thread.run(Thread.java:1583)
2026-04-26 14:24:14 DEBUG o.a.coyote.http11.Http11Processor - Error state [CLOSE_CONNECTION_NOW] reported while processing request
java.io.EOFException
	at org.apache.tomcat.util.net.NioEndpoint$NioSocketWrapper.fillReadBuffer(NioEndpoint.java:1334)
	at org.apache.tomcat.util.net.NioEndpoint$NioSocketWrapper.read(NioEndpoint.java:1218)
	at org.apache.coyote.http11.Http11InputBuffer.fill(Http11InputBuffer.java:780)
	at org.apache.coyote.http11.Http11InputBuffer.parseRequestLine(Http11InputBuffer.java:345)
	at org.apache.coyote.http11.Http11Processor.service(Http11Processor.java:272)
	at org.apache.coyote.AbstractProcessorLight.process(AbstractProcessorLight.java:63)
	at org.apache.coyote.AbstractProtocol$ConnectionHandler.process(AbstractProtocol.java:903)
	at org.apache.tomcat.util.net.NioEndpoint$SocketProcessor.doRun(NioEndpoint.java:1775)
	at org.apache.tomcat.util.net.SocketProcessorBase.run(SocketProcessorBase.java:52)
	at org.apache.tomcat.util.threads.ThreadPoolExecutor.runWorker(ThreadPoolExecutor.java:973)
	at org.apache.tomcat.util.threads.ThreadPoolExecutor$Worker.run(ThreadPoolExecutor.java:491)
	at org.apache.tomcat.util.threads.TaskThread$WrappingRunnable.run(TaskThread.java:63)
	at java.base/java.lang.Thread.run(Thread.java:1583)
2026-04-26 14:32:27 DEBUG o.a.coyote.http11.Http11Processor - Error parsing HTTP request header
java.io.EOFException
	at org.apache.tomcat.util.net.NioEndpoint$NioSocketWrapper.fillReadBuffer(NioEndpoint.java:1334)
	at org.apache.tomcat.util.net.NioEndpoint$NioSocketWrapper.read(NioEndpoint.java:1218)
	at org.apache.coyote.http11.Http11InputBuffer.fill(Http11InputBuffer.java:780)
	at org.apache.coyote.http11.Http11InputBuffer.parseRequestLine(Http11InputBuffer.java:345)
	at org.apache.coyote.http11.Http11Processor.service(Http11Processor.java:272)
	at org.apache.coyote.AbstractProcessorLight.process(AbstractProcessorLight.java:63)
	at org.apache.coyote.AbstractProtocol$ConnectionHandler.process(AbstractProtocol.java:903)
	at org.apache.tomcat.util.net.NioEndpoint$SocketProcessor.doRun(NioEndpoint.java:1775)
	at org.apache.tomcat.util.net.SocketProcessorBase.run(SocketProcessorBase.java:52)
	at org.apache.tomcat.util.threads.ThreadPoolExecutor.runWorker(ThreadPoolExecutor.java:973)
	at org.apache.tomcat.util.threads.ThreadPoolExecutor$Worker.run(ThreadPoolExecutor.java:491)
	at org.apache.tomcat.util.threads.TaskThread$WrappingRunnable.run(TaskThread.java:63)
	at java.base/java.lang.Thread.run(Thread.java:1583)
2026-04-26 14:32:27 DEBUG o.a.coyote.http11.Http11Processor - Error state [CLOSE_CONNECTION_NOW] reported while processing request
java.io.EOFException
	at org.apache.tomcat.util.net.NioEndpoint$NioSocketWrapper.fillReadBuffer(NioEndpoint.java:1334)
	at org.apache.tomcat.util.net.NioEndpoint$NioSocketWrapper.read(NioEndpoint.java:1218)
	at org.apache.coyote.http11.Http11InputBuffer.fill(Http11InputBuffer.java:780)
	at org.apache.coyote.http11.Http11InputBuffer.parseRequestLine(Http11InputBuffer.java:345)
	at org.apache.coyote.http11.Http11Processor.service(Http11Processor.java:272)
	at org.apache.coyote.AbstractProcessorLight.process(AbstractProcessorLight.java:63)
	at org.apache.coyote.AbstractProtocol$ConnectionHandler.process(AbstractProtocol.java:903)
	at org.apache.tomcat.util.net.NioEndpoint$SocketProcessor.doRun(NioEndpoint.java:1775)
	at org.apache.tomcat.util.net.SocketProcessorBase.run(SocketProcessorBase.java:52)
	at org.apache.tomcat.util.threads.ThreadPoolExecutor.runWorker(ThreadPoolExecutor.java:973)
	at org.apache.tomcat.util.threads.ThreadPoolExecutor$Worker.run(ThreadPoolExecutor.java:491)
	at org.apache.tomcat.util.threads.TaskThread$WrappingRunnable.run(TaskThread.java:63)
	at java.base/java.lang.Thread.run(Thread.java:1583)
2026-04-26 14:36:04 DEBUG o.a.tomcat.util.compat.Jre22Compat - Class not found so assuming code is running on a pre-Java 22 JVM
java.lang.ClassNotFoundException: java.text.ListFormat
	at java.base/jdk.internal.loader.BuiltinClassLoader.loadClass(BuiltinClassLoader.java:641)
	at java.base/jdk.internal.loader.ClassLoaders$AppClassLoader.loadClass(ClassLoaders.java:188)
	at java.base/java.lang.ClassLoader.loadClass(ClassLoader.java:526)
	at java.base/java.lang.Class.forName0(Native Method)
	at java.base/java.lang.Class.forName(Class.java:423)
	at java.base/java.lang.Class.forName(Class.java:414)
	at org.apache.tomcat.util.compat.Jre22Compat.<clinit>(Jre22Compat.java:37)
	at org.apache.tomcat.util.compat.JreCompat.<clinit>(JreCompat.java:75)
	at org.apache.catalina.startup.Tomcat.<clinit>(Tomcat.java:1196)
	at org.springframework.boot.web.embedded.tomcat.TomcatServletWebServerFactory.getWebServer(TomcatServletWebServerFactory.java:200)
	at org.springframework.boot.web.servlet.context.ServletWebServerApplicationContext.createWebServer(ServletWebServerApplicationContext.java:193)
	at org.springframework.boot.web.servlet.context.ServletWebServerApplicationContext.onRefresh(ServletWebServerApplicationContext.java:167)
	at org.springframework.context.support.AbstractApplicationContext.refresh(AbstractApplicationContext.java:622)
	at org.springframework.boot.web.servlet.context.ServletWebServerApplicationContext.refresh(ServletWebServerApplicationContext.java:146)
	at org.springframework.boot.SpringApplication.refresh(SpringApplication.java:752)
	at org.springframework.boot.SpringApplication.refreshContext(SpringApplication.java:439)
	at org.springframework.boot.SpringApplication.run(SpringApplication.java:318)
	at org.springframework.boot.SpringApplication.run(SpringApplication.java:1361)
	at org.springframework.boot.SpringApplication.run(SpringApplication.java:1350)
	at gr.aueb.cf.eduapp.EduAppApplication.main(EduAppApplication.java:12)
2026-04-26 14:36:04 DEBUG o.apache.catalina.core.ContainerBase - Add container child [StandardHost[localhost]] to container [StandardEngine[Tomcat]]
2026-04-26 14:36:04 DEBUG o.apache.catalina.core.ContainerBase - Add container child [TomcatEmbeddedContext[]] to container [StandardEngine[Tomcat].StandardHost[localhost]]
2026-04-26 14:36:04 DEBUG o.apache.catalina.util.LifecycleBase - Setting state for [StandardServer[-1]] to [INITIALIZING]
2026-04-26 14:36:04 DEBUG o.apache.catalina.util.LifecycleBase - Setting state for [org.apache.catalina.deploy.NamingResourcesImpl@629e8212] to [INITIALIZING]
2026-04-26 14:36:04 DEBUG o.apache.catalina.util.LifecycleBase - Setting state for [org.apache.catalina.deploy.NamingResourcesImpl@629e8212] to [INITIALIZED]
2026-04-26 14:36:04 DEBUG o.apache.catalina.util.LifecycleBase - Setting state for [StandardService[Tomcat]] to [INITIALIZING]
2026-04-26 14:36:04 DEBUG o.apache.catalina.util.LifecycleBase - Setting state for [StandardEngine[Tomcat]] to [INITIALIZING]
2026-04-26 14:36:04 DEBUG o.apache.catalina.util.LifecycleBase - Setting state for [StandardEngine[Tomcat]] to [INITIALIZED]
2026-04-26 14:36:04 DEBUG o.apache.catalina.util.LifecycleBase - Setting state for [org.apache.catalina.mapper.MapperListener@4e424582] to [INITIALIZING]
2026-04-26 14:36:04 DEBUG o.apache.catalina.util.LifecycleBase - Setting state for [org.apache.catalina.mapper.MapperListener@4e424582] to [INITIALIZED]
2026-04-26 14:36:04 DEBUG o.apache.catalina.util.LifecycleBase - Setting state for [Connector["http-nio-8080"]] to [INITIALIZING]
2026-04-26 14:36:04 INFO  o.a.coyote.http11.Http11NioProtocol - Initializing ProtocolHandler ["http-nio-8080"]
2026-04-26 14:36:04 DEBUG o.apache.catalina.util.LifecycleBase - Setting state for [Connector["http-nio-8080"]] to [INITIALIZED]
2026-04-26 14:36:04 DEBUG o.apache.catalina.util.LifecycleBase - Setting state for [StandardService[Tomcat]] to [INITIALIZED]
2026-04-26 14:36:04 DEBUG o.apache.catalina.util.LifecycleBase - Setting state for [StandardServer[-1]] to [INITIALIZED]
2026-04-26 14:36:04 DEBUG o.apache.catalina.util.LifecycleBase - Setting state for [StandardServer[-1]] to [STARTING_PREP]
2026-04-26 14:36:04 DEBUG o.apache.catalina.util.LifecycleBase - Setting state for [StandardServer[-1]] to [STARTING]
2026-04-26 14:36:04 DEBUG o.apache.catalina.util.LifecycleBase - Setting state for [org.apache.catalina.deploy.NamingResourcesImpl@629e8212] to [STARTING_PREP]
2026-04-26 14:36:04 DEBUG o.apache.catalina.util.LifecycleBase - Setting state for [org.apache.catalina.deploy.NamingResourcesImpl@629e8212] to [STARTING]
2026-04-26 14:36:04 DEBUG o.apache.catalina.util.LifecycleBase - Setting state for [org.apache.catalina.deploy.NamingResourcesImpl@629e8212] to [STARTED]
2026-04-26 14:36:04 DEBUG o.apache.catalina.util.LifecycleBase - Setting state for [StandardService[Tomcat]] to [STARTING_PREP]
2026-04-26 14:36:04 INFO  o.a.catalina.core.StandardService - Starting service [Tomcat]
2026-04-26 14:36:04 DEBUG o.apache.catalina.util.LifecycleBase - Setting state for [StandardService[Tomcat]] to [STARTING]
2026-04-26 14:36:04 DEBUG o.apache.catalina.util.LifecycleBase - Setting state for [StandardEngine[Tomcat]] to [STARTING_PREP]
2026-04-26 14:36:04 INFO  o.a.catalina.core.StandardEngine - Starting Servlet engine: [Apache Tomcat/10.1.52]
2026-04-26 14:36:04 DEBUG o.apache.catalina.util.LifecycleBase - Setting state for [SimpleRealm[StandardEngine[Tomcat]]] to [INITIALIZING]
2026-04-26 14:36:04 DEBUG o.apache.catalina.util.LifecycleBase - Setting state for [SimpleRealm[StandardEngine[Tomcat]]] to [INITIALIZED]
2026-04-26 14:36:04 DEBUG o.apache.catalina.util.LifecycleBase - Setting state for [SimpleRealm[StandardEngine[Tomcat]]] to [STARTING_PREP]
2026-04-26 14:36:04 DEBUG o.apache.catalina.util.LifecycleBase - Setting state for [SimpleRealm[StandardEngine[Tomcat]]] to [STARTING]
2026-04-26 14:36:04 DEBUG o.apache.catalina.util.LifecycleBase - Setting state for [SimpleRealm[StandardEngine[Tomcat]]] to [STARTED]
2026-04-26 14:36:04 DEBUG o.apache.catalina.util.LifecycleBase - Setting state for [StandardEngine[Tomcat].StandardHost[localhost]] to [INITIALIZING]
2026-04-26 14:36:04 DEBUG o.apache.catalina.util.LifecycleBase - Setting state for [StandardEngine[Tomcat].StandardHost[localhost]] to [INITIALIZED]
2026-04-26 14:36:04 DEBUG o.apache.catalina.util.LifecycleBase - Setting state for [StandardEngine[Tomcat].StandardHost[localhost]] to [STARTING_PREP]
2026-04-26 14:36:04 DEBUG o.apache.catalina.util.LifecycleBase - Setting state for [StandardEngine[Tomcat].StandardHost[localhost].TomcatEmbeddedContext[]] to [INITIALIZING]
2026-04-26 14:36:04 DEBUG o.apache.catalina.util.LifecycleBase - Setting state for [StandardEngine[Tomcat].StandardHost[localhost].TomcatEmbeddedContext[]] to [INITIALIZED]
2026-04-26 14:36:04 DEBUG o.apache.catalina.util.LifecycleBase - Setting state for [StandardEngine[Tomcat].StandardHost[localhost].TomcatEmbeddedContext[]] to [STARTING_PREP]
2026-04-26 14:36:04 DEBUG o.apache.catalina.util.LifecycleBase - Setting state for [org.apache.catalina.webresources.StandardRoot@4fa86cb8] to [INITIALIZING]
2026-04-26 14:36:04 DEBUG o.apache.catalina.util.LifecycleBase - Setting state for [org.apache.catalina.webresources.StandardRoot@4fa86cb8] to [INITIALIZED]
2026-04-26 14:36:04 DEBUG o.apache.catalina.util.LifecycleBase - Setting state for [org.apache.catalina.webresources.StandardRoot@4fa86cb8] to [STARTING_PREP]
2026-04-26 14:36:04 DEBUG o.apache.catalina.util.LifecycleBase - Setting state for [org.apache.catalina.webresources.DirResourceSet@76973a6] to [INITIALIZING]
2026-04-26 14:36:04 DEBUG o.apache.catalina.util.LifecycleBase - Setting state for [org.apache.catalina.webresources.DirResourceSet@76973a6] to [INITIALIZED]
2026-04-26 14:36:04 DEBUG o.apache.catalina.util.LifecycleBase - Setting state for [org.apache.catalina.webresources.DirResourceSet@76973a6] to [STARTING_PREP]
2026-04-26 14:36:04 DEBUG o.apache.catalina.util.LifecycleBase - Setting state for [org.apache.catalina.webresources.DirResourceSet@76973a6] to [STARTING]
2026-04-26 14:36:04 DEBUG o.apache.catalina.util.LifecycleBase - Setting state for [org.apache.catalina.webresources.DirResourceSet@76973a6] to [STARTED]
2026-04-26 14:36:04 DEBUG o.apache.catalina.util.LifecycleBase - Setting state for [org.apache.catalina.webresources.StandardRoot@4fa86cb8] to [STARTING]
2026-04-26 14:36:04 DEBUG o.apache.catalina.util.LifecycleBase - Setting state for [org.apache.catalina.webresources.StandardRoot@4fa86cb8] to [STARTED]
2026-04-26 14:36:04 DEBUG o.apache.catalina.util.LifecycleBase - Setting state for [WebappLoader[StandardEngine[Tomcat].StandardHost[localhost].TomcatEmbeddedContext[]]] to [INITIALIZING]
2026-04-26 14:36:04 DEBUG o.apache.catalina.util.LifecycleBase - Setting state for [WebappLoader[StandardEngine[Tomcat].StandardHost[localhost].TomcatEmbeddedContext[]]] to [INITIALIZED]
2026-04-26 14:36:04 DEBUG o.apache.catalina.util.LifecycleBase - Setting state for [WebappLoader[StandardEngine[Tomcat].StandardHost[localhost].TomcatEmbeddedContext[]]] to [STARTING_PREP]
2026-04-26 14:36:04 DEBUG o.a.catalina.loader.WebappLoader - Starting this Loader
2026-04-26 14:36:04 DEBUG o.apache.catalina.webresources.Cache - Increased cache size by [531] for item [org.apache.catalina.webresources.CachedResource@62d40e31] at [/WEB-INF/classes] making total cache size [531]
2026-04-26 14:36:04 DEBUG o.apache.catalina.util.LifecycleBase - Setting state for [WebappLoader[StandardEngine[Tomcat].StandardHost[localhost].TomcatEmbeddedContext[]]] to [STARTING]
2026-04-26 14:36:04 DEBUG o.apache.catalina.util.LifecycleBase - Setting state for [WebappLoader[StandardEngine[Tomcat].StandardHost[localhost].TomcatEmbeddedContext[]]] to [STARTED]
2026-04-26 14:36:04 DEBUG o.apache.catalina.util.LifecycleBase - Setting state for [StandardPipeline[StandardEngine[Tomcat].StandardHost[localhost].TomcatEmbeddedContext[]]] to [INITIALIZING]
2026-04-26 14:36:04 DEBUG o.apache.catalina.util.LifecycleBase - Setting state for [StandardPipeline[StandardEngine[Tomcat].StandardHost[localhost].TomcatEmbeddedContext[]]] to [INITIALIZED]
2026-04-26 14:36:04 DEBUG o.apache.catalina.util.LifecycleBase - Setting state for [StandardPipeline[StandardEngine[Tomcat].StandardHost[localhost].TomcatEmbeddedContext[]]] to [STARTING_PREP]
2026-04-26 14:36:04 DEBUG o.apache.catalina.util.LifecycleBase - Setting state for [NonLoginAuthenticator[StandardEngine[Tomcat].StandardHost[localhost].TomcatEmbeddedContext[]]] to [INITIALIZING]
2026-04-26 14:36:04 DEBUG o.apache.catalina.util.LifecycleBase - Setting state for [NonLoginAuthenticator[StandardEngine[Tomcat].StandardHost[localhost].TomcatEmbeddedContext[]]] to [INITIALIZED]
2026-04-26 14:36:04 DEBUG o.apache.catalina.util.LifecycleBase - Setting state for [NonLoginAuthenticator[StandardEngine[Tomcat].StandardHost[localhost].TomcatEmbeddedContext[]]] to [STARTING_PREP]
2026-04-26 14:36:04 DEBUG o.apache.catalina.util.LifecycleBase - Setting state for [NonLoginAuthenticator[StandardEngine[Tomcat].StandardHost[localhost].TomcatEmbeddedContext[]]] to [STARTING]
2026-04-26 14:36:04 DEBUG o.apache.catalina.util.LifecycleBase - Setting state for [NonLoginAuthenticator[StandardEngine[Tomcat].StandardHost[localhost].TomcatEmbeddedContext[]]] to [STARTED]
2026-04-26 14:36:04 DEBUG o.apache.catalina.util.LifecycleBase - Setting state for [StandardContextValve[StandardEngine[Tomcat].StandardHost[localhost].TomcatEmbeddedContext[]]] to [INITIALIZING]
2026-04-26 14:36:04 DEBUG o.apache.catalina.util.LifecycleBase - Setting state for [StandardContextValve[StandardEngine[Tomcat].StandardHost[localhost].TomcatEmbeddedContext[]]] to [INITIALIZED]
2026-04-26 14:36:04 DEBUG o.apache.catalina.util.LifecycleBase - Setting state for [StandardContextValve[StandardEngine[Tomcat].StandardHost[localhost].TomcatEmbeddedContext[]]] to [STARTING_PREP]
2026-04-26 14:36:04 DEBUG o.apache.catalina.util.LifecycleBase - Setting state for [StandardContextValve[StandardEngine[Tomcat].StandardHost[localhost].TomcatEmbeddedContext[]]] to [STARTING]
2026-04-26 14:36:04 DEBUG o.apache.catalina.util.LifecycleBase - Setting state for [StandardContextValve[StandardEngine[Tomcat].StandardHost[localhost].TomcatEmbeddedContext[]]] to [STARTED]
2026-04-26 14:36:04 DEBUG o.apache.catalina.util.LifecycleBase - Setting state for [StandardPipeline[StandardEngine[Tomcat].StandardHost[localhost].TomcatEmbeddedContext[]]] to [STARTING]
2026-04-26 14:36:04 DEBUG o.apache.catalina.util.LifecycleBase - Setting state for [StandardPipeline[StandardEngine[Tomcat].StandardHost[localhost].TomcatEmbeddedContext[]]] to [STARTED]
2026-04-26 14:36:04 DEBUG o.a.catalina.core.StandardContext - No manager found. Checking if cluster manager should be used. Cluster configured: [false], Application distributable: [false]
2026-04-26 14:36:04 DEBUG o.a.catalina.core.StandardContext - Configured a manager of class [org.apache.catalina.session.StandardManager]
2026-04-26 14:36:04 DEBUG o.apache.catalina.util.LifecycleBase - Setting state for [org.apache.catalina.deploy.NamingResourcesImpl@195113de] to [INITIALIZING]
2026-04-26 14:36:04 DEBUG o.apache.catalina.util.LifecycleBase - Setting state for [org.apache.catalina.deploy.NamingResourcesImpl@195113de] to [INITIALIZED]
2026-04-26 14:36:04 DEBUG o.apache.catalina.util.LifecycleBase - Setting state for [org.apache.catalina.deploy.NamingResourcesImpl@195113de] to [STARTING_PREP]
2026-04-26 14:36:04 DEBUG o.apache.catalina.util.LifecycleBase - Setting state for [org.apache.catalina.deploy.NamingResourcesImpl@195113de] to [STARTING]
2026-04-26 14:36:04 DEBUG o.apache.catalina.util.LifecycleBase - Setting state for [org.apache.catalina.deploy.NamingResourcesImpl@195113de] to [STARTED]
2026-04-26 14:36:04 INFO  o.a.c.c.C.[Tomcat].[localhost].[/] - Initializing Spring embedded WebApplicationContext
2026-04-26 14:36:06 DEBUG o.apache.catalina.webresources.Cache - Increased cache size by [573] for item [org.apache.catalina.webresources.CachedResource@6f112f70] at [/WEB-INF/classes/hibernate.properties] making total cache size [1104]
2026-04-26 14:36:07 DEBUG o.apache.catalina.webresources.Cache - Increased cache size by [579] for item [org.apache.catalina.webresources.CachedResource@4d91d2da] at [/WEB-INF/classes/META-INF/validation.xml] making total cache size [1683]
2026-04-26 14:36:10 DEBUG o.apache.catalina.core.ContainerBase - Add container child [StandardWrapper[dispatcherServlet]] to container [StandardEngine[Tomcat].StandardHost[localhost].TomcatEmbeddedContext[]]
2026-04-26 14:36:10 DEBUG o.apache.catalina.util.LifecycleBase - Setting state for [StandardEngine[Tomcat].StandardHost[localhost].TomcatEmbeddedContext[].StandardWrapper[dispatcherServlet]] to [INITIALIZING]
2026-04-26 14:36:10 DEBUG o.apache.catalina.util.LifecycleBase - Setting state for [StandardEngine[Tomcat].StandardHost[localhost].TomcatEmbeddedContext[].StandardWrapper[dispatcherServlet]] to [INITIALIZED]
2026-04-26 14:36:10 DEBUG o.apache.catalina.util.LifecycleBase - Setting state for [StandardEngine[Tomcat].StandardHost[localhost].TomcatEmbeddedContext[].StandardWrapper[dispatcherServlet]] to [STARTING_PREP]
2026-04-26 14:36:10 DEBUG o.apache.catalina.util.LifecycleBase - Setting state for [StandardPipeline[StandardEngine[Tomcat].StandardHost[localhost].TomcatEmbeddedContext[].StandardWrapper[dispatcherServlet]]] to [INITIALIZING]
2026-04-26 14:36:10 DEBUG o.apache.catalina.util.LifecycleBase - Setting state for [StandardPipeline[StandardEngine[Tomcat].StandardHost[localhost].TomcatEmbeddedContext[].StandardWrapper[dispatcherServlet]]] to [INITIALIZED]
2026-04-26 14:36:10 DEBUG o.apache.catalina.util.LifecycleBase - Setting state for [StandardPipeline[StandardEngine[Tomcat].StandardHost[localhost].TomcatEmbeddedContext[].StandardWrapper[dispatcherServlet]]] to [STARTING_PREP]
2026-04-26 14:36:10 DEBUG o.apache.catalina.util.LifecycleBase - Setting state for [StandardWrapperValve[StandardEngine[Tomcat].StandardHost[localhost].TomcatEmbeddedContext[].StandardWrapper[dispatcherServlet]]] to [INITIALIZING]
2026-04-26 14:36:10 DEBUG o.apache.catalina.util.LifecycleBase - Setting state for [StandardWrapperValve[StandardEngine[Tomcat].StandardHost[localhost].TomcatEmbeddedContext[].StandardWrapper[dispatcherServlet]]] to [INITIALIZED]
2026-04-26 14:36:10 DEBUG o.apache.catalina.util.LifecycleBase - Setting state for [StandardWrapperValve[StandardEngine[Tomcat].StandardHost[localhost].TomcatEmbeddedContext[].StandardWrapper[dispatcherServlet]]] to [STARTING_PREP]
2026-04-26 14:36:10 DEBUG o.apache.catalina.util.LifecycleBase - Setting state for [StandardWrapperValve[StandardEngine[Tomcat].StandardHost[localhost].TomcatEmbeddedContext[].StandardWrapper[dispatcherServlet]]] to [STARTING]
2026-04-26 14:36:10 DEBUG o.apache.catalina.util.LifecycleBase - Setting state for [StandardWrapperValve[StandardEngine[Tomcat].StandardHost[localhost].TomcatEmbeddedContext[].StandardWrapper[dispatcherServlet]]] to [STARTED]
2026-04-26 14:36:10 DEBUG o.apache.catalina.util.LifecycleBase - Setting state for [StandardPipeline[StandardEngine[Tomcat].StandardHost[localhost].TomcatEmbeddedContext[].StandardWrapper[dispatcherServlet]]] to [STARTING]
2026-04-26 14:36:10 DEBUG o.apache.catalina.util.LifecycleBase - Setting state for [StandardPipeline[StandardEngine[Tomcat].StandardHost[localhost].TomcatEmbeddedContext[].StandardWrapper[dispatcherServlet]]] to [STARTED]
2026-04-26 14:36:10 DEBUG o.apache.catalina.util.LifecycleBase - Setting state for [StandardEngine[Tomcat].StandardHost[localhost].TomcatEmbeddedContext[].StandardWrapper[dispatcherServlet]] to [STARTING]
2026-04-26 14:36:10 DEBUG o.apache.catalina.util.LifecycleBase - Setting state for [StandardEngine[Tomcat].StandardHost[localhost].TomcatEmbeddedContext[].StandardWrapper[dispatcherServlet]] to [STARTED]
2026-04-26 14:36:10 DEBUG o.apache.catalina.util.LifecycleBase - Setting state for [StandardManager[StandardEngine[Tomcat].StandardHost[localhost].TomcatEmbeddedContext[]]] to [INITIALIZING]
2026-04-26 14:36:10 DEBUG o.apache.catalina.util.LifecycleBase - Setting state for [StandardManager[StandardEngine[Tomcat].StandardHost[localhost].TomcatEmbeddedContext[]]] to [INITIALIZED]
2026-04-26 14:36:10 DEBUG o.apache.catalina.util.LifecycleBase - Setting state for [StandardManager[StandardEngine[Tomcat].StandardHost[localhost].TomcatEmbeddedContext[]]] to [STARTING_PREP]
2026-04-26 14:36:10 DEBUG o.apache.catalina.util.LifecycleBase - Setting state for [org.springframework.boot.web.embedded.tomcat.LazySessionIdGenerator@17fbbf0a] to [INITIALIZING]
2026-04-26 14:36:10 DEBUG o.apache.catalina.util.LifecycleBase - Setting state for [org.springframework.boot.web.embedded.tomcat.LazySessionIdGenerator@17fbbf0a] to [INITIALIZED]
2026-04-26 14:36:10 DEBUG o.apache.catalina.util.LifecycleBase - Setting state for [org.springframework.boot.web.embedded.tomcat.LazySessionIdGenerator@17fbbf0a] to [STARTING_PREP]
2026-04-26 14:36:10 DEBUG o.apache.catalina.util.LifecycleBase - Setting state for [org.springframework.boot.web.embedded.tomcat.LazySessionIdGenerator@17fbbf0a] to [STARTING]
2026-04-26 14:36:10 DEBUG o.apache.catalina.util.LifecycleBase - Setting state for [org.springframework.boot.web.embedded.tomcat.LazySessionIdGenerator@17fbbf0a] to [STARTED]
2026-04-26 14:36:10 DEBUG o.apache.catalina.util.LifecycleBase - Setting state for [StandardManager[StandardEngine[Tomcat].StandardHost[localhost].TomcatEmbeddedContext[]]] to [STARTING]
2026-04-26 14:36:10 DEBUG o.apache.catalina.util.LifecycleBase - Setting state for [StandardManager[StandardEngine[Tomcat].StandardHost[localhost].TomcatEmbeddedContext[]]] to [STARTED]
2026-04-26 14:36:10 DEBUG o.apache.catalina.util.LifecycleBase - Setting state for [StandardEngine[Tomcat].StandardHost[localhost].TomcatEmbeddedContext[]] to [STARTING]
2026-04-26 14:36:10 DEBUG o.apache.catalina.util.LifecycleBase - Setting state for [StandardEngine[Tomcat].StandardHost[localhost].TomcatEmbeddedContext[]] to [STARTED]
2026-04-26 14:36:10 DEBUG o.apache.catalina.util.LifecycleBase - Setting state for [StandardPipeline[StandardEngine[Tomcat].StandardHost[localhost]]] to [INITIALIZING]
2026-04-26 14:36:10 DEBUG o.apache.catalina.util.LifecycleBase - Setting state for [StandardPipeline[StandardEngine[Tomcat].StandardHost[localhost]]] to [INITIALIZED]
2026-04-26 14:36:10 DEBUG o.apache.catalina.util.LifecycleBase - Setting state for [StandardPipeline[StandardEngine[Tomcat].StandardHost[localhost]]] to [STARTING_PREP]
2026-04-26 14:36:10 DEBUG o.apache.catalina.util.LifecycleBase - Setting state for [ErrorReportValve[StandardEngine[Tomcat].StandardHost[localhost]]] to [INITIALIZING]
2026-04-26 14:36:10 DEBUG o.apache.catalina.util.LifecycleBase - Setting state for [ErrorReportValve[StandardEngine[Tomcat].StandardHost[localhost]]] to [INITIALIZED]
2026-04-26 14:36:10 DEBUG o.apache.catalina.util.LifecycleBase - Setting state for [ErrorReportValve[StandardEngine[Tomcat].StandardHost[localhost]]] to [STARTING_PREP]
2026-04-26 14:36:10 DEBUG o.apache.catalina.util.LifecycleBase - Setting state for [ErrorReportValve[StandardEngine[Tomcat].StandardHost[localhost]]] to [STARTING]
2026-04-26 14:36:10 DEBUG o.apache.catalina.util.LifecycleBase - Setting state for [ErrorReportValve[StandardEngine[Tomcat].StandardHost[localhost]]] to [STARTED]
2026-04-26 14:36:10 DEBUG o.apache.catalina.util.LifecycleBase - Setting state for [StandardHostValve[StandardEngine[Tomcat].StandardHost[localhost]]] to [INITIALIZING]
2026-04-26 14:36:10 DEBUG o.apache.catalina.util.LifecycleBase - Setting state for [StandardHostValve[StandardEngine[Tomcat].StandardHost[localhost]]] to [INITIALIZED]
2026-04-26 14:36:10 DEBUG o.apache.catalina.util.LifecycleBase - Setting state for [StandardHostValve[StandardEngine[Tomcat].StandardHost[localhost]]] to [STARTING_PREP]
2026-04-26 14:36:10 DEBUG o.apache.catalina.util.LifecycleBase - Setting state for [StandardHostValve[StandardEngine[Tomcat].StandardHost[localhost]]] to [STARTING]
2026-04-26 14:36:10 DEBUG o.apache.catalina.util.LifecycleBase - Setting state for [StandardHostValve[StandardEngine[Tomcat].StandardHost[localhost]]] to [STARTED]
2026-04-26 14:36:10 DEBUG o.apache.catalina.util.LifecycleBase - Setting state for [StandardPipeline[StandardEngine[Tomcat].StandardHost[localhost]]] to [STARTING]
2026-04-26 14:36:10 DEBUG o.apache.catalina.util.LifecycleBase - Setting state for [StandardPipeline[StandardEngine[Tomcat].StandardHost[localhost]]] to [STARTED]
2026-04-26 14:36:10 DEBUG o.apache.catalina.util.LifecycleBase - Setting state for [StandardEngine[Tomcat].StandardHost[localhost]] to [STARTING]
2026-04-26 14:36:10 DEBUG o.apache.catalina.util.LifecycleBase - Setting state for [StandardEngine[Tomcat].StandardHost[localhost]] to [STARTED]
2026-04-26 14:36:10 DEBUG o.apache.catalina.util.LifecycleBase - Setting state for [StandardPipeline[StandardEngine[Tomcat]]] to [INITIALIZING]
2026-04-26 14:36:10 DEBUG o.apache.catalina.util.LifecycleBase - Setting state for [StandardPipeline[StandardEngine[Tomcat]]] to [INITIALIZED]
2026-04-26 14:36:10 DEBUG o.apache.catalina.util.LifecycleBase - Setting state for [StandardPipeline[StandardEngine[Tomcat]]] to [STARTING_PREP]
2026-04-26 14:36:10 DEBUG o.apache.catalina.util.LifecycleBase - Setting state for [StandardEngineValve[StandardEngine[Tomcat]]] to [INITIALIZING]
2026-04-26 14:36:10 DEBUG o.apache.catalina.util.LifecycleBase - Setting state for [StandardEngineValve[StandardEngine[Tomcat]]] to [INITIALIZED]
2026-04-26 14:36:10 DEBUG o.apache.catalina.util.LifecycleBase - Setting state for [StandardEngineValve[StandardEngine[Tomcat]]] to [STARTING_PREP]
2026-04-26 14:36:10 DEBUG o.apache.catalina.util.LifecycleBase - Setting state for [StandardEngineValve[StandardEngine[Tomcat]]] to [STARTING]
2026-04-26 14:36:10 DEBUG o.apache.catalina.util.LifecycleBase - Setting state for [StandardEngineValve[StandardEngine[Tomcat]]] to [STARTED]
2026-04-26 14:36:10 DEBUG o.apache.catalina.util.LifecycleBase - Setting state for [StandardPipeline[StandardEngine[Tomcat]]] to [STARTING]
2026-04-26 14:36:10 DEBUG o.apache.catalina.util.LifecycleBase - Setting state for [StandardPipeline[StandardEngine[Tomcat]]] to [STARTED]
2026-04-26 14:36:10 DEBUG o.apache.catalina.util.LifecycleBase - Setting state for [StandardEngine[Tomcat]] to [STARTING]
2026-04-26 14:36:10 DEBUG o.apache.catalina.util.LifecycleBase - Setting state for [StandardEngine[Tomcat]] to [STARTED]
2026-04-26 14:36:10 DEBUG o.apache.catalina.util.LifecycleBase - Setting state for [org.apache.catalina.mapper.MapperListener@4e424582] to [STARTING_PREP]
2026-04-26 14:36:10 DEBUG o.apache.catalina.util.LifecycleBase - Setting state for [org.apache.catalina.mapper.MapperListener@4e424582] to [STARTING]
2026-04-26 14:36:10 DEBUG org.apache.catalina.mapper.Mapper - Registered host [localhost]
2026-04-26 14:36:10 DEBUG o.a.catalina.mapper.MapperListener - Register Wrapper [dispatcherServlet] in Context [] for service [StandardService[Tomcat]]
2026-04-26 14:36:10 DEBUG o.a.catalina.mapper.MapperListener - Register Context [] for service [StandardService[Tomcat]]
2026-04-26 14:36:10 DEBUG o.a.catalina.mapper.MapperListener - Register host [localhost] at domain [null] for service [StandardService[Tomcat]]
2026-04-26 14:36:10 DEBUG o.apache.catalina.util.LifecycleBase - Setting state for [org.apache.catalina.mapper.MapperListener@4e424582] to [STARTED]
2026-04-26 14:36:10 DEBUG o.apache.catalina.util.LifecycleBase - Setting state for [StandardService[Tomcat]] to [STARTED]
2026-04-26 14:36:10 DEBUG o.apache.catalina.util.LifecycleBase - Setting state for [StandardServer[-1]] to [STARTED]
2026-04-26 14:36:10 DEBUG o.apache.catalina.webresources.Cache - Increased cache size by [521] for item [org.apache.catalina.webresources.CachedResource@6019ce4b] at [/index.html] making total cache size [2204]
2026-04-26 14:36:10 DEBUG o.apache.catalina.webresources.Cache - Increased cache size by [501] for item [org.apache.catalina.webresources.CachedResource@1c8746a0] at [/] making total cache size [2705]
2026-04-26 14:36:11 DEBUG o.apache.catalina.util.LifecycleBase - Setting state for [Connector["http-nio-8080"]] to [STARTING_PREP]
2026-04-26 14:36:11 DEBUG o.apache.catalina.util.LifecycleBase - Setting state for [Connector["http-nio-8080"]] to [STARTING]
2026-04-26 14:36:11 INFO  o.a.coyote.http11.Http11NioProtocol - Starting ProtocolHandler ["http-nio-8080"]
2026-04-26 14:36:11 DEBUG o.apache.catalina.util.LifecycleBase - Setting state for [Connector["http-nio-8080"]] to [STARTED]
2026-04-26 14:36:16 DEBUG o.a.coyote.http11.Http11Processor - Error parsing HTTP request header
java.io.EOFException
	at org.apache.tomcat.util.net.NioEndpoint$NioSocketWrapper.fillReadBuffer(NioEndpoint.java:1334)
	at org.apache.tomcat.util.net.NioEndpoint$NioSocketWrapper.read(NioEndpoint.java:1218)
	at org.apache.coyote.http11.Http11InputBuffer.fill(Http11InputBuffer.java:780)
	at org.apache.coyote.http11.Http11InputBuffer.parseRequestLine(Http11InputBuffer.java:345)
	at org.apache.coyote.http11.Http11Processor.service(Http11Processor.java:272)
	at org.apache.coyote.AbstractProcessorLight.process(AbstractProcessorLight.java:63)
	at org.apache.coyote.AbstractProtocol$ConnectionHandler.process(AbstractProtocol.java:903)
	at org.apache.tomcat.util.net.NioEndpoint$SocketProcessor.doRun(NioEndpoint.java:1775)
	at org.apache.tomcat.util.net.SocketProcessorBase.run(SocketProcessorBase.java:52)
	at org.apache.tomcat.util.threads.ThreadPoolExecutor.runWorker(ThreadPoolExecutor.java:973)
	at org.apache.tomcat.util.threads.ThreadPoolExecutor$Worker.run(ThreadPoolExecutor.java:491)
	at org.apache.tomcat.util.threads.TaskThread$WrappingRunnable.run(TaskThread.java:63)
	at java.base/java.lang.Thread.run(Thread.java:1583)
2026-04-26 14:36:16 DEBUG o.a.coyote.http11.Http11Processor - Error state [CLOSE_CONNECTION_NOW] reported while processing request
java.io.EOFException
	at org.apache.tomcat.util.net.NioEndpoint$NioSocketWrapper.fillReadBuffer(NioEndpoint.java:1334)
	at org.apache.tomcat.util.net.NioEndpoint$NioSocketWrapper.read(NioEndpoint.java:1218)
	at org.apache.coyote.http11.Http11InputBuffer.fill(Http11InputBuffer.java:780)
	at org.apache.coyote.http11.Http11InputBuffer.parseRequestLine(Http11InputBuffer.java:345)
	at org.apache.coyote.http11.Http11Processor.service(Http11Processor.java:272)
	at org.apache.coyote.AbstractProcessorLight.process(AbstractProcessorLight.java:63)
	at org.apache.coyote.AbstractProtocol$ConnectionHandler.process(AbstractProtocol.java:903)
	at org.apache.tomcat.util.net.NioEndpoint$SocketProcessor.doRun(NioEndpoint.java:1775)
	at org.apache.tomcat.util.net.SocketProcessorBase.run(SocketProcessorBase.java:52)
	at org.apache.tomcat.util.threads.ThreadPoolExecutor.runWorker(ThreadPoolExecutor.java:973)
	at org.apache.tomcat.util.threads.ThreadPoolExecutor$Worker.run(ThreadPoolExecutor.java:491)
	at org.apache.tomcat.util.threads.TaskThread$WrappingRunnable.run(TaskThread.java:63)
	at java.base/java.lang.Thread.run(Thread.java:1583)
2026-04-26 14:36:16 DEBUG o.a.c.a.jaspic.AuthConfigFactoryImpl - Loading persistent provider registrations from [C:\Users\CyberPirate\AppData\Local\Temp\tomcat.8080.9662883625487299925\conf\jaspic-providers.xml]
2026-04-26 14:36:16 INFO  o.a.c.c.C.[Tomcat].[localhost].[/] - Initializing Spring DispatcherServlet 'dispatcherServlet'
